patient_id,age,gender,neighborhood,income_bracket,has_hypertension,has_diabetes,has_alcoholism,disability_level,insurance_type,registration_date
P000001,47,F,Allama Iqbal Town,Medium,0,0,0,0,None,2021-08-26
P000002,23,M,Garden Town,Medium,0,1,0,2,Private,2024-03-07
P000003,56,F,Township,Low,1,1,0,0,Private,2021-01-02
P000004,59,F,Garden Town,Medium,1,0,0,0,Government,2020-09-12
P000005,7,F,Johar Town,Medium,0,0,0,0,None,2023-02-11
P000006,19,F,Iqbal Town,Low,0,1,0,0,None,2020-07-02
P000007,44,M,Township Colony,Low,0,0,0,0,None,2022-04-25
P000008,36,F,Model Town,,0,0,0,3,Government,2022-03-09
P000009,42,M,Garden Town,High,0,0,0,0,None,2022-02-04
P000010,27,F,Iqbal Town,Medium,0,0,0,0,None,2024-06-11
P000011,58,F,Wapda Town,Medium,0,0,0,4,Private,2021-04-10
P000012,56,F,Bahria Town,High,1,1,0,0,,2023-03-02
P000013,43,F,Garden Town,Medium,1,0,0,0,Private,2021-06-22
P000014,62,M,Garden Town,,1,0,0,1,None,2020-02-07
P000015,50,M,Samanabad,Medium,1,1,0,0,None,2021-03-02
P000016,27,,Township,High,0,0,0,2,Private,2021-05-26
P000017,49,M,Garden Town,Medium,0,1,0,0,None,2020-01-17
P000018,25,M,Allama Iqbal Town,,0,0,0,0,None,2022-06-23
P000019,58,M,Allama Iqbal Town,High,0,0,0,0,Government,2024-12-19
P000020,41,F,Garden Town,Medium,0,0,0,0,Government,2021-03-25
P000021,39,F,Iqbal Town,Medium,0,0,0,0,Private,2022-05-01
P000022,30,M,Askari,High,1,0,0,1,None,2020-02-26
P000023,64,M,Askari,,0,0,0,0,Government,2020-10-23
P000024,39,F,Township Colony,Medium,0,0,0,0,None,2023-11-13
P000025,34,M,Faisal Town,,0,0,0,0,Government,2019-12-07
P000026,36,F,Township,,0,0,0,0,None,2023-02-18
P000027,52,M,Allama Iqbal Town,Medium,0,0,0,0,None,2024-09-15
P000028,49,F,Samanabad,,0,0,0,0,Government,2023-09-17
P000029,200,M,Cantt,High,0,1,0,0,None,2023-08-03
P000030,50,F,Gulberg,High,0,0,0,0,,2019-12-22
P000031,81,F,Allama Iqbal Town,Medium,0,0,0,0,Government,2019-06-19
P000032,35,M,Allama Iqbal Town,Medium,1,0,0,0,Government,2019-12-02
P000033,33,F,Green Town,,0,0,0,1,None,2023-12-12
P000034,27,M,Askari,Low,0,0,0,1,None,2019-07-29
P000035,53,M,Askari,Medium,0,0,0,0,Private,2019-10-31
P000036,62,F,Bahria Town,,0,1,0,0,Government,2022-12-06
P000037,40,F,Wapda Town,High,1,1,0,2,Government,2019-05-11
P000038,27,M,Gulberg,Medium,0,1,0,0,Private,2024-05-30
P000039,27,M,Askari,Medium,1,0,0,0,None,2023-02-19
P000040,54,M,Allama Iqbal Town,Low,1,0,0,0,None,2024-02-13
P000041,55,F,Township Sector,Medium,0,0,0,0,None,2023-02-20
P000042,52,M,Shalimar,Medium,1,0,0,0,,2020-07-21
P000043,30,F,Valencia,High,1,0,0,0,Government,2022-10-02
P000044,46,M,Shalimar,High,1,0,0,0,Private,2021-01-07
P000045,44,F,Township Sector,Medium,0,0,0,3,Government,2024-08-31
P000046,46,F,Cantt,Medium,0,0,0,0,None,2021-11-17
P000047,58,M,Samanabad,,0,1,0,0,None,2022-08-25
P000048,46,M,Samanabad,Low,0,0,0,0,None,2019-02-12
P000049,54,F,Garden Town,Medium,0,1,0,0,Private,2019-11-14
P000050,43,M,Garden Town,Medium,0,0,0,0,None,2023-01-12
P000051,47,F,Township Sector,Low,0,0,0,0,Private,2024-08-10
P000052,53,F,Bahria Town,Low,1,1,0,0,Government,2020-04-21
P000053,16,F,Township,Medium,0,0,0,0,None,2024-09-09
P000054,36,F,Askari,Low,1,1,0,0,Government,2023-11-19
P000055,34,F,Samanabad,Medium,0,0,0,1,None,2023-03-26
P000056,31,F,Askari,Medium,0,1,0,0,Private,2022-02-04
P000057,37,F,Model Town,High,1,0,0,0,Private,2019-01-07
P000058,69,M,Valencia,,0,0,0,0,Private,2019-12-06
P000059,26,M,Askari,Low,0,0,0,0,None,2019-09-04
P000060,59,,Cantt,Low,1,1,0,0,None,2023-06-30
P000061,12,F,EME Society,Low,1,0,0,0,Government,2020-08-16
P000062,36,M,Cantt,Medium,1,0,0,0,None,2023-11-06
P000063,45,F,Model Town,Medium,0,1,0,1,Government,2023-06-23
P000064,53,M,Township Colony,,0,0,0,0,Private,2024-02-16
P000065,55,M,Faisal Town,High,0,0,0,0,,2024-03-22
P000066,56,F,EME Society,Medium,0,1,0,0,Government,2019-08-20
P000067,36,F,Askari,Low,1,0,0,0,Government,2022-12-24
P000068,34,M,Bahria Town,Low,0,0,0,0,None,2021-10-26
P000069,57,M,Faisal Town,High,1,0,0,0,Government,2023-08-14
P000070,39,M,Green Town,Medium,0,0,0,1,Private,2019-04-24
P000071,19,M,Green Town,High,0,0,0,0,Government,2021-08-24
P000072,22,M,Johar Town,Low,0,0,0,0,Private,2024-09-29
P000073,25,F,Township Colony,Medium,0,0,0,0,None,2019-01-20
P000074,51,M,EME Society,Low,0,0,0,0,,2021-10-19
P000075,45,F,,Low,1,1,0,0,None,2020-10-30
P000076,54,F,Model Town,Medium,0,1,0,0,Private,2023-07-30
P000077,34,F,Garden Town,,0,0,0,0,Government,2021-06-30
P000078,45,M,Cantt,Low,0,1,0,0,Private,2020-07-01
P000079,53,M,Johar Town,Low,1,0,0,0,None,2022-07-07
P000080,36,F,Township Colony,,0,0,0,0,None,2020-04-05
P000081,50,F,Samanabad,Low,0,1,0,0,Private,2022-01-24
P000082,30,F,Defence,,0,0,0,0,Government,2021-11-20
P000083,35,M,,Low,1,0,0,0,Private,2024-12-18
P000084,35,M,Valencia,Low,1,0,0,0,None,2022-08-24
P000085,20,F,Cantt,,1,0,0,0,None,2024-07-08
P000086,51,F,Wapda Town,Low,0,0,0,1,Private,2020-08-20
P000087,34,M,Johar Town,Medium,0,0,0,0,None,2019-04-03
P000088,42,F,,Medium,0,0,0,0,Government,2021-02-01
P000089,51,F,Township Colony,Low,0,0,0,0,None,2021-09-14
P000090,50,F,Township Colony,Medium,0,0,0,0,Government,2021-06-28
P000091,54,F,Defence,Low,0,0,0,0,Government,2019-01-14
P000092,40,F,Askari,High,0,0,0,0,,2019-01-22
P000093,34,M,Shalimar,Medium,0,0,1,0,None,2022-04-26
P000094,41,F,EME Society,Medium,0,0,0,0,None,2020-06-10
P000095,12,F,Garden Town,Medium,1,0,0,0,Government,2021-02-21
P000096,16,M,,Medium,0,0,0,0,Private,2023-08-21
P000097,18,M,Johar Town,Medium,0,0,0,0,None,2021-04-21
P000098,24,F,Gulberg,Low,0,1,0,0,None,2023-11-16
P000099,49,F,Wapda Town,Low,0,0,0,0,Private,2021-12-14
P000100,26,M,Iqbal Town,Low,0,0,0,0,None,2023-06-01
P000101,35,F,Township Sector,,1,1,0,2,Government,2020-09-19
P000102,65,M,Township,,0,0,0,0,None,2019-11-02
P000103,36,F,Cantt,,0,0,0,0,None,2020-07-23
P000104,55,F,Askari,High,1,0,0,0,None,2019-11-07
P000105,25,F,Township Colony,Low,0,0,0,0,Government,2021-11-06
P000106,38,M,Defence,High,0,0,0,0,Government,2020-11-11
P000107,25,F,Garden Town,Medium,0,0,0,0,Government,2020-08-03
P000108,36,F,Faisal Town,,0,0,0,0,Government,2020-04-13
P000109,57,F,Gulberg,High,0,0,0,0,None,2021-06-12
P000110,11,M,Valencia,Medium,0,0,0,0,Government,2019-02-19
P000111,50,F,Green Town,Medium,0,0,1,0,Government,2021-04-10
P000112,46,M,Model Town,Low,1,1,0,0,,2020-04-29
P000113,31,M,Township Sector,Low,0,1,0,0,Private,2022-03-18
P000114,16,F,Allama Iqbal Town,High,0,0,0,0,Private,2021-11-28
P000115,43,M,Allama Iqbal Town,Low,1,0,0,0,Government,2021-09-28
P000116,32,M,Wapda Town,Low,0,0,0,0,None,2022-08-24
P000117,46,F,Township,Low,0,1,0,0,None,2019-05-04
P000118,42,F,Defence,Medium,0,1,0,0,Private,2019-07-16
P000119,71,F,Gulberg,Medium,1,1,0,0,Government,2021-11-16
P000120,38,F,Model Town,High,1,0,0,0,None,2021-04-02
P000121,24,F,Askari,Medium,0,0,0,0,,2020-10-16
P000122,45,M,Johar Town,High,0,1,1,0,Government,2021-04-04
P000123,46,M,Shalimar,Medium,0,0,0,0,,2020-06-20
P000124,66,F,Samanabad,Medium,0,0,0,0,Government,2019-10-19
P000125,57,F,Township,Low,0,0,0,0,Government,2020-05-09
P000126,48,F,Defence,Low,0,0,0,0,Private,2024-09-06
P000127,68,F,Askari,,0,1,0,1,Private,2019-09-14
P000128,21,F,Valencia,Medium,0,0,0,0,Private,2024-12-16
P000129,30,M,Faisal Town,Medium,0,0,0,0,Private,2023-01-18
P000130,25,M,Valencia,High,0,0,0,0,Government,2019-09-05
P000131,35,F,Iqbal Town,Medium,0,0,0,0,Government,2023-10-03
P000132,17,M,Defence,Low,1,0,0,0,Government,2020-08-21
P000133,53,M,Samanabad,Medium,1,0,1,0,Private,2021-12-04
P000134,38,M,EME Society,Medium,1,0,0,0,Government,2019-01-26
P000135,16,F,EME Society,Medium,0,0,1,0,None,2019-02-08
P000136,24,F,Township Colony,Low,0,0,0,0,None,2023-09-25
P000137,48,M,Johar Town,Low,0,1,0,0,None,2022-07-11
P000138,57,F,Gulberg,Medium,1,0,0,0,None,2021-07-06
P000139,78,M,Garden Town,Low,1,0,0,0,Private,2024-08-17
P000140,94,F,Township Colony,Low,0,1,0,0,None,2024-11-19
P000141,49,M,Township Colony,Medium,0,0,0,0,None,2024-10-16
P000142,24,M,Iqbal Town,Medium,0,0,0,0,Private,2021-12-20
P000143,4,F,Faisal Town,Low,0,0,0,0,Private,2023-12-20
P000144,47,F,Shalimar,Medium,0,0,0,0,Government,2019-05-30
P000145,27,M,Green Town,Low,0,0,0,0,None,2023-05-20
P000146,35,F,Model Town,Medium,0,0,0,0,Private,2023-12-03
P000147,31,M,Township Colony,Medium,0,0,0,0,Government,2019-01-07
P000148,39,M,Valencia,High,0,0,0,0,None,2023-09-13
P000149,61,F,Defence,Low,1,0,0,0,None,2024-04-26
P000150,45,M,Valencia,High,0,0,0,0,None,2020-03-16
P000151,39,F,Samanabad,High,0,0,0,0,Private,2024-07-09
P000152,23,M,Township Colony,Medium,0,0,0,2,Government,2020-02-02
P000153,12,F,Bahria Town,High,0,0,0,0,,2024-09-01
P000154,33,F,Township Colony,Low,0,1,1,0,None,2024-08-06
P000155,41,F,Gulberg,Low,0,0,0,1,Private,2021-12-05
P000156,74,M,Defence,High,0,1,0,1,None,2024-12-20
P000157,44,M,Cantt,Medium,0,0,0,0,Government,2022-03-03
P000158,60,M,Shalimar,Low,0,0,0,0,,2023-04-18
P000159,33,F,Model Town,Low,0,0,0,4,Private,2021-09-16
P000160,21,F,Iqbal Town,Low,0,0,0,0,None,2020-01-10
P000161,25,M,Faisal Town,Low,0,0,0,0,Private,2020-11-20
P000162,29,,Johar Town,Low,0,0,0,0,Government,2020-03-09
P000163,80,F,Model Town,High,0,0,0,0,Government,2020-03-03
P000164,27,M,Johar Town,,0,0,0,3,None,2022-12-30
P000165,57,F,Township Colony,Medium,1,0,0,0,None,2019-05-25
P000166,26,F,Green Town,Low,0,0,0,0,None,2019-07-07
P000167,59,M,Samanabad,Low,0,1,0,0,Private,2024-07-27
P000168,49,F,Shalimar,High,0,1,0,0,,2020-03-12
P000169,39,F,Johar Town,Low,0,1,0,0,None,2022-07-21
P000170,41,F,Defence,Low,1,1,0,0,Government,2019-01-19
P000171,30,M,Faisal Town,,0,0,0,0,Government,2023-06-24
P000172,50,F,Township Colony,Low,1,0,0,0,Private,2022-03-30
P000173,34,M,Wapda Town,Low,1,0,0,0,Private,2019-02-23
P000174,20,F,Valencia,High,0,1,0,0,Private,2022-09-11
P000175,19,F,Faisal Town,Medium,0,0,0,0,Private,2019-12-20
P000176,45,F,Township,Medium,0,0,0,1,None,2024-10-23
P000177,70,F,Valencia,Low,1,1,0,0,None,2022-01-08
P000178,45,F,Wapda Town,Low,0,0,0,0,None,2019-07-29
P000179,40,F,Allama Iqbal Town,Medium,0,0,0,0,Private,2021-11-09
P000180,47,M,Allama Iqbal Town,Medium,0,0,0,0,Government,2024-06-29
P000181,66,M,Allama Iqbal Town,Low,0,0,0,0,Government,2023-10-16
P000182,46,M,Shalimar,High,0,0,0,0,None,2020-10-30
P000183,35,M,Valencia,Medium,0,1,0,1,Government,2022-02-04
P000184,62,F,Wapda Town,Medium,0,0,1,0,None,2024-04-14
P000185,50,F,Township,Medium,0,1,0,0,Private,2021-05-14
P000186,70,F,Askari,Medium,1,0,0,0,None,2023-01-24
P000187,45,M,Township,Medium,1,0,0,0,Private,2021-11-01
P000188,20,F,Gulberg,Low,0,0,0,0,Government,2020-12-23
P000189,17,F,Faisal Town,High,0,0,0,2,None,2019-11-07
P000190,72,F,Askari,Medium,0,1,0,0,Private,2024-04-20
P000191,73,F,Askari,,1,0,0,0,Private,2022-04-04
P000192,39,M,Township,High,0,0,0,0,None,2022-07-29
P000193,35,M,Allama Iqbal Town,Low,0,0,0,0,Private,2019-03-01
P000194,68,F,Iqbal Town,Medium,1,1,1,0,None,2022-12-02
P000195,22,M,Samanabad,Medium,0,0,0,0,None,2020-03-27
P000196,26,M,Iqbal Town,Medium,1,0,0,0,None,2024-05-06
P000197,54,F,Township Colony,Medium,0,0,0,0,None,2022-12-16
P000198,35,F,Samanabad,Low,0,0,0,1,Government,2021-09-22
P000199,42,M,Garden Town,Medium,0,0,0,0,None,2021-04-29
P000200,39,F,Cantt,High,0,0,0,0,None,2019-09-04
P000201,48,F,Township Sector,High,0,0,0,0,Government,2023-04-02
P000202,67,F,Cantt,Low,0,0,1,0,None,2019-06-26
P000203,44,M,Valencia,High,1,0,0,2,Private,2024-09-28
P000204,54,M,Model Town,Low,0,0,0,0,None,2020-12-08
P000205,5,M,Valencia,Medium,0,0,0,0,,2024-06-18
P000206,41,F,Township Colony,Low,0,0,0,0,Government,2024-02-21
P000207,27,F,Bahria Town,Medium,0,0,0,0,Private,2021-10-16
P000208,20,M,Bahria Town,Low,0,0,0,0,Government,2024-09-11
P000209,26,M,Township Colony,Low,0,0,0,0,None,2023-02-14
P000210,36,M,Cantt,Low,1,0,0,0,None,2022-05-19
P000211,58,M,Shalimar,High,0,0,0,0,Government,2020-06-28
P000212,18,F,Model Town,Medium,0,0,0,0,Private,2022-06-03
P000213,43,M,,Medium,1,0,0,1,None,2022-08-30
P000214,33,M,Allama Iqbal Town,Medium,1,1,0,1,None,2020-06-25
P000215,36,M,EME Society,Medium,1,0,0,0,Private,2022-06-09
P000216,60,M,Cantt,Low,1,0,0,0,Private,2024-04-17
P000217,52,F,,Low,0,1,0,0,Private,2021-11-28
P000218,66,M,Cantt,Medium,0,0,0,0,Private,2021-05-05
P000219,39,F,Samanabad,High,0,0,0,0,Government,2022-08-18
P000220,29,F,EME Society,Low,0,0,0,0,None,2021-11-22
P000221,38,M,Valencia,Medium,0,0,0,0,Government,2022-12-23
P000222,46,M,Township Sector,Medium,0,0,0,0,Private,2024-10-03
P000223,45,M,Model Town,High,0,0,0,0,,2023-05-13
P000224,22,F,Askari,Low,0,1,0,0,Private,2023-10-11
P000225,44,F,Garden Town,High,0,1,0,0,Private,2020-04-26
P000226,46,F,Wapda Town,Medium,1,0,0,0,Private,2023-07-31
P000227,87,M,Green Town,Medium,0,1,0,0,Government,2019-05-15
P000228,76,M,Township Colony,Medium,0,0,0,0,None,2021-09-15
P000229,27,M,Bahria Town,Low,0,1,1,0,None,2020-03-05
P000230,37,F,Township Colony,Medium,0,0,0,0,Government,2019-11-13
P000231,16,F,Valencia,Medium,0,0,0,0,Private,2024-10-21
P000232,31,M,Allama Iqbal Town,Medium,0,0,0,2,Private,2021-02-02
P000233,48,F,Faisal Town,High,1,0,0,0,None,2022-03-27
P000234,64,M,,Medium,1,1,0,0,Private,2021-08-06
P000235,29,M,Garden Town,Low,0,0,0,0,None,2023-04-24
P000236,30,F,EME Society,Low,0,0,0,0,None,2023-10-13
P000237,3,F,Allama Iqbal Town,High,0,0,1,0,Government,2019-04-10
P000238,39,M,Township Colony,Medium,0,0,0,0,None,2023-08-12
P000239,23,M,Cantt,High,1,0,0,0,None,2022-12-18
P000240,32,M,Defence,Medium,0,1,0,0,Government,2024-07-08
P000241,26,M,Wapda Town,Medium,0,0,1,0,None,2019-06-23
P000242,40,F,Township Colony,High,1,0,0,3,None,2019-06-07
P000243,10,M,Shalimar,Medium,0,0,0,0,Private,2020-06-03
P000244,16,M,Allama Iqbal Town,Low,1,0,0,0,None,2021-08-24
P000245,80,F,Samanabad,Low,0,0,0,1,Private,2023-01-25
P000246,19,M,Garden Town,High,0,0,0,0,Government,2023-12-24
P000247,22,F,Defence,Medium,0,0,0,0,None,2023-01-29
P000248,75,F,Cantt,,1,1,0,0,,2021-10-20
P000249,94,F,Defence,Medium,0,1,0,0,Private,2019-10-21
P000250,21,M,Township,Low,0,0,0,0,None,2020-05-22
P000251,35,F,Allama Iqbal Town,Medium,0,0,0,0,Private,2021-06-23
P000252,48,F,Valencia,Low,0,0,0,0,Government,2023-10-14
P000253,73,M,Bahria Town,Low,0,1,0,0,Government,2024-05-11
P000254,24,F,Shalimar,High,0,0,0,0,,2019-04-21
P000255,38,M,Bahria Town,Low,0,1,0,4,Private,2024-07-05
P000256,56,M,Bahria Town,Medium,0,0,0,0,Private,2021-03-03
P000257,50,F,Township Colony,Medium,0,0,0,0,Private,2022-08-26
P000258,35,F,Samanabad,Low,0,0,0,0,,2023-02-12
P000259,40,M,Model Town,Low,0,0,0,0,Private,2021-05-08
P000260,17,F,Johar Town,Low,0,0,0,0,None,2019-12-18
P000261,38,F,Gulberg,Medium,0,0,0,0,Private,2020-03-15
P000262,37,M,Wapda Town,High,1,0,0,0,Government,2024-01-12
P000263,46,M,Johar Town,Medium,0,1,0,0,None,2022-12-18
P000264,32,M,Garden Town,Medium,1,0,0,0,Government,2021-05-20
P000265,50,F,Cantt,High,0,1,0,0,None,2024-11-11
P000266,60,M,,Medium,0,1,0,0,None,2021-04-14
P000267,45,M,Bahria Town,Medium,0,0,0,0,None,2023-06-23
P000268,48,M,Johar Town,Medium,0,0,0,0,Government,2024-09-09
P000269,43,M,Johar Town,Medium,0,0,0,0,Government,2021-03-02
P000270,42,M,Defence,Low,0,0,0,1,Government,2019-11-18
P000271,29,F,Defence,Medium,0,0,0,0,Private,2021-09-28
P000272,48,F,,Medium,0,0,0,4,None,2021-08-13
P000273,40,F,Valencia,Low,1,0,0,0,Private,2022-04-08
P000274,80,F,Samanabad,High,0,0,0,0,Government,2022-01-24
P000275,70,F,Iqbal Town,Low,0,1,0,0,Government,2022-09-28
P000276,49,F,Green Town,Medium,0,0,0,0,Private,2019-08-01
P000277,28,M,Township Sector,High,0,0,0,1,Government,2024-02-14
P000278,22,F,Township Sector,Low,1,0,0,0,None,2020-11-22
P000279,63,F,EME Society,High,0,1,0,0,,2023-09-12
P000280,47,F,Allama Iqbal Town,Medium,0,1,0,0,Private,2022-03-12
P000281,51,F,Township Colony,Medium,0,0,0,0,None,2020-12-24
P000282,11,M,Township,High,1,0,0,0,None,2024-07-12
P000283,59,F,EME Society,Medium,0,0,0,0,None,2020-08-25
P000284,50,F,Johar Town,Medium,1,0,0,0,None,2021-10-26
P000285,22,M,Township,Medium,0,0,0,0,Government,2020-10-15
P000286,34,F,EME Society,Medium,0,1,0,0,Government,2022-05-08
P000287,47,F,Johar Town,Low,1,0,0,2,None,2019-09-07
P000288,43,M,Askari,Low,0,0,0,0,None,2023-01-18
P000289,37,F,Township,Low,0,0,0,0,None,2019-02-26
P000290,40,M,Johar Town,,0,1,0,0,Government,2019-11-16
P000291,37,M,Bahria Town,High,0,1,0,0,None,2024-11-27
P000292,45,M,Askari,High,0,0,0,0,None,2019-11-19
P000293,68,F,Samanabad,Low,1,0,0,0,Government,2020-11-18
P000294,0,M,Shalimar,Medium,0,0,0,0,Government,2021-11-13
P000295,38,M,Johar Town,,1,1,0,0,Private,2021-12-17
P000296,45,F,Township,Low,0,0,0,0,Private,2022-09-29
P000297,47,M,Johar Town,Medium,0,0,0,2,Government,2019-07-25
P000298,35,F,Gulberg,Low,0,0,0,0,Government,2020-11-26
P000299,10,M,Faisal Town,High,0,0,0,0,,2021-08-20
P000300,48,M,Samanabad,Low,0,0,1,0,Government,2019-06-28
P000301,73,F,Faisal Town,High,0,0,0,2,None,2019-01-03
P000302,14,F,Gulberg,High,0,0,0,0,Government,2023-07-13
P000303,58,M,Bahria Town,Medium,1,1,1,0,None,2024-05-08
P000304,36,F,Cantt,Low,0,0,0,0,Government,2023-03-12
P000305,41,F,Faisal Town,Low,0,0,0,0,Government,2024-10-14
P000306,23,F,Valencia,High,0,0,0,0,,2024-06-12
P000307,36,M,Garden Town,Low,0,0,0,0,Government,2024-09-21
P000308,65,F,Township Colony,Low,1,0,0,0,Private,2023-09-30
P000309,52,M,Model Town,High,1,0,0,0,Private,2020-02-28
P000310,73,M,Faisal Town,Medium,0,0,0,4,None,2023-06-10
P000311,63,F,Defence,Medium,0,1,0,0,None,2023-11-08
P000312,50,M,Gulberg,Low,0,0,0,0,Government,2022-02-19
P000313,73,F,Green Town,Medium,0,0,0,1,None,2021-01-25
P000314,50,M,Wapda Town,High,1,0,0,0,Government,2024-08-16
P000315,57,M,Shalimar,Low,0,1,0,0,None,2022-12-07
P000316,37,F,Iqbal Town,Low,0,0,0,0,None,2023-02-16
P000317,43,F,Defence,Low,0,0,0,0,Government,2024-07-21
P000318,29,F,EME Society,Medium,0,0,0,0,None,2019-09-02
P000319,60,M,Shalimar,Low,0,0,0,2,Private,2022-04-16
P000320,21,F,Allama Iqbal Town,High,0,0,0,1,,2023-08-30
P000321,56,M,Askari,Low,0,0,0,4,None,2021-05-30
P000322,39,M,Cantt,Low,1,0,0,0,Private,2020-05-07
P000323,63,F,Cantt,,1,0,0,0,None,2022-02-16
P000324,56,F,Township Sector,High,1,0,0,0,Government,2023-11-04
P000325,75,F,Bahria Town,Medium,0,0,0,0,None,2022-09-22
P000326,55,M,Township,High,1,1,0,0,Private,2024-12-08
P000327,14,F,Township,Low,0,0,0,0,,2022-04-17
P000328,41,M,Askari,Medium,0,1,0,0,None,2019-10-13
P000329,21,F,Township Colony,Low,0,0,0,0,Government,2019-10-18
P000330,33,F,Green Town,Medium,0,0,0,0,None,2019-06-26
P000331,69,M,Askari,Medium,1,0,0,0,None,2023-05-05
P000332,53,M,Bahria Town,High,0,1,0,0,None,2023-09-06
P000333,29,M,Green Town,Low,0,0,1,0,Government,2019-02-02
P000334,24,M,Township,,0,0,0,0,None,2023-10-15
P000335,43,F,Faisal Town,High,0,0,0,0,,2023-01-06
P000336,20,M,EME Society,Medium,1,0,0,0,None,2023-01-16
P000337,30,F,Iqbal Town,Low,0,0,0,0,Private,2021-07-08
P000338,48,F,Wapda Town,Medium,0,0,0,0,Government,2021-10-16
P000339,63,M,Green Town,Low,1,0,0,0,None,2019-01-09
P000340,53,M,Township,Medium,1,0,0,0,Private,2024-02-22
P000341,1,F,Samanabad,Medium,0,0,0,0,Government,2023-04-05
P000342,47,F,Gulberg,,0,0,0,4,None,2022-12-22
P000343,43,M,Township Colony,Medium,1,0,0,0,Private,2024-09-18
P000344,49,F,Cantt,Medium,0,0,0,0,Government,2024-03-07
P000345,71,F,Shalimar,Low,0,0,0,0,None,2020-03-22
P000346,5,F,Askari,Low,0,0,0,0,Private,2021-01-02
P000347,31,F,Cantt,Low,0,0,0,0,Government,2020-08-27
P000348,53,F,Cantt,High,1,1,0,0,Government,2021-01-17
P000349,14,M,Gulberg,Medium,1,0,0,0,Private,2019-08-24
P000350,69,F,Iqbal Town,Low,0,0,0,0,None,2022-08-29
P000351,49,F,Faisal Town,Medium,0,0,0,1,Private,2019-10-13
P000352,57,M,Faisal Town,Medium,1,0,0,0,None,2023-02-14
P000353,32,F,Iqbal Town,Medium,0,0,0,0,Private,2024-09-21
P000354,57,M,Samanabad,Medium,1,1,0,0,,2019-10-20
P000355,61,M,Valencia,High,1,0,0,0,Private,2020-09-16
P000356,46,M,EME Society,Low,0,0,0,0,None,2019-12-14
P000357,46,M,Township Colony,Medium,0,1,0,4,Private,2023-10-03
P000358,47,M,Samanabad,Medium,1,0,0,0,Government,2023-12-30
P000359,26,M,Cantt,Medium,0,0,0,0,Private,2022-11-02
P000360,39,M,Samanabad,Low,0,0,0,0,None,2022-06-11
P000361,39,F,Johar Town,,0,0,0,0,Government,2022-02-15
P000362,49,M,Valencia,Low,0,0,0,0,Private,2020-05-16
P000363,60,M,Askari,Medium,0,0,0,0,None,2022-08-27
P000364,23,F,Model Town,,1,0,0,1,None,2020-12-31
P000365,40,M,Cantt,Low,1,1,0,0,Private,2021-05-02
P000366,69,F,Township,High,0,0,0,0,None,2023-11-26
P000367,29,F,Township,Medium,0,0,0,0,None,2024-04-24
P000368,27,M,Defence,Medium,0,0,0,0,Private,2020-04-08
P000369,46,F,Gulberg,High,0,0,0,0,None,2022-11-06
P000370,57,F,Township,High,0,0,0,0,Government,2022-08-17
P000371,42,F,Township,,0,0,1,0,Government,2024-09-09
P000372,66,M,Township Colony,Medium,1,0,0,2,,2022-01-18
P000373,57,F,Iqbal Town,Medium,1,0,0,1,None,2021-06-07
P000374,57,M,Township,Medium,0,0,0,0,Government,2024-09-23
P000375,52,M,Green Town,High,1,0,1,2,None,2024-08-30
P000376,84,M,EME Society,Medium,1,1,0,0,Government,2023-07-28
P000377,38,M,Defence,Low,0,0,0,0,None,2024-08-08
P000378,6,M,,Medium,0,0,0,0,Private,2023-04-19
P000379,71,F,Defence,Medium,1,0,0,0,None,2020-12-26
P000380,34,M,Wapda Town,Low,0,0,0,0,None,2023-07-07
P000381,44,F,Garden Town,Low,0,0,0,2,,2024-12-20
P000382,66,F,Faisal Town,,0,0,0,0,Private,2024-09-05
P000383,13,F,Gulberg,Medium,0,0,0,0,Government,2023-08-08
P000384,19,M,Bahria Town,Low,0,0,0,0,Government,2020-07-15
P000385,13,F,Samanabad,Low,0,0,0,0,None,2023-08-19
P000386,28,M,Faisal Town,Low,1,0,0,0,None,2019-03-17
P000387,50,F,Johar Town,Medium,0,0,0,0,None,2022-10-04
P000388,51,F,Shalimar,Low,0,0,0,0,None,2020-09-26
P000389,47,F,Samanabad,,0,0,0,0,Government,2019-11-25
P000390,17,M,Wapda Town,Medium,0,0,0,0,None,2024-06-20
P000391,0,F,Green Town,Low,0,0,0,0,Government,2023-06-17
P000392,43,F,Valencia,Low,0,0,1,0,None,2023-03-11
P000393,34,F,Gulberg,Medium,0,0,0,1,None,2022-09-16
P000394,50,F,Green Town,,0,0,0,0,None,2019-12-08
P000395,55,M,,Low,1,0,0,0,Government,2022-03-11
P000396,44,F,Wapda Town,Medium,0,1,0,0,None,2021-01-13
P000397,56,F,Green Town,Low,0,0,0,0,None,2024-12-15
P000398,46,M,Township Colony,Medium,0,0,0,0,None,2022-08-09
P000399,52,F,Gulberg,High,1,0,0,0,Private,2024-02-25
P000400,29,F,Defence,Medium,0,1,0,0,Private,2019-12-23
P000401,39,M,Bahria Town,Medium,0,0,0,0,None,2020-10-06
P000402,46,M,Iqbal Town,,0,0,0,1,None,2022-08-04
P000403,57,M,Iqbal Town,Medium,0,1,0,2,Government,2024-10-31
P000404,35,F,Cantt,,0,0,0,2,Private,2019-06-12
P000405,51,F,Township,Medium,0,1,0,0,Government,2019-09-17
P000406,37,F,Garden Town,Medium,0,0,0,0,None,2023-05-11
P000407,40,F,EME Society,High,0,0,0,0,Private,2019-08-30
P000408,57,F,Askari,Low,0,0,0,0,Government,2020-10-19
P000409,6,M,,High,0,0,1,0,Government,2022-12-15
P000410,19,M,Garden Town,Medium,0,0,0,0,Government,2021-07-24
P000411,15,F,Samanabad,Medium,0,0,0,0,Private,2023-07-21
P000412,0,F,EME Society,,0,0,0,0,None,2019-01-31
P000413,30,M,Green Town,Low,0,0,0,0,None,2022-11-12
P000414,55,F,Iqbal Town,Low,0,1,0,0,Private,2022-11-12
P000415,37,F,,High,1,1,0,0,None,2020-08-09
P000416,46,F,Valencia,Medium,0,0,0,1,None,2023-02-11
P000417,62,M,Johar Town,High,0,0,0,0,None,2021-08-03
P000418,66,M,Garden Town,,0,0,0,0,Government,2024-03-28
P000419,41,F,Model Town,Low,0,0,0,1,None,2023-08-08
P000420,66,F,Wapda Town,Low,1,1,0,1,None,2023-05-13
P000421,44,M,Gulberg,Low,1,1,0,0,None,2022-02-23
P000422,27,M,Iqbal Town,Medium,0,0,0,0,Private,2023-01-21
P000423,31,M,Garden Town,,0,0,0,0,Government,2019-11-04
P000424,15,F,Township,High,0,0,0,0,Private,2021-07-10
P000425,26,M,Gulberg,Medium,0,1,0,1,None,2021-03-14
P000426,36,M,Faisal Town,Low,1,1,0,0,,2019-06-08
P000427,56,M,Askari,Medium,0,0,0,0,Private,2023-11-07
P000428,73,F,Township Sector,Medium,0,0,0,0,,2022-11-12
P000429,17,M,Johar Town,Medium,0,1,0,0,None,2020-12-24
P000430,49,F,Wapda Town,Medium,0,0,0,1,None,2019-02-18
P000431,23,F,Model Town,Low,0,0,0,0,None,2024-10-23
P000432,51,F,Model Town,Low,0,0,0,0,Government,2022-12-12
P000433,40,M,Johar Town,High,1,0,0,0,None,2023-11-03
P000434,9,F,Township Sector,Medium,0,0,0,0,None,2019-06-13
P000435,59,M,Green Town,,0,1,0,0,Private,2024-06-26
P000436,31,F,Shalimar,,0,1,0,0,None,2019-05-11
P000437,32,F,Faisal Town,Medium,0,0,0,0,Private,2024-06-23
P000438,23,F,Green Town,Low,0,1,0,0,None,2022-05-27
P000439,30,M,Wapda Town,High,0,0,0,0,None,2024-03-18
P000440,50,F,Askari,Low,1,0,0,0,None,2024-07-08
P000441,39,F,Samanabad,Medium,1,0,0,0,Private,2024-04-08
P000442,48,F,Shalimar,Low,1,1,0,0,Private,2023-05-03
P000443,49,F,Wapda Town,Low,0,1,0,0,None,2019-08-18
P000444,66,F,Wapda Town,Low,0,1,0,0,Private,2023-03-14
P000445,36,F,Township,Medium,0,1,0,1,Government,2022-02-25
P000446,15,F,Shalimar,High,0,0,0,0,Private,2023-10-07
P000447,61,M,Shalimar,High,0,1,0,1,None,2024-11-17
P000448,36,F,Cantt,Medium,1,0,0,1,None,2021-10-05
P000449,62,F,Allama Iqbal Town,Medium,1,1,0,0,Government,2020-08-15
P000450,49,F,Johar Town,Medium,0,0,0,0,None,2023-05-18
P000451,40,F,Cantt,Low,0,0,0,0,None,2020-06-10
P000452,48,M,Township Colony,Medium,0,0,0,0,None,2021-11-13
P000453,77,F,Allama Iqbal Town,Medium,0,0,0,0,,2023-03-24
P000454,79,F,Allama Iqbal Town,Medium,0,1,0,3,None,2024-09-10
P000455,43,M,EME Society,Low,0,0,0,0,None,2023-06-02
P000456,45,F,Samanabad,Low,1,0,0,0,Government,2023-04-10
P000457,61,M,Shalimar,Low,1,1,0,0,None,2022-02-11
P000458,27,M,Wapda Town,High,0,0,0,2,None,2020-10-23
P000459,48,F,Valencia,Medium,0,0,0,0,Private,2024-02-10
P000460,42,F,Allama Iqbal Town,Medium,1,0,0,0,None,2021-03-10
P000461,48,F,Askari,,0,0,0,0,Government,2020-04-13
P000462,27,F,Johar Town,Medium,1,0,0,0,Private,2022-11-01
P000463,13,F,Valencia,Low,0,0,1,0,None,2024-06-27
P000464,5,M,Township,Low,1,0,0,0,Government,2021-11-06
P000465,22,,Faisal Town,Medium,0,0,0,0,None,2021-03-20
P000466,34,F,Johar Town,Low,1,0,0,0,None,2019-12-08
P000467,37,F,Bahria Town,Low,0,1,0,1,Government,2023-11-21
P000468,77,M,Johar Town,Medium,1,0,0,0,Government,2022-10-19
P000469,62,M,Defence,Low,0,1,0,0,Government,2020-01-30
P000470,25,F,Gulberg,High,0,0,0,0,None,2022-09-16
P000471,48,M,Iqbal Town,High,0,0,0,2,Government,2021-03-26
P000472,35,F,Township Sector,High,0,0,0,0,None,2019-02-06
P000473,37,M,EME Society,High,0,0,0,0,None,2022-11-02
P000474,45,M,Bahria Town,Low,0,0,1,0,None,2021-04-16
P000475,53,M,Cantt,Medium,0,0,0,0,None,2020-04-01
P000476,36,F,Valencia,Medium,0,0,0,2,Private,2023-05-24
P000477,61,F,Allama Iqbal Town,Low,0,1,0,0,Government,2020-04-02
P000478,21,M,Green Town,High,0,0,0,0,Private,2020-01-31
P000479,42,F,Cantt,Low,1,1,0,0,Private,2020-02-01
P000480,89,F,Model Town,Medium,1,0,0,0,None,2024-02-10
P000481,46,M,Johar Town,Medium,1,0,0,0,,2021-07-29
P000482,68,M,,High,1,0,0,0,Private,2022-05-27
P000483,44,M,Gulberg,Medium,0,0,0,0,Private,2023-12-14
P000484,52,M,Wapda Town,Medium,0,0,0,0,Government,2021-06-10
P000485,41,M,Faisal Town,Low,0,0,0,0,Private,2020-08-10
P000486,39,F,Green Town,Medium,1,1,0,2,,2024-12-01
P000487,28,M,Township Colony,Medium,0,0,0,1,None,2022-08-26
P000488,50,M,Wapda Town,Medium,0,0,0,0,Private,2022-10-28
P000489,27,M,Garden Town,Medium,0,0,0,0,None,2020-10-08
P000490,54,F,Faisal Town,Low,0,1,0,0,Government,2024-07-20
P000491,62,F,Township Sector,Low,0,1,0,0,Private,2020-12-27
P000492,49,M,Iqbal Town,High,0,0,0,0,Private,2024-12-28
P000493,37,F,Allama Iqbal Town,Low,1,0,0,0,Government,2022-09-20
P000494,50,F,Green Town,Medium,0,1,0,0,Government,2021-10-02
P000495,36,M,Model Town,Medium,0,0,0,0,None,2023-04-17
P000496,59,F,Bahria Town,High,1,0,0,0,None,2021-03-03
P000497,9,F,Faisal Town,Low,0,1,0,3,None,2023-12-20
P000498,36,F,Valencia,,0,0,0,0,None,2024-03-16
P000499,6,F,Samanabad,High,0,1,0,0,None,2019-08-05
P000500,15,M,Model Town,,1,0,0,1,None,2019-01-23
P000501,67,F,,Medium,1,0,0,0,,2019-05-31
P000502,58,F,Samanabad,Medium,0,0,1,0,Private,2021-10-09
P000503,29,F,Township Colony,Medium,1,0,0,0,None,2022-12-25
P000504,15,F,Wapda Town,,0,1,0,0,None,2022-11-11
P000505,0,F,Defence,Medium,0,0,0,0,None,2020-07-19
P000506,32,F,Johar Town,High,0,1,0,1,None,2023-11-10
P000507,86,F,Gulberg,High,1,0,0,0,None,2019-07-20
P000508,50,F,Johar Town,,0,1,0,0,Government,2023-02-09
P000509,32,F,Cantt,Medium,0,0,0,0,Private,2021-10-18
P000510,50,F,Iqbal Town,Medium,0,0,0,0,Government,2019-02-14
P000511,14,F,Township,High,0,0,1,0,Government,2024-03-02
P000512,37,F,Township Sector,Medium,1,0,0,0,None,2023-01-18
P000513,44,F,Wapda Town,Low,0,0,0,0,Government,2022-04-30
P000514,40,F,Allama Iqbal Town,High,0,1,0,0,None,2022-11-30
P000515,56,F,Askari,,0,1,0,0,,2020-11-14
P000516,48,M,Bahria Town,High,0,0,0,0,None,2019-01-21
P000517,54,F,,Medium,0,0,1,0,None,2021-04-11
P000518,30,M,Wapda Town,Medium,0,0,0,0,None,2020-10-16
P000519,58,M,Valencia,Medium,0,1,0,2,None,2023-03-03
P000520,71,F,Defence,Medium,1,0,0,0,None,2021-10-25
P000521,25,F,Valencia,Low,0,0,0,0,Government,2024-10-10
P000522,26,F,Allama Iqbal Town,Medium,0,0,0,0,None,2022-10-17
P000523,66,F,Bahria Town,Medium,1,1,0,0,None,2023-01-26
P000524,39,F,Township Sector,High,0,0,1,1,Private,2023-01-30
P000525,67,F,Allama Iqbal Town,Low,0,0,0,0,Government,2020-10-02
P000526,34,M,EME Society,Low,0,0,0,0,Private,2022-04-05
P000527,68,F,Bahria Town,Medium,0,1,0,0,Government,2024-06-16
P000528,44,M,,Low,0,0,0,0,None,2024-12-14
P000529,47,M,,,1,1,0,0,None,2020-11-30
P000530,70,F,Township,Medium,0,1,0,0,Government,2023-02-11
P000531,35,M,Faisal Town,Medium,0,0,0,0,,2019-06-29
P000532,25,M,Iqbal Town,Medium,0,0,0,0,None,2019-12-28
P000533,34,F,Wapda Town,,0,1,1,0,,2021-06-17
P000534,50,F,EME Society,High,1,0,0,0,Government,2023-05-15
P000535,14,F,Valencia,Medium,0,0,0,0,Private,2020-01-31
P000536,53,F,Johar Town,,0,0,0,0,Government,2020-04-15
P000537,32,F,Johar Town,Low,0,0,0,0,,2023-04-17
P000538,63,F,Defence,High,0,0,1,0,Private,2020-01-04
P000539,0,F,Samanabad,Medium,0,0,0,0,Government,2019-06-08
P000540,28,M,Township,Low,0,0,0,1,Government,2022-10-13
P000541,12,F,Township Sector,Medium,0,0,1,0,,2022-01-07
P000542,27,F,Township Sector,Medium,0,0,0,0,Government,2022-01-31
P000543,46,F,Model Town,Medium,0,0,0,0,None,2022-04-25
P000544,39,M,Shalimar,Medium,1,1,0,1,None,2024-09-04
P000545,37,M,Township Sector,Low,0,1,0,0,None,2024-09-02
P000546,39,F,Township Colony,Medium,0,0,0,0,Government,2022-06-30
P000547,46,M,Allama Iqbal Town,High,0,0,0,2,Private,2022-12-09
P000548,24,F,Faisal Town,Low,0,0,0,0,Private,2022-02-16
P000549,55,M,Township Colony,Low,0,0,0,0,Private,2021-03-13
P000550,54,M,Iqbal Town,,1,0,0,0,None,2019-10-26
P000551,49,F,Valencia,High,0,0,0,0,,2022-11-21
P000552,52,M,Faisal Town,Low,1,0,0,0,Government,2024-03-01
P000553,47,M,Green Town,Low,0,0,0,1,Government,2023-03-19
P000554,79,M,Township Sector,Medium,1,0,0,0,None,2020-11-25
P000555,40,F,Garden Town,Medium,0,0,0,0,,2022-09-02
P000556,36,M,Bahria Town,Medium,0,0,0,0,None,2021-07-01
P000557,28,F,Model Town,High,0,0,0,0,Government,2024-11-04
P000558,23,M,Green Town,Low,0,0,0,0,None,2022-01-06
P000559,20,M,Valencia,Medium,0,0,0,0,Private,2021-10-23
P000560,26,F,Askari,Medium,0,0,0,0,None,2024-09-25
P000561,41,F,EME Society,Low,0,0,0,4,Private,2020-02-23
P000562,48,F,Township Sector,,1,0,0,0,None,2020-07-20
P000563,43,F,Faisal Town,Medium,0,0,0,0,Government,2020-03-17
P000564,28,F,Valencia,Low,0,0,0,0,Government,2023-02-08
P000565,58,F,Township Sector,Low,0,0,0,0,None,2023-02-12
P000566,55,M,Wapda Town,Low,0,0,0,2,None,2023-03-26
P000567,39,F,Gulberg,High,0,0,0,0,None,2024-07-27
P000568,30,F,Allama Iqbal Town,,0,0,0,0,None,2019-02-24
P000569,52,M,Township,,1,0,0,0,None,2020-06-22
P000570,45,F,Faisal Town,Low,0,0,0,0,Private,2021-05-09
P000571,16,F,Allama Iqbal Town,High,0,0,0,0,None,2020-04-09
P000572,41,M,Valencia,High,0,0,0,0,Private,2019-03-31
P000573,47,M,Defence,Low,0,1,0,0,None,2020-06-05
P000574,26,M,Valencia,,0,0,0,0,None,2019-11-14
P000575,45,F,Iqbal Town,Medium,0,0,0,3,None,2024-08-24
P000576,16,F,Garden Town,Low,0,0,0,0,None,2019-06-19
P000577,66,M,EME Society,Low,1,0,0,0,Private,2020-04-14
P000578,64,M,Bahria Town,Medium,1,1,0,0,None,2020-07-07
P000579,37,M,Bahria Town,High,0,0,0,0,Government,2023-04-10
P000580,49,M,Township Colony,Medium,0,0,0,0,,2023-02-27
P000581,0,F,Faisal Town,High,0,0,0,0,Private,2024-03-14
P000582,21,F,Green Town,Medium,0,1,0,0,Private,2019-11-21
P000583,37,M,Faisal Town,Medium,0,1,0,0,,2024-02-10
P000584,23,M,Samanabad,Low,0,0,0,0,Private,2021-05-15
P000585,55,F,Askari,,1,0,0,0,None,2023-12-05
P000586,78,M,Township Colony,Medium,0,0,0,3,Private,2022-06-08
P000587,21,F,Garden Town,Medium,0,0,0,0,Private,2021-11-30
P000588,27,M,Askari,,0,0,0,0,None,2020-03-23
P000589,46,F,Wapda Town,Medium,0,0,0,0,Government,2019-03-17
P000590,71,M,Faisal Town,Medium,0,1,0,0,Government,2020-07-20
P000591,20,F,Cantt,Medium,0,0,0,0,Government,2020-05-02
P000592,46,M,Wapda Town,Low,0,1,0,0,Government,2022-05-02
P000593,75,M,Township Sector,Low,0,1,0,0,None,2023-04-18
P000594,12,F,Gulberg,High,0,0,0,0,Government,2023-03-13
P000595,19,M,Askari,Medium,0,0,0,0,None,2023-12-22
P000596,34,M,Askari,Medium,1,0,0,0,None,2021-11-07
P000597,33,M,Township Sector,Medium,1,0,0,0,None,2020-06-11
P000598,57,F,Shalimar,High,0,1,0,0,None,2021-03-06
P000599,46,M,Cantt,Medium,1,0,0,0,,2021-01-13
P000600,10,F,Johar Town,Low,0,0,0,0,,2024-02-04
P000601,51,M,Faisal Town,,0,1,0,0,Government,2022-11-29
P000602,32,F,Iqbal Town,Medium,0,0,0,2,None,2023-12-30
P000603,65,M,Bahria Town,Low,0,1,0,2,Private,2020-09-28
P000604,31,F,Allama Iqbal Town,Medium,0,0,0,0,None,2020-08-17
P000605,31,F,Wapda Town,Low,1,1,0,4,None,2024-01-17
P000606,52,F,Township Sector,,0,1,0,1,Government,2023-04-19
P000607,56,F,Johar Town,High,0,0,0,0,None,2019-04-04
P000608,50,F,Township Colony,High,0,0,0,0,Government,2022-09-27
P000609,12,F,Wapda Town,,0,0,0,4,None,2019-02-24
P000610,52,M,Iqbal Town,Low,0,1,1,0,None,2019-06-04
P000611,23,F,Faisal Town,High,1,0,0,2,Government,2019-07-08
P000612,46,F,Valencia,Medium,0,0,0,0,None,2019-05-19
P000613,16,M,Allama Iqbal Town,High,0,0,1,0,,2021-10-12
P000614,50,M,Model Town,Low,0,0,0,0,Private,2019-01-01
P000615,27,M,Township Colony,Low,0,1,0,0,None,2022-04-23
P000616,19,M,Johar Town,Medium,0,0,0,0,Government,2019-11-16
P000617,55,M,Iqbal Town,High,0,0,0,0,Government,2020-06-30
P000618,46,M,Allama Iqbal Town,Low,0,1,0,0,Government,2019-09-17
P000619,31,M,Askari,Low,0,0,0,2,None,2020-07-01
P000620,68,M,Cantt,Medium,0,0,0,0,Government,2019-08-12
P000621,34,F,Green Town,High,0,0,0,0,None,2022-03-17
P000622,43,M,Township Sector,Medium,0,1,0,1,None,2021-06-02
P000623,47,M,Township Colony,High,0,1,0,2,None,2024-06-13
P000624,31,M,Iqbal Town,Medium,0,0,0,0,Private,2023-05-01
P000625,50,M,EME Society,High,1,0,0,0,Private,2021-06-07
P000626,32,F,Bahria Town,Medium,0,0,0,0,Government,2021-09-29
P000627,35,F,Valencia,Low,0,0,0,0,None,2019-02-12
P000628,67,M,Askari,Medium,1,0,0,0,Private,2022-04-23
P000629,23,M,Garden Town,Medium,1,0,0,0,Government,2022-04-29
P000630,0,M,Johar Town,Medium,0,0,0,0,Private,2021-01-05
P000631,71,M,EME Society,,1,1,0,0,Government,2020-10-23
P000632,88,M,Iqbal Town,Medium,1,1,0,0,Government,2022-12-11
P000633,35,M,Garden Town,Medium,1,0,0,1,Private,2022-10-19
P000634,7,F,Model Town,Low,0,1,0,0,None,2020-12-26
P000635,36,M,Green Town,High,0,0,0,0,None,2023-08-01
P000636,37,F,Township,Low,1,0,0,0,Government,2020-11-10
P000637,39,F,Township Sector,Low,1,0,0,0,None,2021-07-27
P000638,22,F,Township Sector,Low,0,1,0,1,,2024-08-31
P000639,52,M,Garden Town,Medium,0,0,0,0,None,2023-02-26
P000640,51,F,,Low,1,1,0,0,Government,2021-08-19
P000641,15,F,Iqbal Town,Medium,0,0,0,0,Private,2022-06-25
P000642,55,M,Samanabad,Medium,1,0,0,0,Private,2021-09-05
P000643,79,M,Askari,Medium,0,0,0,0,None,2020-01-19
P000644,45,F,Garden Town,High,0,1,1,0,Government,2019-06-09
P000645,36,M,Bahria Town,High,0,0,0,1,None,2023-12-14
P000646,39,F,Askari,Medium,1,0,0,0,Government,2024-07-10
P000647,53,F,Defence,Low,0,0,0,0,Private,2024-05-06
P000648,11,F,Wapda Town,Low,0,0,0,0,None,2021-03-18
P000649,45,M,Defence,Medium,0,0,0,0,Government,2021-07-01
P000650,35,M,Shalimar,Medium,0,0,0,0,Private,2023-01-29
P000651,75,M,Garden Town,Medium,1,0,0,0,Private,2021-02-27
P000652,39,M,EME Society,Medium,0,0,0,0,Private,2023-01-09
P000653,72,M,Wapda Town,Medium,1,0,0,0,Private,2021-12-06
P000654,22,M,Model Town,Low,1,1,0,0,None,2024-04-23
P000655,53,,Bahria Town,Low,0,0,0,0,None,2024-03-05
P000656,48,F,Valencia,Low,0,0,0,0,Private,2024-04-08
P000657,26,F,Township Colony,Medium,1,0,0,0,Government,2023-10-26
P000658,45,F,Defence,Medium,0,0,0,0,Government,2019-12-03
P000659,64,M,Shalimar,Medium,1,0,0,0,None,2023-09-03
P000660,36,F,Wapda Town,Medium,0,0,0,0,Private,2019-08-27
P000661,12,F,Iqbal Town,Medium,0,0,0,0,Private,2023-04-25
P000662,42,M,Askari,Low,0,0,0,0,None,2024-05-01
P000663,26,M,Green Town,Low,0,0,0,0,Private,2024-02-04
P000664,36,F,Model Town,Low,0,0,0,0,Private,2020-08-22
P000665,41,F,Valencia,Low,0,0,0,0,Government,2023-04-19
P000666,11,F,Defence,Low,0,0,0,0,None,2024-01-06
P000667,13,F,Allama Iqbal Town,,0,0,0,0,None,2019-03-31
P000668,51,M,Defence,Low,0,0,0,0,None,2021-06-11
P000669,33,M,Defence,Low,1,0,0,0,Government,2020-01-01
P000670,0,F,Gulberg,Low,0,1,0,0,Private,2021-02-02
P000671,56,F,Valencia,Low,0,0,0,0,None,2024-05-16
P000672,47,F,Garden Town,Low,1,0,0,0,None,2020-01-25
P000673,29,F,Shalimar,Low,0,0,0,0,Government,2023-01-21
P000674,18,F,Model Town,Low,0,0,0,0,Government,2024-10-31
P000675,57,M,Green Town,High,0,1,0,0,Private,2024-01-05
P000676,48,F,Valencia,Low,1,0,1,1,Government,2019-05-21
P000677,85,M,Wapda Town,Low,0,0,0,0,Government,2024-08-21
P000678,50,F,EME Society,Medium,1,0,0,0,Private,2022-02-20
P000679,49,M,Johar Town,Low,0,0,0,0,Government,2024-12-20
P000680,39,F,Iqbal Town,Medium,0,0,0,0,,2023-04-24
P000681,57,F,Gulberg,Medium,0,0,0,0,Private,2023-07-08
P000682,53,M,Model Town,High,0,0,0,0,Government,2021-07-04
P000683,65,M,Valencia,High,0,0,0,0,None,2019-12-10
P000684,33,F,Cantt,Medium,1,0,0,0,Private,2020-10-09
P000685,34,F,Samanabad,,0,0,1,0,None,2022-01-04
P000686,33,M,EME Society,Medium,0,0,0,1,Government,2019-12-11
P000687,56,M,Township Sector,Low,1,1,0,0,None,2019-02-09
P000688,69,,Faisal Town,Medium,0,0,0,0,Private,2020-03-03
P000689,34,F,Township,Low,1,0,0,0,None,2023-08-27
P000690,34,F,Johar Town,Medium,0,1,0,0,Government,2024-08-31
P000691,48,F,Valencia,Low,0,1,0,0,Private,2023-12-08
P000692,38,F,Township Colony,Medium,0,1,0,0,Government,2021-06-23
P000693,59,M,Askari,,0,0,0,0,,2022-01-17
P000694,1,M,Wapda Town,,0,0,0,0,Private,2019-03-13
P000695,27,F,Valencia,Medium,0,0,0,0,Private,2022-02-13
P000696,28,M,Township,Medium,0,0,0,0,None,2021-05-06
P000697,0,M,Cantt,Low,0,0,0,0,Government,2021-04-07
P000698,25,M,EME Society,Low,0,0,0,0,Government,2022-08-30
P000699,26,F,Faisal Town,High,0,0,0,0,Private,2021-07-05
P000700,38,F,Green Town,Medium,0,0,0,0,Private,2022-09-15
P000701,62,F,Model Town,Medium,0,0,0,0,Private,2024-01-16
P000702,38,F,Wapda Town,Medium,0,0,0,0,Government,2019-07-26
P000703,23,F,Wapda Town,Medium,0,0,0,0,None,2024-05-25
P000704,41,F,Township,Medium,0,1,0,0,None,2020-07-25
P000705,61,F,Township Colony,Low,1,1,0,0,None,2023-05-04
P000706,24,F,Wapda Town,Medium,1,0,0,0,Private,2023-05-29
P000707,26,M,EME Society,,0,0,0,0,Private,2024-12-07
P000708,52,M,Bahria Town,Low,0,1,0,0,None,2024-11-29
P000709,38,F,Township,Medium,0,0,0,0,None,2020-03-28
P000710,54,M,Wapda Town,Low,0,0,0,0,Government,2022-01-27
P000711,42,F,Garden Town,Low,1,0,0,0,,2024-06-12
P000712,55,F,Bahria Town,Medium,0,0,0,0,None,2019-07-08
P000713,23,M,Township,High,0,0,0,0,None,2022-11-24
P000714,42,F,Samanabad,Low,0,0,0,1,Government,2024-03-30
P000715,38,F,Iqbal Town,Medium,0,0,0,1,None,2021-10-04
P000716,20,F,Township Sector,Low,0,0,0,1,Private,2021-08-15
P000717,14,F,Wapda Town,Medium,0,0,0,0,Private,2021-05-28
P000718,54,M,Township Colony,,0,0,0,0,Private,2023-05-27
P000719,36,F,Bahria Town,Medium,0,0,0,0,None,2019-12-27
P000720,24,F,Valencia,Medium,0,0,0,0,None,2020-06-20
P000721,40,F,Wapda Town,Low,0,0,0,0,Government,2019-07-13
P000722,62,F,,High,0,0,0,0,Government,2024-03-25
P000723,1,F,Allama Iqbal Town,Low,0,0,0,0,None,2023-09-09
P000724,15,M,Bahria Town,Low,0,0,0,0,None,2020-08-07
P000725,25,M,Johar Town,Medium,0,0,0,0,,2022-08-19
P000726,68,F,Askari,,0,0,0,0,None,2023-02-28
P000727,47,M,,Low,0,1,0,0,Government,2020-03-30
P000728,56,F,Iqbal Town,Medium,0,0,0,0,Government,2021-05-27
P000729,21,F,Samanabad,Low,0,1,0,1,Private,2021-02-13
P000730,22,F,Gulberg,Medium,0,0,0,0,Private,2021-03-12
P000731,50,F,Model Town,,0,0,1,2,None,2022-12-20
P000732,43,M,Township Sector,Medium,0,0,0,0,,2020-02-22
P000733,52,M,Gulberg,Medium,1,0,0,0,Government,2020-06-19
P000734,39,F,Faisal Town,,0,0,0,2,Private,2024-01-13
P000735,47,F,Askari,Low,0,1,0,0,None,2020-02-18
P000736,45,M,Defence,Medium,0,1,0,0,Government,2021-08-23
P000737,56,F,Township Colony,High,1,0,0,0,None,2023-06-25
P000738,57,F,Askari,Medium,1,1,0,0,Government,2021-07-01
P000739,13,M,Township,High,0,0,0,0,Government,2021-10-09
P000740,2,M,,Medium,0,0,0,0,Government,2019-08-31
P000741,60,M,Garden Town,Medium,0,0,0,0,Private,2021-08-06
P000742,63,F,Shalimar,Low,0,0,0,2,Government,2019-11-10
P000743,24,F,Defence,High,0,1,0,1,Private,2019-12-08
P000744,9,F,Model Town,Medium,0,0,0,0,None,2021-03-20
P000745,44,M,Gulberg,Low,0,0,0,1,,2022-10-23
P000746,59,F,Askari,Medium,0,0,0,0,None,2019-04-05
P000747,74,F,Valencia,Medium,0,0,0,0,Private,2019-09-06
P000748,51,F,Green Town,High,0,0,0,0,Private,2022-08-04
P000749,35,M,Garden Town,Medium,0,0,0,0,None,2022-09-08
P000750,26,M,Defence,High,0,0,0,0,Private,2020-02-14
P000751,42,M,Samanabad,Medium,0,0,0,0,None,2019-05-11
P000752,37,F,Samanabad,,0,0,0,0,,2023-05-12
P000753,24,M,Garden Town,Medium,0,0,0,4,Government,2024-10-10
P000754,79,F,Allama Iqbal Town,,1,0,0,0,Private,2022-11-18
P000755,74,F,Garden Town,,1,0,0,0,Government,2020-06-12
P000756,62,F,Allama Iqbal Town,High,1,0,0,0,Private,2021-10-29
P000757,25,F,Wapda Town,High,0,1,0,0,Private,2024-03-28
P000758,57,F,Model Town,High,0,0,0,0,None,2020-03-19
P000759,54,M,Defence,,0,0,0,0,,2019-06-05
P000760,50,F,Green Town,Low,0,0,0,0,Private,2023-08-23
P000761,64,F,Cantt,High,0,0,0,0,Private,2022-12-04
P000762,53,M,Township,Low,1,0,0,0,Government,2024-12-13
P000763,55,M,Iqbal Town,Medium,0,1,0,1,None,2021-12-14
P000764,53,F,Defence,Low,0,0,0,0,,2023-04-07
P000765,48,M,Green Town,High,0,0,0,0,Private,2021-09-22
P000766,10,,Defence,Medium,0,0,0,0,None,2023-05-09
P000767,44,F,Bahria Town,Low,0,0,0,0,None,2023-01-18
P000768,32,M,,Medium,0,0,0,0,Government,2020-03-05
P000769,19,F,Faisal Town,,0,0,0,0,Private,2024-01-09
P000770,72,F,,,1,0,0,0,None,2021-06-01
P000771,73,F,Township,Medium,1,0,1,0,Government,2021-11-04
P000772,66,F,Township Sector,Medium,0,0,0,0,Government,2019-07-01
P000773,47,F,Iqbal Town,Medium,0,0,0,0,Private,2020-08-17
P000774,66,M,EME Society,Low,1,0,0,0,Private,2019-06-30
P000775,42,F,Faisal Town,,0,0,0,0,Private,2024-08-16
P000776,46,M,Gulberg,High,1,0,0,0,None,2021-09-05
P000777,22,F,Johar Town,Medium,1,0,0,0,None,2019-11-01
P000778,49,M,Valencia,Medium,0,0,0,0,None,2020-07-02
P000779,43,F,Cantt,Low,0,1,0,0,None,2022-12-16
P000780,19,F,Township Colony,High,0,0,0,0,Government,2022-11-14
P000781,41,F,Township Sector,Medium,0,0,0,0,Government,2022-08-27
P000782,41,F,Gulberg,Low,1,0,0,0,None,2024-08-03
P000783,74,M,Township,Medium,0,0,0,0,None,2024-10-19
P000784,58,M,Allama Iqbal Town,Medium,0,0,0,0,None,2021-07-28
P000785,42,M,Defence,Medium,0,0,0,0,Government,2023-03-15
P000786,46,F,Township Colony,High,0,0,0,0,Government,2019-10-04
P000787,43,M,Model Town,Medium,1,0,0,0,None,2019-07-01
P000788,38,M,Township Sector,High,0,0,0,0,Government,2020-03-28
P000789,23,M,Valencia,Medium,0,0,0,0,None,2021-05-05
P000790,39,M,Askari,Low,0,0,0,0,Private,2021-09-29
P000791,29,M,Valencia,Medium,0,0,0,0,None,2024-10-26
P000792,19,F,EME Society,Medium,0,0,0,0,Government,2021-10-11
P000793,51,M,Allama Iqbal Town,Low,0,1,0,0,None,2021-10-27
P000794,49,F,Allama Iqbal Town,Medium,0,1,0,1,Private,2022-04-10
P000795,10,F,Faisal Town,Low,0,0,1,0,None,2019-08-01
P000796,40,M,Iqbal Town,Low,0,0,0,0,Government,2024-05-29
P000797,60,F,EME Society,High,0,1,0,0,Government,2020-07-03
P000798,150,F,Bahria Town,Low,0,0,0,0,Government,2024-06-18
P000799,60,F,Cantt,Medium,1,0,0,0,None,2023-06-27
P000800,43,F,Askari,Low,0,0,0,0,Government,2022-11-04
P000801,27,M,Faisal Town,Medium,0,0,0,0,None,2024-04-27
P000802,22,M,Faisal Town,High,0,1,0,2,,2019-12-05
P000803,48,F,Garden Town,Medium,1,0,0,0,,2023-05-04
P000804,49,M,Township,Medium,0,0,0,0,Private,2020-01-02
P000805,65,M,Township Colony,Low,1,0,0,0,None,2024-12-24
P000806,62,M,Model Town,Low,1,0,0,0,Private,2020-10-17
P000807,40,F,Faisal Town,Medium,1,1,0,0,None,2021-02-03
P000808,20,,Valencia,Medium,0,1,0,0,None,2023-05-07
P000809,36,F,Wapda Town,Medium,0,0,0,0,Government,2021-06-10
P000810,46,F,Allama Iqbal Town,Medium,1,0,0,4,None,2024-01-15
P000811,38,M,Samanabad,Low,1,0,0,0,Private,2021-05-20
P000812,32,F,,Low,1,0,0,0,None,2022-12-04
P000813,47,F,Allama Iqbal Town,High,1,0,0,0,Private,2020-02-24
P000814,33,M,Bahria Town,Medium,0,0,0,0,None,2024-01-24
P000815,31,F,Allama Iqbal Town,Medium,0,0,0,0,Government,2019-02-26
P000816,48,F,Johar Town,Medium,1,0,0,1,Government,2020-06-08
P000817,35,M,Shalimar,High,0,0,0,0,None,2023-09-18
P000818,46,M,Johar Town,High,1,0,0,0,Private,2023-01-30
P000819,47,F,EME Society,Low,1,0,0,0,None,2020-01-24
P000820,21,M,Samanabad,High,0,0,0,0,None,2020-08-20
P000821,33,M,Gulberg,Low,0,1,0,0,Government,2020-09-22
P000822,68,M,Johar Town,Medium,1,0,0,0,Government,2022-12-05
P000823,21,F,Model Town,High,1,1,0,0,Government,2021-01-14
P000824,4,M,Township Colony,Low,0,0,0,0,None,2019-03-03
P000825,8,M,Garden Town,Low,0,0,0,0,None,2021-04-30
P000826,43,F,Iqbal Town,Medium,0,0,1,0,None,2022-08-28
P000827,43,M,Iqbal Town,High,1,0,0,0,Private,2021-05-12
P000828,40,M,Gulberg,Low,0,0,0,0,Private,2024-05-03
P000829,64,F,Bahria Town,Medium,0,0,0,0,None,2022-12-02
P000830,0,M,EME Society,Medium,0,0,1,0,None,2020-07-27
P000831,49,F,,Medium,0,1,0,0,Government,2022-11-22
P000832,70,M,Faisal Town,Medium,1,1,0,0,Government,2024-03-08
P000833,22,M,Gulberg,Medium,0,0,0,0,Private,2024-10-15
P000834,35,F,Township,Medium,0,0,0,0,None,2019-04-30
P000835,28,F,Faisal Town,Medium,0,1,0,4,Private,2020-08-20
P000836,26,F,Johar Town,High,0,0,0,0,Government,2022-12-06
P000837,36,M,Samanabad,Medium,0,1,0,0,None,2019-02-09
P000838,68,F,Shalimar,Low,1,0,0,0,Private,2021-07-07
P000839,75,M,Township Colony,,0,0,0,0,Government,2022-07-23
P000840,36,F,Faisal Town,Medium,0,0,0,0,None,2019-03-03
P000841,76,F,Iqbal Town,Low,0,0,0,0,None,2019-09-14
P000842,43,M,Valencia,Medium,1,0,0,0,None,2022-11-06
P000843,74,M,Faisal Town,Medium,0,0,0,0,None,2021-10-30
P000844,40,F,Samanabad,Low,0,0,0,0,None,2019-12-17
P000845,44,F,Allama Iqbal Town,Medium,0,1,0,0,Government,2019-02-15
P000846,49,F,EME Society,Medium,1,0,0,0,Private,2021-12-23
P000847,95,F,Township,Medium,0,0,0,0,Government,2024-07-11
P000848,57,F,Samanabad,High,0,0,0,0,None,2020-06-23
P000849,29,M,Johar Town,Low,0,0,0,0,None,2021-07-06
P000850,59,F,Township Sector,Medium,0,0,0,0,None,2019-09-29
P000851,35,F,Gulberg,Medium,1,0,0,0,Private,2021-04-10
P000852,33,F,Shalimar,Medium,0,0,0,0,Government,2019-09-02
P000853,58,F,Bahria Town,Medium,1,0,0,0,Government,2020-05-20
P000854,43,M,Wapda Town,Low,1,0,0,0,Private,2022-10-10
P000855,47,F,Defence,Low,0,0,0,0,Government,2021-11-02
P000856,42,F,Shalimar,,0,0,0,0,Government,2020-03-09
P000857,48,M,Wapda Town,,0,0,0,0,,2019-11-03
P000858,50,M,Shalimar,Medium,0,0,0,0,Private,2020-11-07
P000859,7,M,Township,Medium,1,0,0,0,None,2023-12-13
P000860,54,M,Gulberg,Low,1,0,0,0,,2020-03-18
P000861,24,M,Garden Town,Low,0,0,0,1,None,2020-12-14
P000862,16,M,Shalimar,High,1,0,0,0,None,2019-10-04
P000863,41,M,Shalimar,Low,0,1,0,0,Private,2022-09-10
P000864,44,F,Iqbal Town,Medium,0,0,0,0,Government,2019-01-07
P000865,30,M,Allama Iqbal Town,Low,0,0,0,1,None,2020-03-12
P000866,57,M,Askari,High,1,1,0,0,None,2021-11-20
P000867,18,M,,Medium,0,1,0,2,None,2022-12-30
P000868,35,F,Johar Town,Medium,0,1,0,0,Private,2023-08-12
P000869,31,M,Township,Medium,0,0,0,0,None,2023-06-17
P000870,41,F,Gulberg,Low,0,0,0,0,None,2019-06-02
P000871,47,M,Allama Iqbal Town,Medium,0,1,1,0,,2022-07-07
P000872,24,F,Gulberg,Low,0,0,0,0,None,2020-01-13
P000873,55,M,Gulberg,Low,1,1,0,0,Private,2022-07-23
P000874,43,M,Model Town,Low,1,1,0,0,Private,2024-05-01
P000875,8,F,Township,Medium,0,0,0,0,Private,2019-02-26
P000876,7,F,Gulberg,High,1,0,0,0,Private,2024-06-22
P000877,42,F,Samanabad,Low,1,0,0,3,,2024-07-21
P000878,38,M,Johar Town,High,1,0,0,0,Government,2024-10-05
P000879,200,M,Valencia,Medium,0,0,0,0,Private,2019-03-15
P000880,41,M,Garden Town,Low,1,0,0,0,Private,2022-10-07
P000881,46,F,Defence,Low,0,1,0,0,Government,2020-07-28
P000882,59,M,Cantt,Low,0,1,0,0,Government,2019-02-04
P000883,22,M,Johar Town,Low,0,0,0,0,,2019-05-17
P000884,21,F,Township Colony,,0,0,0,0,None,2019-10-07
P000885,22,F,Garden Town,Medium,0,0,0,0,None,2021-06-22
P000886,47,F,,Medium,0,0,0,0,None,2020-04-26
P000887,64,F,Faisal Town,Medium,0,1,0,0,None,2019-06-23
P000888,34,F,Johar Town,Low,0,1,0,0,Government,2021-02-10
P000889,0,F,Bahria Town,High,0,0,0,2,Government,2021-11-22
P000890,11,F,Cantt,,0,0,0,0,,2021-02-05
P000891,27,F,Township Sector,Low,1,0,0,0,Private,2022-10-01
P000892,32,F,Cantt,Medium,0,0,0,0,Private,2020-01-25
P000893,35,M,Green Town,Low,0,0,0,0,Private,2020-12-12
P000894,43,F,Faisal Town,High,0,0,0,0,Government,2020-01-23
P000895,36,F,Bahria Town,Medium,1,1,0,0,Private,2020-05-08
P000896,61,M,Wapda Town,High,1,0,0,1,Government,2024-09-21
P000897,30,F,Johar Town,High,0,0,0,2,None,2022-11-11
P000898,26,F,Shalimar,Medium,0,0,0,4,None,2019-07-18
P000899,51,F,Johar Town,Medium,0,0,0,0,None,2020-01-03
P000900,14,F,Samanabad,Medium,0,0,0,0,None,2019-02-11
P000901,49,M,Faisal Town,Low,0,0,0,0,None,2024-02-06
P000902,44,F,Faisal Town,High,0,0,0,0,None,2019-02-24
P000903,39,F,Samanabad,Medium,0,0,0,0,Government,2019-06-19
P000904,71,F,Allama Iqbal Town,High,1,0,0,0,None,2022-05-07
P000905,31,M,Green Town,Medium,0,0,0,2,Private,2021-10-12
P000906,79,F,Iqbal Town,Low,1,1,0,0,None,2020-05-01
P000907,38,F,Valencia,Medium,0,0,0,0,,2021-10-16
P000908,19,F,Valencia,Low,0,0,0,0,Government,2021-11-17
P000909,43,M,Township Colony,Low,0,0,0,2,None,2019-10-25
P000910,23,M,Township Colony,Medium,1,0,0,2,Government,2021-10-15
P000911,28,M,Township Sector,Low,0,0,0,0,Private,2023-11-07
P000912,49,F,Iqbal Town,High,0,0,0,0,,2024-06-02
P000913,52,F,Shalimar,Medium,0,0,0,3,Government,2022-09-15
P000914,31,M,Township Sector,,0,0,0,0,None,2019-12-21
P000915,60,F,Iqbal Town,Low,0,0,0,0,None,2023-09-25
P000916,63,M,Valencia,,1,1,0,0,None,2020-11-13
P000917,68,F,Allama Iqbal Town,Medium,0,0,0,0,,2019-12-12
P000918,52,F,Wapda Town,Low,1,0,0,0,Government,2023-01-28
P000919,67,F,EME Society,Medium,0,0,0,0,None,2020-02-04
P000920,8,F,Defence,Medium,0,0,0,0,Government,2022-03-04
P000921,36,M,Shalimar,Low,1,0,0,0,Government,2022-01-12
P000922,26,F,Township Sector,Medium,0,0,0,0,Private,2022-07-02
P000923,44,M,Gulberg,Low,0,0,0,0,Government,2021-02-11
P000924,32,M,Cantt,Low,1,0,0,0,None,2021-10-17
P000925,39,M,Askari,,1,0,0,0,None,2019-09-30
P000926,76,M,Bahria Town,Low,0,1,0,0,Government,2023-12-02
P000927,39,M,EME Society,Low,1,0,0,0,Private,2023-01-07
P000928,49,M,Samanabad,Medium,1,0,0,0,None,2019-09-22
P000929,38,F,Iqbal Town,Medium,0,0,0,0,Private,2023-12-03
P000930,43,M,Cantt,High,0,0,0,0,None,2024-09-17
P000931,-1,M,Johar Town,High,0,1,0,0,Private,2023-08-16
P000932,50,F,Defence,Medium,0,0,0,0,Government,2020-02-02
P000933,63,M,Allama Iqbal Town,Medium,1,1,0,0,Private,2023-01-22
P000934,72,F,Township Colony,,1,1,0,0,None,2020-02-14
P000935,48,M,Iqbal Town,Low,0,0,0,0,Private,2023-10-04
P000936,53,F,Bahria Town,Medium,0,0,0,0,None,2020-05-21
P000937,21,M,Shalimar,,0,0,0,0,Government,2024-07-05
P000938,40,F,Askari,Low,0,0,0,3,Government,2023-06-12
P000939,59,M,Johar Town,Medium,1,0,0,3,None,2023-12-09
P000940,58,F,Shalimar,Medium,0,0,0,0,,2022-08-03
P000941,46,M,Bahria Town,Medium,0,0,0,4,Government,2019-08-24
P000942,58,F,Johar Town,Low,0,0,0,0,Government,2019-08-14
P000943,51,M,Wapda Town,High,1,1,0,0,None,2023-11-09
P000944,64,F,Allama Iqbal Town,Low,0,0,0,0,Private,2024-03-27
P000945,47,F,Askari,High,0,0,0,0,,2021-04-14
P000946,36,F,Samanabad,Medium,1,0,0,0,None,2024-12-05
P000947,48,M,Bahria Town,High,1,0,0,0,None,2020-09-21
P000948,0,F,Wapda Town,High,0,0,0,0,None,2021-12-25
P000949,49,M,Allama Iqbal Town,Medium,0,0,0,0,None,2021-08-10
P000950,0,F,Askari,Medium,0,0,0,0,,2019-02-19
P000951,11,M,Bahria Town,,0,0,0,0,None,2020-08-21
P000952,50,F,Township Colony,Low,0,1,0,0,Private,2022-01-26
P000953,51,,Defence,Low,0,0,0,0,None,2019-02-19
P000954,21,F,Green Town,Medium,0,1,0,1,Private,2022-06-22
P000955,29,F,Allama Iqbal Town,Low,0,0,0,0,Government,2022-01-26
P000956,67,F,Johar Town,Medium,1,1,0,0,,2020-03-05
P000957,33,F,Iqbal Town,,0,0,0,0,None,2022-03-11
P000958,82,F,Faisal Town,High,0,1,0,0,None,2019-03-16
P000959,42,M,Township Colony,Low,0,0,0,0,Private,2022-11-21
P000960,49,F,Askari,Medium,0,0,0,0,None,2021-12-02
P000961,71,M,Iqbal Town,Low,0,0,0,0,Private,2021-03-14
P000962,44,F,Green Town,Low,0,0,0,0,None,2024-03-26
P000963,24,F,Johar Town,,1,0,0,0,Private,2023-12-31
P000964,40,F,Valencia,High,1,0,0,0,Private,2020-06-27
P000965,41,F,Valencia,Low,1,1,0,0,None,2022-04-02
P000966,17,F,Faisal Town,Low,0,0,0,0,None,2021-03-19
P000967,37,M,Gulberg,Medium,1,0,0,0,None,2024-03-18
P000968,29,M,EME Society,Medium,0,0,0,1,None,2024-06-03
P000969,59,M,Township Colony,Low,0,1,0,0,None,2023-12-30
P000970,43,F,Faisal Town,Low,0,0,0,0,None,2022-08-28
P000971,37,F,Model Town,Medium,0,0,0,0,None,2024-11-21
P000972,40,M,Iqbal Town,,0,0,0,0,Private,2022-05-31
P000973,46,F,Johar Town,High,1,1,0,1,Private,2022-10-25
P000974,53,F,Samanabad,Medium,0,0,0,0,None,2020-12-19
P000975,24,F,Askari,Medium,1,0,0,0,,2023-04-23
P000976,23,F,,Medium,0,0,0,0,Private,2024-10-08
P000977,62,M,Shalimar,,0,0,0,0,Government,2022-04-27
P000978,35,F,Samanabad,Low,0,1,0,0,,2023-03-10
P000979,16,F,Gulberg,High,0,0,0,0,,2020-09-04
P000980,50,M,Cantt,Low,1,1,0,0,None,2019-08-12
P000981,50,M,EME Society,High,0,0,0,0,,2021-04-01
P000982,14,F,,Low,0,0,0,0,None,2019-04-13
P000983,46,F,EME Society,Medium,0,0,0,0,None,2024-12-27
P000984,55,M,Township Colony,Low,1,0,0,0,Private,2022-09-12
P000985,49,F,Defence,Medium,0,0,0,0,Government,2023-06-16
P000986,53,F,Iqbal Town,Medium,0,0,0,1,None,2020-08-12
P000987,17,F,Wapda Town,Low,0,0,0,0,None,2022-08-07
P000988,48,F,Askari,Medium,0,0,0,0,Private,2019-08-25
P000989,37,M,Township Sector,Low,0,0,0,0,None,2024-07-16
P000990,33,M,Allama Iqbal Town,,0,0,0,0,None,2023-05-22
P000991,58,M,Allama Iqbal Town,Low,0,0,0,1,Government,2020-10-04
P000992,69,M,Model Town,Medium,0,0,1,0,Private,2024-03-10
P000993,74,M,Shalimar,High,0,1,0,4,Private,2022-04-06
P000994,66,M,Township Sector,Medium,0,1,0,0,Private,2021-09-10
P000995,40,M,Township Sector,,0,0,0,0,Government,2022-02-08
P000996,48,F,Garden Town,High,0,1,0,0,Private,2020-10-24
P000997,56,F,Defence,Medium,0,1,0,0,None,2021-06-05
P000998,44,F,Johar Town,,0,0,0,0,None,2019-10-25
P000999,44,F,Allama Iqbal Town,,1,0,0,0,None,2019-07-09
P001000,57,F,EME Society,Low,1,1,0,0,None,2023-01-24
P001001,41,F,Valencia,Medium,1,0,0,0,None,2022-10-10
P001002,29,M,Cantt,,0,0,0,0,Government,2019-01-31
P001003,35,F,Garden Town,Medium,0,1,0,0,Government,2021-03-26
P001004,53,F,Model Town,Medium,0,1,0,0,Private,2023-02-02
P001005,42,F,Garden Town,Medium,1,1,0,0,None,2019-11-10
P001006,48,F,Model Town,Low,0,0,0,2,Private,2024-09-24
P001007,54,M,Township Sector,Low,1,0,0,0,None,2020-12-09
P001008,35,F,Township Sector,Medium,0,0,0,0,None,2021-05-03
P001009,56,F,Defence,Medium,0,0,0,0,Private,2022-08-21
P001010,49,F,Green Town,High,1,0,0,4,Private,2023-05-12
P001011,20,M,Township Sector,,0,0,0,0,None,2021-01-23
P001012,68,M,Faisal Town,Low,1,1,0,0,None,2019-05-04
P001013,33,F,Wapda Town,Medium,0,0,0,0,Government,2022-02-10
P001014,12,F,Defence,Medium,0,0,0,0,None,2021-01-17
P001015,23,M,Green Town,Low,0,0,0,0,,2020-06-02
P001016,24,M,Johar Town,Medium,0,1,0,0,Private,2021-09-27
P001017,43,F,Green Town,Low,0,1,0,3,None,2019-12-13
P001018,37,F,Shalimar,Low,0,0,0,0,Government,2022-11-13
P001019,36,F,Green Town,Low,0,0,0,0,Private,2023-01-13
P001020,53,F,Faisal Town,Medium,0,0,1,2,None,2020-10-18
P001021,48,M,EME Society,Medium,1,0,0,0,Private,2021-06-25
P001022,48,M,Cantt,Low,1,1,0,0,Private,2022-11-19
P001023,49,M,Faisal Town,Medium,0,1,0,0,None,2024-02-17
P001024,53,M,Township,Medium,1,0,0,0,None,2023-05-04
P001025,4,F,Township Colony,Medium,0,0,0,0,None,2024-05-05
P001026,35,M,Wapda Town,Low,0,0,0,0,Government,2019-12-06
P001027,3,F,Wapda Town,Low,1,0,0,0,None,2020-10-30
P001028,43,F,Samanabad,Low,0,0,0,0,Government,2024-01-20
P001029,42,M,Garden Town,High,1,0,0,0,Government,2020-03-18
P001030,61,F,Askari,Medium,0,1,0,0,None,2023-02-09
P001031,63,M,Faisal Town,Low,1,0,1,0,None,2019-06-10
P001032,46,M,Model Town,Medium,0,0,0,0,Government,2024-12-08
P001033,33,M,Township Colony,Low,0,0,0,0,Private,2020-10-24
P001034,51,M,Wapda Town,Low,1,1,0,0,Government,2023-08-29
P001035,32,F,Township Colony,Low,0,0,0,0,Private,2023-10-07
P001036,42,F,Wapda Town,Low,0,1,0,2,Private,2023-07-26
P001037,60,M,,Low,0,0,0,0,None,2020-08-08
P001038,32,M,Askari,Low,0,0,0,3,Government,2019-02-11
P001039,57,M,Township Colony,Medium,0,0,0,0,Government,2024-12-16
P001040,54,F,Johar Town,Medium,0,1,0,3,None,2021-07-14
P001041,25,F,,Medium,0,0,0,0,Government,2023-02-19
P001042,60,F,Model Town,Low,0,0,0,0,Government,2020-11-05
P001043,55,M,EME Society,Medium,1,0,0,0,Private,2024-12-03
P001044,44,M,Askari,Medium,0,0,0,0,None,2023-08-22
P001045,28,M,Green Town,High,0,0,0,0,None,2022-12-10
P001046,27,F,Iqbal Town,Low,0,0,0,0,Government,2022-12-12
P001047,32,F,Model Town,,1,0,0,2,,2019-05-29
P001048,52,F,Samanabad,Low,0,0,0,0,None,2022-01-23
P001049,25,F,Johar Town,Low,0,0,0,0,None,2020-08-21
P001050,50,F,Faisal Town,Medium,1,0,0,0,,2021-03-05
P001051,20,M,Township,Medium,0,0,0,0,Government,2022-04-07
P001052,38,F,Bahria Town,High,1,0,0,0,Private,2019-08-08
P001053,44,F,Johar Town,,0,0,0,0,None,2023-09-01
P001054,86,M,Shalimar,Low,1,0,0,0,None,2020-11-16
P001055,17,M,Township Sector,Medium,0,0,0,0,None,2021-10-03
P001056,68,F,Faisal Town,Low,0,0,0,0,Private,2022-08-13
P001057,45,F,Iqbal Town,Medium,0,0,0,0,Private,2019-08-04
P001058,49,M,Model Town,High,0,0,0,0,Private,2020-10-06
P001059,44,M,Shalimar,Medium,1,0,0,0,None,2020-05-08
P001060,50,M,Valencia,Medium,0,1,0,0,Private,2019-09-11
P001061,39,F,Askari,Low,0,0,0,0,,2023-03-12
P001062,68,F,Cantt,Low,0,0,0,0,,2019-02-04
P001063,34,M,Samanabad,,1,0,0,0,None,2019-11-26
P001064,62,F,Green Town,Low,1,1,0,0,Private,2024-06-11
P001065,30,F,Township Colony,,0,0,0,0,,2022-10-31
P001066,41,M,Model Town,Medium,0,0,0,3,None,2020-05-03
P001067,23,F,Wapda Town,,0,0,0,4,Private,2023-07-10
P001068,50,M,EME Society,Low,1,0,0,0,None,2024-08-04
P001069,68,M,Samanabad,Low,1,0,0,0,None,2021-04-23
P001070,41,F,Valencia,Medium,0,0,1,3,Private,2019-02-19
P001071,38,M,Township Colony,,1,0,0,0,Private,2022-01-01
P001072,22,F,Johar Town,Medium,0,0,0,0,None,2021-07-23
P001073,38,M,Samanabad,,1,0,0,0,None,2020-05-21
P001074,13,M,Askari,High,0,0,0,0,Private,2021-12-19
P001075,26,M,Iqbal Town,Low,1,0,0,1,Private,2021-02-28
P001076,46,F,Shalimar,,1,0,0,0,None,2021-05-13
P001077,66,M,,High,1,0,0,0,Private,2020-09-14
P001078,93,M,Wapda Town,High,1,0,0,0,None,2019-08-03
P001079,31,M,Cantt,Low,1,0,0,0,Government,2021-01-31
P001080,68,M,Faisal Town,Medium,0,0,0,0,Government,2024-04-02
P001081,46,,Samanabad,High,0,0,0,0,Government,2024-05-29
P001082,39,M,Green Town,Low,0,1,0,0,None,2024-07-05
P001083,50,F,Green Town,Low,0,1,0,0,Government,2020-07-04
P001084,43,F,Allama Iqbal Town,Medium,0,0,0,0,None,2023-07-10
P001085,44,M,Township,Medium,0,0,0,0,None,2019-02-07
P001086,35,M,Township Colony,Medium,0,0,0,0,Government,2019-08-25
P001087,17,M,Township Colony,Medium,0,1,0,0,None,2023-10-17
P001088,14,F,Valencia,High,0,0,0,1,None,2020-07-05
P001089,54,F,EME Society,Low,0,1,0,3,Government,2024-02-16
P001090,37,F,Valencia,Medium,0,0,0,0,None,2020-10-06
P001091,31,F,Township Sector,Low,0,1,0,0,None,2022-10-19
P001092,42,M,Allama Iqbal Town,Medium,1,0,0,0,Government,2024-08-29
P001093,56,M,Samanabad,Medium,0,1,0,0,None,2022-04-12
P001094,45,F,Samanabad,Low,0,1,0,0,None,2023-10-18
P001095,30,F,Faisal Town,Medium,0,0,0,0,None,2024-10-11
P001096,64,F,EME Society,High,0,1,0,0,None,2021-08-12
P001097,70,M,Samanabad,Medium,0,1,0,0,None,2021-11-29
P001098,51,M,Samanabad,Low,1,0,0,0,None,2022-01-09
P001099,60,F,Allama Iqbal Town,Low,0,0,0,0,None,2023-02-07
P001100,64,F,Defence,Medium,1,1,0,0,Government,2023-10-14
P001101,62,F,Green Town,Medium,0,1,0,0,None,2020-04-18
P001102,53,F,Garden Town,Medium,1,0,0,0,None,2019-05-17
P001103,53,M,Green Town,,0,0,0,0,None,2021-07-16
P001104,51,M,Johar Town,Medium,1,1,0,0,None,2021-05-09
P001105,22,F,Bahria Town,Low,0,0,0,0,Private,2022-04-16
P001106,55,M,Green Town,Low,0,0,0,0,None,2019-04-24
P001107,18,F,Shalimar,Medium,0,0,0,0,Government,2019-12-27
P001108,28,F,Samanabad,Medium,0,0,0,0,None,2024-06-22
P001109,65,M,Cantt,High,0,0,0,1,Private,2022-06-11
P001110,57,,Garden Town,Medium,0,0,0,1,,2021-08-25
P001111,69,F,Askari,,1,0,0,0,Private,2022-09-01
P001112,37,M,Model Town,High,0,0,0,0,Private,2020-01-29
P001113,21,M,Garden Town,Low,0,0,0,0,None,2020-11-15
P001114,38,F,Askari,High,0,0,0,2,Private,2024-11-14
P001115,44,M,Township,Low,0,0,1,0,Private,2020-04-14
P001116,43,F,Township,High,1,0,0,0,None,2024-04-06
P001117,62,M,Township Sector,High,0,0,0,0,Government,2019-12-18
P001118,35,F,Shalimar,High,0,1,0,0,Private,2022-01-17
P001119,48,M,Wapda Town,Low,0,0,0,0,None,2023-11-13
P001120,24,F,Samanabad,High,1,0,1,0,None,2024-07-17
P001121,50,M,Bahria Town,Medium,0,0,0,0,Government,2020-03-01
P001122,42,M,Wapda Town,Low,0,0,0,0,Private,2020-02-04
P001123,29,F,Garden Town,Medium,0,0,0,0,Private,2021-05-17
P001124,38,M,Iqbal Town,Medium,1,0,0,0,None,2023-08-02
P001125,39,F,Model Town,High,0,1,0,0,None,2019-09-01
P001126,37,M,Askari,Medium,1,1,0,0,Private,2023-08-21
P001127,74,F,Green Town,Medium,1,0,0,0,None,2022-01-27
P001128,40,F,Wapda Town,Medium,0,0,0,0,,2022-07-21
P001129,38,M,Green Town,Low,0,0,0,0,None,2023-02-12
P001130,4,F,EME Society,Medium,1,0,0,0,None,2021-05-18
P001131,26,F,Allama Iqbal Town,Medium,0,0,0,0,Private,2021-04-27
P001132,37,F,EME Society,Medium,1,0,0,4,Government,2020-09-07
P001133,30,F,Cantt,,1,0,0,0,None,2019-05-07
P001134,67,F,Township Sector,Medium,0,0,0,0,Private,2022-11-10
P001135,39,M,Johar Town,Medium,0,0,0,0,Private,2023-02-23
P001136,65,M,Township,Medium,0,1,0,0,None,2020-12-07
P001137,43,F,Garden Town,Low,0,0,0,0,None,2024-12-15
P001138,43,F,Gulberg,High,0,0,0,0,None,2019-10-12
P001139,40,M,Township Sector,High,0,0,0,0,None,2024-02-23
P001140,42,M,Green Town,,0,0,0,0,Private,2024-02-11
P001141,73,M,Johar Town,High,1,0,0,0,None,2019-04-24
P001142,0,F,,,0,0,0,0,Private,2023-10-17
P001143,6,F,Defence,Medium,0,0,0,0,Government,2019-12-28
P001144,32,M,Johar Town,Medium,0,0,0,0,None,2020-10-13
P001145,42,F,Township Sector,Low,0,0,0,0,Private,2023-01-24
P001146,54,F,Shalimar,,0,0,0,1,Government,2019-01-18
P001147,51,F,Green Town,Low,1,1,0,0,None,2020-06-02
P001148,35,M,Cantt,High,0,1,0,0,Private,2020-06-05
P001149,60,F,Garden Town,Medium,0,0,0,0,Private,2019-04-10
P001150,61,M,Johar Town,,1,0,0,0,None,2022-05-25
P001151,45,M,Shalimar,Medium,0,0,0,0,Private,2022-12-24
P001152,59,F,Township Colony,Medium,0,0,0,4,None,2023-02-14
P001153,47,M,Garden Town,High,0,1,0,0,Government,2023-06-06
P001154,32,M,Green Town,Medium,0,0,0,0,None,2021-06-03
P001155,55,F,Faisal Town,Low,0,0,0,0,Government,2021-04-05
P001156,44,M,Township Colony,Low,0,0,0,0,Government,2024-02-21
P001157,42,F,Askari,Medium,0,1,0,0,Government,2019-03-26
P001158,69,F,Johar Town,Medium,1,0,0,0,Private,2020-07-27
P001159,0,M,,Medium,0,0,0,0,None,2020-12-01
P001160,16,M,Wapda Town,Low,0,0,0,0,Government,2024-08-28
P001161,21,F,Defence,,0,0,0,0,Private,2020-02-12
P001162,35,M,EME Society,High,1,0,0,0,Private,2022-11-18
P001163,37,M,Bahria Town,Medium,0,0,0,0,Government,2021-01-09
P001164,15,M,Shalimar,Low,0,0,0,0,Private,2023-06-30
P001165,24,F,Green Town,Low,1,0,0,0,None,2021-04-17
P001166,27,F,Cantt,Low,0,0,1,0,None,2022-03-28
P001167,86,F,Samanabad,Medium,1,1,0,0,Private,2019-11-01
P001168,74,M,Askari,Medium,0,1,0,0,Government,2024-12-29
P001169,35,F,Township Sector,Medium,1,0,0,0,Private,2019-07-26
P001170,35,M,Gulberg,Medium,0,0,0,0,Government,2019-12-27
P001171,21,F,Faisal Town,High,0,0,0,2,Government,2021-07-30
P001172,8,M,Samanabad,Low,0,0,0,0,Government,2021-09-21
P001173,40,M,Defence,Low,0,0,0,0,Government,2021-10-16
P001174,24,M,EME Society,Medium,0,0,0,0,None,2020-07-31
P001175,40,M,Samanabad,High,0,0,0,0,Private,2020-05-07
P001176,13,M,Gulberg,Medium,0,0,0,0,Government,2020-08-15
P001177,28,F,Gulberg,Medium,0,0,0,0,None,2021-11-30
P001178,45,M,Model Town,Medium,0,0,0,0,Private,2023-11-14
P001179,49,M,Shalimar,Low,0,1,0,0,None,2019-10-03
P001180,50,M,Askari,,0,1,0,0,Private,2022-06-08
P001181,18,F,Wapda Town,Medium,0,0,0,0,,2021-06-14
P001182,57,M,Garden Town,High,0,0,1,0,None,2019-08-16
P001183,28,F,Wapda Town,Low,0,0,0,0,Private,2021-06-01
P001184,53,F,Township,Medium,1,1,0,0,None,2024-07-28
P001185,42,F,Gulberg,High,0,0,1,0,None,2019-12-25
P001186,17,F,,Medium,0,0,0,0,Private,2019-11-12
P001187,36,F,Shalimar,Medium,1,1,0,0,,2024-10-08
P001188,49,F,,Low,1,0,0,0,,2023-04-06
P001189,53,M,Bahria Town,Low,0,1,0,0,,2021-06-11
P001190,39,F,Bahria Town,Low,0,0,0,0,Private,2023-01-25
P001191,70,F,Cantt,Low,1,0,0,0,None,2022-08-30
P001192,60,M,Samanabad,Medium,0,1,0,0,Private,2023-12-15
P001193,37,M,Garden Town,Medium,0,0,0,0,Government,2021-04-07
P001194,56,F,Garden Town,High,0,0,0,0,Private,2022-10-28
P001195,77,F,Gulberg,Low,0,0,0,0,,2020-01-03
P001196,77,M,Cantt,Low,1,1,0,0,Private,2021-04-14
P001197,20,M,Township Sector,Medium,1,0,0,0,None,2019-11-18
P001198,25,F,Garden Town,Low,1,0,0,0,Government,2020-03-19
P001199,69,F,Valencia,Low,1,0,0,0,Government,2023-08-06
P001200,23,M,Shalimar,Medium,1,0,0,0,Government,2022-03-27
P001201,18,M,EME Society,Low,0,0,0,0,None,2019-08-03
P001202,33,M,,Low,1,0,0,0,None,2019-03-14
P001203,50,M,,Low,1,0,0,0,None,2024-10-20
P001204,40,M,Garden Town,,1,1,0,0,None,2022-02-20
P001205,30,M,Iqbal Town,Low,0,0,0,0,None,2021-03-10
P001206,30,M,Cantt,Medium,0,0,0,0,None,2020-01-14
P001207,29,M,Model Town,Medium,0,0,0,0,Private,2020-05-19
P001208,26,F,Cantt,Medium,0,0,0,0,None,2022-11-13
P001209,83,F,Johar Town,Medium,1,0,0,1,None,2019-06-21
P001210,47,M,Wapda Town,Low,1,0,0,0,Private,2021-06-20
P001211,58,M,Township Colony,Low,1,0,0,0,None,2023-10-14
P001212,33,F,Wapda Town,Medium,1,0,0,0,None,2023-07-21
P001213,39,F,Allama Iqbal Town,High,0,0,0,0,Government,2021-06-26
P001214,29,,Cantt,Medium,0,0,0,0,Government,2022-07-16
P001215,0,M,Green Town,Medium,0,0,0,0,None,2023-01-31
P001216,17,F,Bahria Town,High,0,0,0,0,Government,2021-12-28
P001217,9,F,Valencia,Medium,0,0,0,0,Private,2023-03-22
P001218,2,F,Allama Iqbal Town,Medium,0,0,0,0,Government,2022-12-11
P001219,20,M,EME Society,Medium,0,0,0,0,None,2020-12-13
P001220,66,M,,High,1,1,1,1,None,2020-04-30
P001221,41,M,EME Society,,0,0,0,0,Government,2020-07-22
P001222,65,F,Green Town,Medium,1,0,0,0,None,2024-07-14
P001223,49,M,Iqbal Town,Medium,1,0,0,0,Government,2019-09-04
P001224,56,F,Samanabad,Medium,0,0,0,0,None,2019-06-04
P001225,26,M,Garden Town,,0,0,0,2,,2023-05-22
P001226,51,F,Gulberg,,0,0,0,0,None,2021-01-22
P001227,55,F,Askari,,0,1,0,0,None,2023-10-15
P001228,32,M,Shalimar,Low,0,0,1,0,None,2019-05-06
P001229,52,F,Bahria Town,Medium,1,1,0,0,Private,2023-11-24
P001230,52,M,Faisal Town,Low,1,0,0,0,Government,2022-07-07
P001231,32,M,Garden Town,Medium,0,0,0,0,Government,2019-01-09
P001232,22,F,Green Town,Low,0,0,0,0,Government,2021-04-13
P001233,21,F,Defence,Medium,1,1,0,0,Private,2019-03-02
P001234,44,M,Green Town,High,1,1,0,1,Government,2019-05-05
P001235,48,M,Valencia,Low,0,0,0,0,Private,2019-06-02
P001236,28,F,Valencia,Medium,0,1,0,0,Government,2022-12-31
P001237,42,F,Gulberg,,0,0,1,1,None,2021-12-05
P001238,52,M,Garden Town,Low,1,0,0,0,Government,2024-09-29
P001239,53,F,Faisal Town,Low,0,0,0,0,None,2023-02-15
P001240,70,M,Green Town,Medium,0,0,0,1,Government,2019-08-23
P001241,65,F,Allama Iqbal Town,High,1,0,0,0,Private,2024-05-21
P001242,24,F,Samanabad,,0,0,0,2,Private,2020-04-27
P001243,72,M,Gulberg,Low,1,0,0,0,Private,2020-12-28
P001244,32,F,EME Society,Low,1,0,0,0,Government,2020-08-20
P001245,61,F,Wapda Town,Medium,0,0,0,0,Private,2021-05-19
P001246,43,M,Model Town,Low,0,0,0,0,Private,2023-01-29
P001247,35,M,EME Society,Medium,0,0,0,0,None,2020-02-21
P001248,9,M,Green Town,Low,0,0,0,0,Government,2021-04-26
P001249,39,F,Wapda Town,Medium,0,0,0,0,,2024-02-25
P001250,14,M,Shalimar,Medium,0,0,0,0,None,2023-07-11
P001251,59,F,Samanabad,High,0,1,0,0,Private,2020-10-03
P001252,69,F,Township,Low,0,0,0,0,None,2021-10-10
P001253,28,F,Allama Iqbal Town,,1,0,0,0,Government,2023-01-20
P001254,47,F,Township Colony,Medium,0,1,0,0,None,2019-02-21
P001255,29,F,Green Town,Medium,0,0,0,0,Private,2023-08-17
P001256,31,M,Shalimar,Low,1,0,0,0,None,2020-01-16
P001257,56,F,Faisal Town,Low,1,1,0,0,Private,2021-05-21
P001258,41,M,Green Town,Medium,0,0,0,0,None,2020-12-01
P001259,73,M,Green Town,Medium,0,0,0,0,Private,2019-08-31
P001260,33,F,Gulberg,High,0,0,0,0,Government,2022-10-21
P001261,60,F,Township,High,0,0,0,0,Government,2020-11-28
P001262,44,F,,Medium,0,1,0,1,None,2023-01-30
P001263,56,F,Garden Town,High,1,0,0,0,Private,2020-12-02
P001264,34,M,Allama Iqbal Town,Medium,0,0,0,0,None,2022-11-02
P001265,41,M,Askari,Low,0,0,0,0,None,2024-10-05
P001266,40,M,Gulberg,Low,1,0,0,0,Government,2019-05-16
P001267,27,F,Model Town,Medium,1,0,0,0,,2019-04-28
P001268,54,F,Township Sector,Low,1,0,0,0,None,2021-03-19
P001269,54,F,Shalimar,,0,1,1,0,None,2023-09-16
P001270,53,M,Shalimar,Low,0,0,0,0,None,2022-10-23
P001271,70,F,Cantt,Low,0,0,0,0,None,2024-10-28
P001272,68,F,Iqbal Town,Medium,1,0,1,0,None,2022-11-01
P001273,35,M,Township,High,0,0,0,0,Private,2024-03-06
P001274,49,F,Shalimar,High,1,0,0,0,,2022-06-23
P001275,31,F,Askari,Low,0,0,0,0,Private,2020-03-10
P001276,42,M,Johar Town,Medium,1,0,0,0,Government,2021-07-22
P001277,31,F,Faisal Town,Medium,0,0,0,0,Government,2022-10-21
P001278,71,F,Valencia,High,0,1,0,0,Private,2019-01-20
P001279,49,F,Garden Town,Low,1,0,0,4,Private,2021-04-24
P001280,38,F,EME Society,,0,0,0,0,None,2022-05-09
P001281,63,M,Askari,Low,0,0,0,0,None,2021-08-15
P001282,3,F,Wapda Town,Medium,0,1,0,0,None,2020-07-26
P001283,6,M,Green Town,Low,0,0,0,0,Government,2021-08-02
P001284,56,F,Askari,High,0,0,0,0,Government,2021-02-10
P001285,43,M,Johar Town,Low,1,0,0,0,None,2023-05-25
P001286,47,M,Cantt,,0,0,0,0,Private,2022-08-01
P001287,18,F,Samanabad,Medium,1,0,0,0,None,2024-07-01
P001288,42,M,Township,Low,1,0,0,0,None,2021-11-13
P001289,78,M,Cantt,Low,1,0,0,0,Government,2022-11-18
P001290,57,M,,Medium,1,0,0,0,Government,2021-08-04
P001291,45,F,Cantt,,0,0,0,0,None,2023-06-04
P001292,34,M,Township,Medium,0,0,0,0,Private,2021-06-07
P001293,35,F,Johar Town,Medium,1,1,0,4,,2023-08-31
P001294,4,M,Cantt,Low,0,0,0,0,Government,2023-08-02
P001295,47,M,,High,0,0,0,4,None,2020-05-05
P001296,57,F,Iqbal Town,Low,0,0,0,0,None,2021-12-19
P001297,14,M,Wapda Town,Medium,0,0,0,0,Government,2023-09-09
P001298,30,M,Shalimar,High,0,0,0,0,None,2022-09-18
P001299,21,M,Green Town,High,1,0,0,2,None,2022-11-22
P001300,25,F,Valencia,Low,0,0,0,1,None,2019-07-25
P001301,43,F,Iqbal Town,Low,0,1,0,0,Government,2024-05-14
P001302,4,F,Model Town,Medium,0,0,0,0,Government,2022-08-29
P001303,53,F,Shalimar,Low,0,0,0,0,None,2019-06-13
P001304,56,M,Iqbal Town,Medium,0,0,0,1,Private,2019-05-05
P001305,37,F,Faisal Town,,0,0,0,0,None,2020-06-16
P001306,0,M,Johar Town,Low,0,0,0,0,None,2023-08-17
P001307,24,M,Township Sector,Medium,0,0,0,0,Government,2023-01-28
P001308,64,M,Model Town,Medium,0,0,1,0,,2019-01-24
P001309,0,F,Faisal Town,Medium,0,0,0,0,Government,2020-11-21
P001310,36,M,Cantt,Low,0,0,0,0,None,2023-06-19
P001311,21,M,Gulberg,Low,0,1,0,1,Government,2020-06-15
P001312,56,M,Township Sector,Low,0,0,0,0,None,2022-03-05
P001313,30,F,Samanabad,Medium,0,0,0,0,None,2023-09-02
P001314,49,M,Askari,Medium,0,0,0,0,None,2023-03-29
P001315,52,F,Model Town,High,0,0,0,0,None,2024-10-14
P001316,75,M,Defence,High,0,1,0,0,None,2020-06-19
P001317,38,F,Defence,Medium,0,0,0,0,None,2022-02-08
P001318,49,F,Samanabad,High,0,1,0,2,None,2022-02-25
P001319,15,M,Allama Iqbal Town,Low,0,0,0,0,None,2021-07-21
P001320,63,F,Township Sector,Medium,0,1,0,0,,2024-01-23
P001321,28,M,Valencia,Medium,1,0,0,0,Government,2021-02-21
P001322,32,M,Faisal Town,Medium,0,1,0,0,,2020-04-10
P001323,42,F,Gulberg,Medium,0,0,0,0,None,2019-01-23
P001324,14,F,Bahria Town,Low,0,0,0,0,None,2019-02-26
P001325,46,F,Township Sector,High,1,0,0,0,Government,2019-07-21
P001326,59,M,Township Sector,,0,0,0,4,Government,2023-07-08
P001327,47,M,Askari,High,1,0,0,0,None,2022-06-12
P001328,13,F,Gulberg,Medium,0,0,0,0,None,2023-03-21
P001329,40,F,Township Sector,High,0,0,0,0,,2020-05-25
P001330,55,F,Valencia,,0,0,0,0,None,2019-11-25
P001331,8,M,Bahria Town,Medium,0,0,0,0,None,2023-08-03
P001332,23,F,Valencia,Medium,1,0,0,1,None,2021-01-18
P001333,58,F,Samanabad,High,0,0,0,0,None,2023-08-27
P001334,47,M,EME Society,Medium,1,0,0,0,Private,2021-07-02
P001335,49,F,Samanabad,Medium,0,1,0,0,None,2019-10-14
P001336,75,F,Defence,High,1,0,0,0,None,2019-03-27
P001337,50,M,Samanabad,,0,0,0,0,None,2019-07-13
P001338,54,M,Johar Town,Medium,0,0,1,0,None,2021-04-14
P001339,91,F,Iqbal Town,Low,1,0,0,0,None,2020-11-15
P001340,38,M,EME Society,Medium,1,0,0,0,Government,2019-07-25
P001341,28,F,Township Colony,Low,0,1,0,0,None,2020-05-11
P001342,50,M,Wapda Town,Low,1,0,0,0,None,2024-12-15
P001343,50,F,Iqbal Town,Low,0,0,0,2,Private,2022-09-17
P001344,33,M,Faisal Town,Low,0,0,0,0,None,2024-11-19
P001345,23,F,Bahria Town,Low,0,0,0,0,Private,2022-01-18
P001346,84,M,Garden Town,Medium,1,0,0,0,None,2022-05-25
P001347,48,M,Cantt,Low,0,1,0,0,Private,2021-12-28
P001348,29,F,Defence,Low,1,0,0,0,Private,2021-11-15
P001349,58,,Samanabad,Low,1,1,0,0,None,2020-10-21
P001350,40,M,Samanabad,Low,1,0,0,0,Government,2024-10-16
P001351,37,,Shalimar,Low,0,1,0,0,None,2019-06-17
P001352,52,M,Green Town,High,0,1,0,0,Private,2023-01-01
P001353,19,M,Allama Iqbal Town,Medium,0,0,1,0,Private,2024-04-12
P001354,48,F,,Medium,0,0,0,0,Government,2019-10-17
P001355,76,F,Bahria Town,Medium,0,0,0,0,Government,2024-07-30
P001356,50,M,Wapda Town,Low,1,0,0,3,None,2020-04-09
P001357,35,F,Cantt,Medium,0,0,0,0,None,2024-10-15
P001358,33,M,Township Colony,High,0,0,0,0,None,2022-12-06
P001359,35,F,Wapda Town,Low,0,1,0,4,Private,2021-09-26
P001360,37,F,Shalimar,Low,1,0,0,0,Government,2024-09-06
P001361,35,F,Askari,Medium,0,0,0,2,Private,2020-02-25
P001362,58,F,Defence,Low,1,0,0,0,Government,2020-12-28
P001363,11,M,,Low,0,0,0,2,Government,2022-07-22
P001364,58,F,Shalimar,Medium,0,0,0,0,None,2019-09-14
P001365,35,M,Bahria Town,Medium,1,0,0,0,Private,2019-12-25
P001366,49,M,Defence,Low,0,0,0,0,Private,2023-07-21
P001367,22,F,Green Town,Medium,0,0,0,0,None,2019-10-30
P001368,66,F,Township,Low,1,0,0,0,Private,2020-03-26
P001369,64,M,Gulberg,Low,0,1,0,0,Government,2024-05-08
P001370,59,M,Samanabad,Medium,0,0,0,0,Government,2019-07-30
P001371,15,F,Gulberg,Medium,1,0,0,3,None,2022-10-04
P001372,57,F,,,0,1,0,2,Government,2023-02-19
P001373,49,M,EME Society,Medium,1,1,0,1,Private,2019-07-16
P001374,13,F,Gulberg,Medium,0,0,0,0,Government,2022-04-11
P001375,42,M,Township Sector,High,0,0,0,0,None,2021-06-21
P001376,49,F,Samanabad,,0,0,0,1,Government,2021-08-20
P001377,52,M,Township,Medium,0,0,0,0,Government,2020-12-09
P001378,45,F,Iqbal Town,Medium,0,0,0,0,,2019-04-27
P001379,47,M,Wapda Town,Low,0,0,0,0,None,2022-01-06
P001380,69,F,Askari,Medium,1,0,0,0,None,2019-01-29
P001381,64,F,EME Society,Low,1,1,0,0,Private,2021-07-09
P001382,0,F,Iqbal Town,Medium,1,0,0,1,None,2021-07-01
P001383,36,M,Garden Town,Medium,1,0,0,0,Government,2022-08-23
P001384,39,F,Shalimar,Medium,0,0,0,0,Private,2022-08-12
P001385,10,F,Gulberg,Low,0,0,0,0,Government,2023-07-13
P001386,44,M,EME Society,Medium,0,0,0,0,Private,2024-04-04
P001387,64,F,Township Colony,Medium,0,0,0,1,,2022-01-24
P001388,22,F,Defence,High,1,1,0,0,None,2022-07-30
P001389,48,M,Iqbal Town,Medium,1,0,0,1,Private,2022-02-08
P001390,26,M,Township Sector,Low,1,0,0,0,Government,2021-12-03
P001391,30,M,Valencia,Low,0,0,0,0,,2022-08-06
P001392,69,F,Model Town,Medium,0,0,0,1,Government,2020-01-21
P001393,32,F,,,0,1,0,0,Government,2019-03-13
P001394,50,M,,High,0,1,0,0,None,2019-12-11
P001395,8,F,Iqbal Town,Medium,0,0,0,0,None,2020-01-08
P001396,76,M,Faisal Town,Medium,1,0,0,0,None,2022-08-31
P001397,53,F,Shalimar,Medium,0,0,0,0,Government,2019-08-23
P001398,39,M,Bahria Town,Low,0,0,0,0,Government,2021-02-16
P001399,52,M,Askari,Medium,1,1,0,0,Private,2019-08-21
P001400,17,F,Defence,Medium,0,0,0,2,Government,2019-12-08
P001401,63,F,Johar Town,Low,0,1,0,0,None,2022-11-07
P001402,36,F,Township Sector,Medium,1,1,0,0,Government,2021-05-22
P001403,38,F,Faisal Town,Medium,1,0,0,0,Government,2023-11-14
P001404,33,M,Township Sector,,0,0,0,0,Private,2023-05-31
P001405,32,F,Allama Iqbal Town,High,0,0,0,0,Government,2020-06-26
P001406,55,F,Township Colony,Low,0,0,0,0,Government,2019-06-20
P001407,47,F,Johar Town,Medium,0,0,0,0,,2024-10-09
P001408,54,M,Green Town,High,0,0,0,0,Private,2019-10-19
P001409,42,F,EME Society,Low,0,0,0,0,Private,2023-02-03
P001410,51,F,Cantt,Medium,0,0,0,0,None,2022-07-05
P001411,34,M,Johar Town,Medium,0,0,0,0,,2023-12-02
P001412,82,F,Johar Town,Medium,0,0,0,0,None,2022-04-20
P001413,14,F,Askari,,0,0,0,0,Government,2019-01-18
P001414,65,M,Gulberg,Medium,1,0,0,0,Government,2019-12-05
P001415,67,F,Defence,Medium,0,0,0,2,None,2023-12-24
P001416,27,M,Askari,Low,0,0,0,0,Government,2022-08-10
P001417,82,M,Garden Town,Low,0,0,0,1,None,2023-08-13
P001418,60,M,,Medium,0,0,0,0,Government,2022-10-16
P001419,59,F,Township Colony,Low,0,0,0,0,None,2024-11-21
P001420,43,F,Iqbal Town,Medium,1,0,0,0,None,2019-07-01
P001421,38,F,,Low,0,0,0,0,Private,2019-06-29
P001422,38,,Model Town,Low,0,0,1,0,Private,2023-05-09
P001423,49,F,Bahria Town,Medium,0,0,0,0,None,2019-04-02
P001424,67,M,Cantt,,1,0,0,0,None,2019-09-04
P001425,45,M,Township Colony,Low,0,0,0,0,None,2023-05-08
P001426,26,F,EME Society,Medium,0,1,0,0,None,2023-07-19
P001427,57,M,Green Town,Low,0,1,0,0,Government,2024-01-25
P001428,59,M,Wapda Town,Low,1,0,0,0,None,2020-06-13
P001429,54,M,Shalimar,High,1,0,0,0,None,2023-01-09
P001430,55,M,Allama Iqbal Town,High,0,0,0,0,None,2020-05-08
P001431,37,M,,Medium,0,0,0,0,Government,2024-12-15
P001432,25,F,Wapda Town,Medium,0,0,1,0,None,2023-01-07
P001433,26,F,Garden Town,High,0,1,0,0,Government,2023-08-14
P001434,13,M,Faisal Town,Medium,0,1,0,0,None,2022-12-21
P001435,46,M,Wapda Town,Low,1,0,0,0,None,2024-11-29
P001436,40,M,Cantt,Low,0,1,0,0,Private,2020-08-14
P001437,34,M,Defence,Low,0,0,0,0,Private,2023-07-30
P001438,0,F,Township Sector,Medium,0,0,0,4,Government,2024-10-15
P001439,20,F,,Medium,0,1,0,0,Private,2020-04-08
P001440,62,M,Township Sector,,0,0,0,0,Government,2021-04-30
P001441,30,F,Green Town,Low,0,0,0,1,Private,2023-03-23
P001442,48,M,Cantt,Low,0,1,0,0,,2021-06-05
P001443,17,M,Defence,Medium,0,0,0,0,Private,2023-03-20
P001444,68,M,Iqbal Town,High,0,1,0,0,None,2020-03-15
P001445,39,F,EME Society,Medium,0,1,0,0,None,2019-06-15
P001446,47,M,Johar Town,Medium,0,1,0,0,Government,2019-05-08
P001447,84,F,Askari,,0,0,0,0,None,2020-02-18
P001448,69,M,Gulberg,Medium,0,0,0,0,Private,2023-11-30
P001449,36,F,Township,Medium,0,0,0,0,Government,2023-01-21
P001450,31,M,Johar Town,,0,1,0,0,Government,2021-01-02
P001451,36,F,Johar Town,Medium,1,0,0,0,None,2023-01-12
P001452,51,F,Model Town,High,0,0,0,0,Private,2021-12-09
P001453,40,F,Askari,,0,1,1,2,Government,2020-01-19
P001454,35,F,Shalimar,Medium,0,0,0,0,None,2023-09-14
P001455,68,F,Iqbal Town,High,1,0,0,0,None,2019-03-26
P001456,40,M,Valencia,Medium,0,0,0,0,None,2019-08-23
P001457,83,M,Faisal Town,Medium,1,0,0,0,Government,2020-07-19
P001458,44,F,Allama Iqbal Town,Low,1,0,0,2,Private,2022-09-15
P001459,74,M,Askari,High,0,1,0,0,Private,2021-02-17
P001460,48,M,Allama Iqbal Town,Low,1,0,0,0,,2021-03-06
P001461,59,M,Township Colony,Low,1,0,0,1,,2022-03-25
P001462,29,F,Township Colony,Low,0,0,0,0,,2024-01-04
P001463,27,F,Garden Town,Medium,0,0,0,0,,2020-12-19
P001464,50,M,Township Colony,Medium,0,0,0,0,Private,2021-05-02
P001465,60,F,Allama Iqbal Town,,1,0,0,0,None,2019-03-25
P001466,43,F,Iqbal Town,,0,0,0,0,Private,2024-09-19
P001467,19,M,Green Town,,0,0,0,0,Government,2024-01-22
P001468,18,F,Johar Town,Medium,0,0,0,0,Government,2021-03-29
P001469,16,M,Wapda Town,Medium,0,0,0,0,None,2024-02-01
P001470,10,F,Model Town,,0,0,0,0,None,2019-03-11
P001471,44,M,Township Sector,Low,1,0,0,1,None,2019-06-09
P001472,62,M,EME Society,Medium,1,0,0,2,None,2022-04-13
P001473,42,M,Valencia,Medium,0,0,0,0,,2022-05-04
P001474,1,M,Johar Town,Low,0,0,0,0,Government,2019-10-11
P001475,39,M,Iqbal Town,,1,0,0,0,None,2022-01-26
P001476,39,F,Township,Low,0,0,0,1,Government,2019-11-01
P001477,80,M,Johar Town,Medium,1,0,0,0,None,2021-09-22
P001478,16,M,Askari,Low,0,0,0,0,,2021-11-21
P001479,35,F,Gulberg,Low,0,0,0,0,None,2020-04-01
P001480,73,F,Samanabad,Low,1,0,0,0,Private,2020-09-21
P001481,50,F,Garden Town,,0,0,0,0,Private,2022-02-04
P001482,52,,Garden Town,Medium,0,0,0,0,None,2022-04-04
P001483,44,M,Green Town,Low,0,0,0,0,Private,2024-11-22
P001484,48,F,Township Sector,Low,0,0,0,0,None,2022-12-14
P001485,56,F,Iqbal Town,Medium,0,0,0,0,Government,2023-07-03
P001486,27,M,Garden Town,Low,0,0,0,0,None,2024-05-25
P001487,58,F,Valencia,,0,1,0,0,Government,2021-04-11
P001488,17,M,EME Society,Medium,0,0,0,0,None,2020-09-21
P001489,48,F,Samanabad,High,0,0,0,0,None,2022-07-06
P001490,45,F,Defence,Low,0,0,0,0,None,2022-01-23
P001491,31,F,Cantt,High,0,0,0,0,Private,2022-11-05
P001492,42,M,EME Society,Medium,0,0,0,0,Private,2023-07-26
P001493,31,M,Defence,Medium,1,0,0,0,Private,2022-08-17
P001494,23,F,Garden Town,High,0,0,0,0,Government,2022-06-30
P001495,36,F,Askari,Medium,1,1,0,1,None,2023-11-26
P001496,22,F,Bahria Town,Low,0,0,0,0,,2021-03-01
P001497,48,F,Township,Medium,0,0,0,0,None,2020-02-02
P001498,21,M,Township Colony,Medium,0,0,0,3,None,2019-07-08
P001499,55,F,Garden Town,High,0,1,0,0,None,2020-01-09
P001500,21,F,Green Town,Medium,0,0,0,2,Private,2020-02-21
P001501,32,F,Wapda Town,Medium,0,0,0,0,Private,2021-08-27
P001502,31,F,Valencia,Low,0,0,0,0,Private,2019-03-22
P001503,66,F,Samanabad,Low,1,1,0,0,Government,2023-08-21
P001504,200,F,Green Town,Medium,0,0,0,0,Government,2022-09-08
P001505,38,F,Township,Medium,0,0,0,0,Government,2020-07-19
P001506,51,F,Faisal Town,Low,1,1,0,0,Private,2022-01-12
P001507,4,F,Gulberg,Medium,0,0,0,0,,2019-07-09
P001508,41,M,Bahria Town,,0,0,0,0,Government,2020-10-17
P001509,78,F,Johar Town,Medium,1,1,0,0,Government,2021-11-22
P001510,44,F,Model Town,,0,1,0,1,None,2024-09-10
P001511,43,F,Township,,0,0,0,0,Private,2022-11-27
P001512,52,M,EME Society,Medium,1,0,0,0,None,2022-01-02
P001513,58,M,Faisal Town,High,0,0,0,0,,2024-12-20
P001514,6,M,Valencia,Low,0,0,0,0,None,2024-12-07
P001515,12,M,Valencia,Medium,0,0,0,0,Government,2022-03-16
P001516,46,M,Township Colony,Medium,0,1,0,0,None,2021-03-16
P001517,29,F,Askari,,1,0,0,0,None,2021-03-03
P001518,66,M,Valencia,Medium,1,0,0,0,Private,2022-09-24
P001519,36,M,Cantt,Low,0,0,0,0,Government,2023-09-19
P001520,7,F,Samanabad,Medium,0,0,0,4,Government,2020-11-09
P001521,19,F,Valencia,Medium,0,0,0,0,Government,2024-02-02
P001522,0,F,Johar Town,Low,0,0,1,0,None,2024-08-03
P001523,38,F,Defence,Medium,0,0,0,0,Government,2022-05-25
P001524,39,M,Model Town,Medium,0,0,0,0,Government,2020-07-16
P001525,34,F,Allama Iqbal Town,Medium,0,0,0,0,Private,2020-10-13
P001526,61,M,Wapda Town,High,1,0,0,0,None,2020-03-05
P001527,64,M,Iqbal Town,Medium,1,1,0,0,Government,2020-08-02
P001528,39,F,Township Sector,Low,0,0,0,0,Government,2022-10-26
P001529,4,F,Gulberg,,0,0,0,0,Government,2019-04-22
P001530,53,M,Model Town,Low,0,0,0,0,Government,2020-12-14
P001531,52,M,Wapda Town,Low,0,1,0,0,Government,2024-01-30
P001532,48,F,Green Town,High,0,0,0,0,None,2024-03-24
P001533,60,F,Allama Iqbal Town,High,0,1,0,0,None,2019-06-14
P001534,21,M,,,0,0,0,0,Government,2019-09-24
P001535,78,M,Allama Iqbal Town,Medium,0,0,0,0,Government,2020-05-29
P001536,25,F,,Medium,0,1,0,0,Government,2019-05-15
P001537,55,F,Cantt,High,0,0,0,0,Government,2022-05-28
P001538,12,M,EME Society,High,0,0,0,0,None,2019-03-02
P001539,25,F,Allama Iqbal Town,Low,1,0,0,0,Private,2020-06-21
P001540,69,F,Garden Town,High,0,0,0,0,Private,2020-10-26
P001541,37,M,Defence,Medium,0,1,0,0,Government,2024-04-04
P001542,57,F,Allama Iqbal Town,Low,1,1,0,0,Government,2023-11-01
P001543,46,F,Faisal Town,Low,0,0,0,0,,2023-06-23
P001544,40,M,Faisal Town,Low,0,0,0,4,None,2024-07-12
P001545,67,M,Shalimar,High,0,1,0,0,None,2024-11-22
P001546,38,F,Faisal Town,Medium,0,0,0,1,Government,2024-06-01
P001547,10,F,Garden Town,Medium,0,0,0,1,Government,2024-08-28
P001548,28,M,Gulberg,Low,0,0,0,0,None,2024-08-01
P001549,52,M,Model Town,Medium,1,0,0,0,Private,2020-04-23
P001550,49,M,Askari,,0,0,0,0,Government,2020-10-16
P001551,14,M,Township Colony,High,0,0,0,0,None,2021-11-05
P001552,29,M,Township Sector,Medium,1,1,0,0,None,2022-04-24
P001553,32,M,Cantt,Medium,0,1,0,0,Private,2021-09-22
P001554,35,M,Township Colony,Medium,1,1,0,0,None,2021-02-06
P001555,17,F,Iqbal Town,Medium,1,0,0,0,None,2021-08-17
P001556,31,M,EME Society,High,1,0,0,3,Private,2023-03-26
P001557,29,M,Cantt,Medium,0,0,0,0,None,2023-06-18
P001558,56,F,Defence,High,0,0,0,0,Private,2024-06-13
P001559,57,F,Gulberg,Low,1,1,0,0,Government,2023-10-27
P001560,39,M,Township Colony,Medium,0,0,0,0,None,2019-12-28
P001561,35,F,Samanabad,High,0,0,0,0,Government,2020-03-18
P001562,45,M,,High,0,0,0,1,Government,2021-11-21
P001563,27,F,Township Colony,Medium,0,0,0,0,None,2024-03-07
P001564,21,F,Gulberg,Medium,1,0,0,0,Private,2021-09-09
P001565,25,F,Township,Medium,1,0,0,0,Government,2019-10-09
P001566,31,M,Allama Iqbal Town,Low,0,1,0,0,None,2024-06-11
P001567,21,,Defence,High,0,0,0,0,Government,2022-07-20
P001568,45,M,Green Town,Low,0,0,0,0,Government,2024-04-24
P001569,55,F,Shalimar,Low,0,1,0,0,None,2021-03-01
P001570,13,F,Green Town,Medium,0,0,0,0,None,2024-03-01
P001571,42,F,Valencia,Medium,0,0,0,0,Private,2019-05-01
P001572,38,F,,Low,0,1,0,1,Private,2023-06-22
P001573,48,M,Bahria Town,Low,1,0,0,0,None,2024-11-24
P001574,42,M,Bahria Town,High,0,0,0,0,Private,2024-07-01
P001575,16,F,Bahria Town,Medium,0,0,0,1,Private,2021-10-07
P001576,19,F,Model Town,High,0,1,0,3,None,2024-12-23
P001577,43,M,Shalimar,Low,0,0,0,0,None,2024-11-28
P001578,61,M,Defence,Medium,0,0,0,0,None,2019-10-13
P001579,2,F,Cantt,Low,0,0,0,0,Government,2021-12-07
P001580,48,M,Garden Town,Medium,0,1,0,0,None,2024-06-19
P001581,63,F,Askari,Low,0,0,0,0,None,2024-03-27
P001582,39,F,Wapda Town,Low,1,0,0,0,None,2022-04-24
P001583,52,,Bahria Town,Medium,0,0,0,0,Government,2020-06-11
P001584,29,M,Johar Town,Medium,0,1,0,0,None,2020-08-11
P001585,40,M,Township Colony,Medium,0,0,0,0,None,2019-07-22
P001586,13,F,Wapda Town,Medium,0,0,0,0,None,2022-05-31
P001587,0,F,Garden Town,Medium,0,0,0,0,None,2019-02-28
P001588,59,M,Garden Town,Medium,1,1,0,0,Government,2021-12-22
P001589,24,F,Faisal Town,Medium,0,0,0,0,None,2020-01-19
P001590,34,F,Allama Iqbal Town,Medium,1,0,0,0,None,2022-03-30
P001591,17,M,Faisal Town,High,0,0,0,0,None,2019-05-04
P001592,17,,Cantt,Low,0,0,0,0,Private,2021-03-26
P001593,39,F,Valencia,Medium,0,0,0,0,Government,2021-01-26
P001594,29,F,Township,High,0,0,0,0,,2022-11-15
P001595,49,M,Shalimar,High,0,0,0,0,Government,2023-01-31
P001596,50,F,Shalimar,Medium,0,0,0,0,None,2023-01-23
P001597,48,F,Gulberg,Medium,0,0,0,0,None,2021-12-13
P001598,46,F,Shalimar,Medium,0,0,0,2,Private,2019-05-16
P001599,70,F,Valencia,High,1,0,0,0,Government,2024-05-31
P001600,23,F,Iqbal Town,Medium,0,0,0,0,Government,2023-08-14
P001601,41,M,Green Town,Low,1,1,0,0,Government,2023-01-01
P001602,62,F,Gulberg,High,1,1,0,1,Government,2022-04-08
P001603,65,F,Model Town,Medium,0,0,0,0,Private,2022-05-25
P001604,16,F,Green Town,Low,0,0,0,0,None,2024-03-29
P001605,36,F,EME Society,Low,0,0,0,0,,2020-11-11
P001606,66,F,Township Sector,Medium,0,1,0,0,None,2022-11-26
P001607,51,M,Samanabad,,0,0,0,0,None,2024-12-15
P001608,46,M,Bahria Town,Medium,0,0,0,0,Government,2024-12-16
P001609,38,M,Wapda Town,Low,0,0,0,0,None,2023-07-11
P001610,35,F,Garden Town,Low,0,0,0,0,Private,2023-06-14
P001611,47,M,Defence,Medium,0,0,0,0,None,2019-09-09
P001612,37,M,Garden Town,Low,0,0,0,0,None,2021-08-27
P001613,41,F,Defence,,0,0,0,0,Government,2024-01-06
P001614,43,F,Johar Town,Medium,0,0,1,0,None,2020-06-06
P001615,30,M,Model Town,Low,0,0,0,0,,2021-01-18
P001616,52,F,Model Town,Medium,0,0,0,0,None,2022-10-18
P001617,94,F,Defence,Low,1,1,0,0,Private,2024-10-17
P001618,10,M,Township Colony,Medium,1,0,0,0,Private,2021-12-25
P001619,48,F,Valencia,Medium,0,0,0,3,Government,2023-10-26
P001620,28,M,Askari,Medium,0,1,0,3,,2021-08-04
P001621,52,F,,High,1,0,0,0,None,2022-12-04
P001622,43,F,Model Town,Low,1,0,0,0,Private,2023-12-20
P001623,56,F,,Medium,0,0,0,0,Government,2024-04-10
P001624,63,F,Township Sector,Low,0,0,0,0,,2024-07-01
P001625,45,M,Township Sector,High,1,0,1,0,Private,2024-03-09
P001626,62,M,Wapda Town,Low,0,1,0,1,Private,2021-09-27
P001627,0,M,Gulberg,Medium,0,0,0,0,Government,2019-08-15
P001628,71,F,Samanabad,Low,1,0,0,0,Private,2019-03-09
P001629,49,F,Wapda Town,Medium,1,1,0,0,None,2024-12-15
P001630,61,F,Iqbal Town,Low,0,1,1,0,Government,2024-04-09
P001631,20,F,Township,Low,0,0,0,1,Private,2020-10-06
P001632,27,M,Defence,Low,0,0,0,1,None,2019-04-06
P001633,45,F,EME Society,Low,1,0,0,0,Government,2022-07-03
P001634,42,F,Model Town,Medium,0,0,0,0,None,2021-09-10
P001635,47,F,Valencia,Medium,1,0,0,0,Private,2021-12-16
P001636,62,M,Township Colony,Low,0,0,0,3,Private,2020-12-27
P001637,10,F,Gulberg,High,1,0,0,0,Government,2019-01-15
P001638,60,M,Samanabad,,0,0,0,0,Government,2021-03-01
P001639,42,M,Defence,Low,0,0,0,2,None,2021-06-13
P001640,38,M,Valencia,Medium,1,0,0,0,Government,2022-11-01
P001641,16,F,Askari,Medium,0,0,1,0,,2020-05-28
P001642,51,F,Gulberg,Medium,0,0,0,0,Private,2024-02-18
P001643,0,F,Township Sector,High,0,0,0,0,Government,2023-12-02
P001644,54,M,Township Sector,Medium,1,1,0,0,None,2023-04-26
P001645,15,M,Green Town,High,0,0,0,0,Private,2021-04-05
P001646,43,M,Wapda Town,Medium,0,0,0,0,None,2021-08-12
P001647,40,F,Green Town,High,0,0,0,0,Government,2024-08-23
P001648,63,F,Shalimar,Medium,1,1,0,0,Government,2023-08-16
P001649,39,M,Askari,Medium,1,0,0,2,Government,2022-06-03
P001650,30,F,Faisal Town,Medium,0,0,0,0,Private,2022-11-16
P001651,33,F,Iqbal Town,,0,0,0,1,None,2024-11-06
P001652,65,M,Samanabad,,0,1,0,0,None,2021-12-11
P001653,52,F,Allama Iqbal Town,Low,0,0,0,1,Government,2021-02-28
P001654,35,F,Gulberg,Low,0,1,0,1,Government,2021-01-01
P001655,38,F,,Low,0,0,0,0,Private,2024-03-24
P001656,14,F,Gulberg,High,0,0,0,3,Government,2021-12-04
P001657,49,M,Faisal Town,,0,0,0,0,Government,2021-03-25
P001658,10,F,Township Sector,Low,0,0,0,4,None,2023-09-19
P001659,56,F,Shalimar,Medium,1,0,0,0,None,2024-02-02
P001660,44,F,Johar Town,,0,0,0,1,Government,2023-02-10
P001661,85,F,Allama Iqbal Town,Medium,1,1,0,0,Private,2024-03-25
P001662,22,M,,High,1,1,0,0,None,2023-11-05
P001663,40,M,Gulberg,Low,0,0,0,0,None,2023-01-09
P001664,74,F,Green Town,Medium,1,1,0,0,Government,2024-11-26
P001665,63,F,Gulberg,High,0,0,0,0,None,2021-04-03
P001666,29,F,Iqbal Town,Medium,0,0,1,0,Private,2024-10-26
P001667,46,F,Johar Town,High,0,1,0,0,Private,2021-01-05
P001668,42,F,Garden Town,,0,0,0,2,Private,2024-07-04
P001669,47,M,Askari,Low,0,0,1,0,Private,2023-02-27
P001670,29,F,Valencia,Medium,1,0,0,0,None,2023-07-11
P001671,40,F,Township Colony,Low,0,0,0,0,None,2024-12-08
P001672,13,F,Allama Iqbal Town,High,0,0,0,4,Government,2024-12-15
P001673,44,M,Wapda Town,Medium,0,0,0,0,Government,2024-06-29
P001674,50,F,Gulberg,Low,1,0,0,0,Private,2021-11-05
P001675,38,M,Green Town,Medium,1,0,0,2,Government,2021-11-03
P001676,13,F,Garden Town,Medium,0,1,0,2,None,2019-11-11
P001677,60,M,Bahria Town,High,1,0,0,0,None,2021-04-15
P001678,49,M,Askari,Low,0,0,0,0,Private,2023-11-03
P001679,29,F,Faisal Town,,0,0,0,4,None,2022-07-16
P001680,37,F,Faisal Town,Low,1,1,0,0,None,2020-01-15
P001681,15,F,Wapda Town,High,0,0,0,0,Private,2020-11-08
P001682,24,M,Township Sector,,0,0,0,0,Private,2022-01-28
P001683,32,M,Model Town,Low,0,0,0,0,Government,2020-10-01
P001684,64,F,Township Colony,Medium,0,1,0,0,None,2024-05-28
P001685,30,F,Defence,,0,0,0,0,,2023-11-28
P001686,54,,Johar Town,Medium,0,0,0,0,None,2023-09-15
P001687,32,F,Shalimar,Low,0,0,0,0,,2023-11-30
P001688,46,M,Johar Town,Medium,0,0,0,0,Private,2020-11-22
P001689,39,F,,Medium,0,0,0,0,Government,2019-11-25
P001690,58,F,Allama Iqbal Town,Low,0,0,0,2,None,2020-05-26
P001691,32,M,Cantt,Low,1,0,0,2,Private,2019-11-22
P001692,14,M,,High,0,0,0,1,Government,2022-08-25
P001693,17,M,Township Colony,Medium,0,0,0,0,None,2020-06-07
P001694,32,F,Township Sector,Medium,0,1,0,0,Private,2023-07-15
P001695,20,M,Samanabad,High,1,0,0,0,None,2023-11-10
P001696,49,M,Johar Town,Low,1,0,0,0,Private,2023-08-02
P001697,34,F,Garden Town,Medium,1,0,0,3,Government,2020-10-30
P001698,85,F,Gulberg,,1,0,0,0,Government,2023-08-05
P001699,11,M,Iqbal Town,Low,0,0,0,0,Private,2020-02-07
P001700,46,F,Shalimar,High,0,0,0,4,Government,2019-01-07
P001701,22,M,,Medium,0,0,0,0,,2023-01-28
P001702,33,M,Township Colony,Low,0,1,0,0,Government,2023-03-16
P001703,45,M,,High,1,0,0,3,Government,2023-10-12
P001704,0,M,Defence,High,0,0,0,0,None,2022-12-10
P001705,46,M,EME Society,Medium,1,0,0,0,None,2021-12-09
P001706,76,F,EME Society,Low,1,0,0,3,None,2021-05-28
P001707,34,F,Johar Town,Low,0,1,0,0,Government,2023-03-28
P001708,47,M,Faisal Town,Medium,0,0,0,0,Government,2024-12-26
P001709,60,F,Green Town,High,0,1,1,4,None,2021-07-09
P001710,39,M,Gulberg,Low,0,0,0,0,None,2021-09-09
P001711,32,M,Defence,,0,0,0,2,Private,2020-06-17
P001712,1,F,Askari,Low,0,0,0,0,None,2019-06-03
P001713,54,M,Township Colony,,0,0,0,0,None,2023-04-23
P001714,40,F,Iqbal Town,,0,0,0,1,,2019-05-11
P001715,24,M,Township Sector,Low,0,0,1,0,None,2019-05-16
P001716,44,F,Shalimar,Medium,0,1,0,2,Government,2021-07-21
P001717,31,M,Johar Town,Medium,0,0,0,0,Private,2022-12-03
P001718,32,M,Iqbal Town,Medium,0,0,0,0,Government,2022-09-10
P001719,53,F,Samanabad,,0,1,0,4,Private,2024-12-01
P001720,18,F,Wapda Town,,0,0,1,0,Government,2024-12-27
P001721,61,F,Bahria Town,Low,0,1,0,0,None,2021-03-23
P001722,17,M,Bahria Town,Medium,0,1,0,0,None,2021-08-11
P001723,30,F,Garden Town,Medium,0,0,0,0,Government,2020-11-16
P001724,77,F,Valencia,,0,1,0,0,Private,2022-06-09
P001725,62,M,Cantt,High,0,0,0,0,,2022-08-15
P001726,44,F,Green Town,Low,0,0,0,0,Government,2024-01-21
P001727,25,F,Shalimar,Low,0,0,0,0,Private,2021-01-30
P001728,32,M,Cantt,,0,0,0,0,Government,2023-04-04
P001729,43,F,Allama Iqbal Town,High,1,0,0,0,None,2019-09-27
P001730,43,F,Cantt,,1,0,0,0,None,2024-06-18
P001731,40,M,Township Sector,Low,0,0,0,0,Private,2019-08-17
P001732,41,M,Township Colony,,0,0,0,0,,2022-11-01
P001733,38,F,Township Sector,Low,0,0,0,0,None,2019-11-09
P001734,16,M,Johar Town,Medium,0,0,0,0,None,2024-08-16
P001735,33,F,Defence,Medium,1,1,0,3,None,2024-02-16
P001736,58,F,Valencia,Medium,0,1,0,0,Government,2022-11-05
P001737,17,M,Valencia,Medium,0,1,0,0,Government,2021-07-05
P001738,39,F,Garden Town,Medium,1,0,0,0,Government,2019-10-08
P001739,27,F,Bahria Town,Low,0,0,0,0,Government,2024-10-17
P001740,44,M,EME Society,Low,0,0,0,0,Private,2021-01-22
P001741,35,F,Cantt,Medium,0,0,0,0,Private,2019-09-11
P001742,69,F,Iqbal Town,Low,0,0,0,3,None,2021-10-12
P001743,51,F,Faisal Town,Low,0,0,0,0,Government,2019-05-13
P001744,18,M,Iqbal Town,,1,0,0,0,None,2023-10-20
P001745,54,M,Iqbal Town,Medium,0,0,0,0,Government,2021-07-16
P001746,28,M,Township,Medium,0,0,0,0,None,2020-10-12
P001747,32,F,Shalimar,Medium,0,0,0,1,None,2020-07-17
P001748,48,M,Gulberg,Medium,1,0,1,1,None,2021-12-15
P001749,33,M,Faisal Town,Medium,0,0,0,0,Government,2019-07-03
P001750,58,F,Model Town,Low,1,1,0,0,None,2020-05-06
P001751,28,F,Samanabad,Medium,0,0,0,0,,2020-12-29
P001752,31,M,Township Colony,High,1,0,0,0,None,2021-03-30
P001753,30,F,Township Sector,,0,0,0,0,Government,2019-01-31
P001754,32,M,Bahria Town,Low,0,0,0,0,Private,2020-09-05
P001755,62,F,Askari,Medium,1,1,0,0,None,2021-04-14
P001756,53,F,Gulberg,Low,0,1,0,0,Government,2024-08-19
P001757,73,M,Cantt,Low,0,0,0,0,None,2024-05-03
P001758,83,M,Iqbal Town,High,0,1,0,0,None,2024-06-03
P001759,23,F,Askari,Low,0,0,0,0,Government,2020-01-31
P001760,43,M,Cantt,Low,1,1,0,0,Government,2023-05-19
P001761,21,F,Shalimar,Medium,0,0,0,0,Private,2019-01-12
P001762,28,M,Askari,Medium,0,1,0,0,Private,2019-09-26
P001763,31,F,Green Town,Medium,0,1,0,0,Private,2019-03-01
P001764,23,F,Defence,,0,0,0,0,Private,2024-08-25
P001765,23,F,Green Town,Medium,1,0,0,1,Private,2020-10-21
P001766,39,F,Township Sector,Low,0,0,0,0,Government,2019-12-10
P001767,20,F,Allama Iqbal Town,,0,0,0,0,,2019-09-08
P001768,57,F,Valencia,Low,0,0,0,2,Private,2019-04-30
P001769,25,M,Defence,Low,0,0,0,2,Government,2019-08-13
P001770,93,F,Bahria Town,Medium,1,0,0,0,None,2019-04-07
P001771,34,F,Gulberg,Low,0,0,0,0,Private,2022-07-21
P001772,43,F,,,0,1,0,0,Government,2020-09-05
P001773,19,M,Faisal Town,Low,0,0,0,0,None,2024-10-02
P001774,73,F,Faisal Town,Medium,0,0,0,0,Private,2019-12-19
P001775,62,F,Samanabad,Low,0,0,0,0,None,2020-02-20
P001776,47,M,Cantt,Medium,0,1,0,0,Government,2020-01-09
P001777,18,F,Samanabad,Low,0,0,0,0,Private,2021-01-18
P001778,46,M,Green Town,Low,0,0,0,0,Government,2020-09-13
P001779,22,F,Township,Low,0,0,0,0,None,2024-10-04
P001780,68,M,EME Society,,0,0,0,0,Private,2024-04-15
P001781,57,F,Askari,Medium,0,1,0,0,Government,2019-07-16
P001782,44,M,Faisal Town,Low,0,0,0,2,Private,2024-06-04
P001783,0,M,Green Town,Low,0,0,0,0,None,2024-11-24
P001784,24,F,Wapda Town,Low,0,0,0,0,,2024-06-07
P001785,54,F,Johar Town,Low,0,0,0,0,Government,2024-06-16
P001786,64,F,,Medium,0,0,1,0,Government,2023-09-10
P001787,62,F,Valencia,Medium,0,0,0,0,None,2020-08-16
P001788,13,M,Askari,High,0,0,0,1,,2022-12-15
P001789,47,M,,Medium,0,0,1,0,,2020-06-09
P001790,60,M,Shalimar,Low,0,0,0,0,None,2022-07-14
P001791,12,M,Model Town,Low,0,0,0,0,Government,2019-01-17
P001792,42,M,Defence,Low,0,0,0,3,Private,2024-12-16
P001793,47,M,Cantt,Low,0,0,0,0,Government,2019-01-05
P001794,37,F,Green Town,Medium,1,0,0,0,None,2020-11-14
P001795,9,F,Johar Town,Low,0,0,0,0,Private,2019-08-17
P001796,36,F,Allama Iqbal Town,Low,0,1,1,0,None,2023-05-27
P001797,36,F,Township Colony,Low,1,0,0,0,,2022-10-02
P001798,39,F,Defence,Medium,0,1,0,0,None,2019-05-23
P001799,32,F,Johar Town,,0,0,0,1,None,2022-07-03
P001800,34,F,EME Society,High,1,0,0,0,None,2019-07-12
P001801,41,F,Johar Town,Medium,0,0,0,0,Private,2023-01-06
P001802,50,,Allama Iqbal Town,Low,0,0,0,1,Private,2022-07-05
P001803,37,F,Township Sector,Medium,0,0,0,0,Government,2019-04-25
P001804,35,F,Township,Medium,1,0,0,0,None,2024-02-20
P001805,44,F,Iqbal Town,Medium,0,1,0,0,None,2019-06-15
P001806,7,M,Askari,Medium,0,0,0,0,None,2024-05-29
P001807,51,M,Askari,Low,0,1,0,0,None,2023-03-21
P001808,42,F,EME Society,Low,1,0,0,0,Private,2019-03-02
P001809,43,F,Garden Town,,0,1,0,0,Government,2021-01-26
P001810,59,F,Township Colony,Medium,0,0,0,0,Government,2020-09-14
P001811,7,F,Bahria Town,Medium,0,0,0,0,Government,2024-06-09
P001812,6,F,Iqbal Town,Medium,0,0,0,0,Government,2024-02-17
P001813,47,M,Bahria Town,High,0,1,0,0,Government,2021-03-30
P001814,42,F,Shalimar,Medium,0,0,0,0,None,2022-04-20
P001815,45,F,Gulberg,High,1,0,0,0,Private,2020-03-27
P001816,34,M,EME Society,Medium,0,1,0,0,None,2019-12-29
P001817,54,F,Township Sector,Medium,0,0,0,0,Private,2020-07-26
P001818,59,F,Township Colony,,1,0,0,0,Private,2021-09-26
P001819,51,F,Township Colony,Low,0,0,0,2,None,2019-01-30
P001820,37,M,,Low,0,0,0,0,Private,2023-09-24
P001821,4,F,Allama Iqbal Town,Medium,0,0,0,3,Private,2023-08-11
P001822,56,M,Askari,Low,0,0,0,0,None,2023-08-29
P001823,64,M,Allama Iqbal Town,Low,0,0,0,0,None,2023-05-22
P001824,54,F,EME Society,,0,0,1,0,None,2024-02-25
P001825,26,M,Garden Town,,0,0,0,0,Private,2019-09-30
P001826,54,F,Gulberg,Low,0,0,0,1,None,2019-02-17
P001827,57,F,EME Society,Low,0,0,0,0,None,2021-07-11
P001828,70,F,Cantt,High,0,0,0,0,Private,2020-11-06
P001829,26,,Wapda Town,High,1,0,0,0,None,2023-10-13
P001830,38,F,Garden Town,Medium,0,0,0,0,Private,2020-10-25
P001831,55,F,Green Town,,1,0,0,0,Private,2021-09-27
P001832,43,M,Askari,Low,0,1,0,0,None,2020-07-21
P001833,22,F,Bahria Town,Low,0,0,0,0,Private,2023-12-30
P001834,49,M,Allama Iqbal Town,,0,0,0,0,Government,2021-08-13
P001835,52,M,Samanabad,Medium,1,1,0,0,Private,2022-12-09
P001836,44,M,Defence,Medium,1,1,0,1,None,2021-06-26
P001837,46,M,Askari,Low,1,0,0,0,Private,2023-04-27
P001838,37,M,Township Sector,High,0,0,0,0,None,2021-05-25
P001839,69,F,EME Society,Medium,0,0,0,0,None,2024-06-05
P001840,26,M,Iqbal Town,Medium,0,0,0,0,Private,2021-08-12
P001841,31,M,Askari,Medium,1,0,0,0,Private,2021-01-13
P001842,42,M,Valencia,Medium,0,0,0,0,None,2020-11-14
P001843,58,M,Garden Town,High,0,0,0,0,None,2023-10-10
P001844,15,F,Cantt,Medium,0,0,0,0,Private,2024-11-18
P001845,18,F,Model Town,High,0,0,0,1,Government,2022-04-23
P001846,5,F,Gulberg,,0,0,0,0,Government,2022-06-03
P001847,43,F,Shalimar,Low,0,0,0,0,Private,2024-08-20
P001848,22,M,Township Colony,,0,0,0,0,Private,2021-10-12
P001849,35,M,Samanabad,Low,0,1,0,0,Private,2024-02-04
P001850,54,F,Township Sector,High,0,0,0,0,Private,2020-06-08
P001851,30,F,Shalimar,Low,1,0,0,0,None,2019-09-28
P001852,46,M,Township,Low,0,0,0,1,Private,2020-07-13
P001853,37,F,Askari,Low,1,0,0,0,Private,2019-08-31
P001854,54,M,Iqbal Town,Medium,0,0,0,0,Private,2023-07-21
P001855,51,M,Bahria Town,High,1,0,0,0,Private,2019-11-04
P001856,30,F,Garden Town,Medium,0,0,0,0,Private,2021-06-28
P001857,39,F,Samanabad,Low,1,0,0,0,None,2023-07-02
P001858,61,M,Township Colony,,0,1,0,2,None,2020-12-14
P001859,49,F,Bahria Town,,1,1,0,0,Private,2024-03-31
P001860,17,M,Iqbal Town,High,0,0,0,4,None,2020-02-12
P001861,54,F,Model Town,Low,0,0,0,0,None,2023-05-09
P001862,22,F,Green Town,High,1,0,0,0,None,2024-12-17
P001863,67,F,Township Sector,Medium,1,0,0,0,None,2020-11-15
P001864,60,M,Township,Medium,0,0,0,0,None,2021-03-03
P001865,47,M,Township Colony,Medium,0,0,0,0,Private,2023-05-02
P001866,45,M,Allama Iqbal Town,Low,0,1,0,0,None,2020-02-26
P001867,38,F,Wapda Town,Low,1,0,0,0,,2022-10-12
P001868,54,M,Faisal Town,Medium,1,0,0,1,Government,2023-06-04
P001869,35,F,Garden Town,Low,0,0,0,0,,2024-09-17
P001870,46,M,Defence,Medium,0,0,0,0,Private,2024-05-31
P001871,58,M,Model Town,Medium,0,1,0,0,None,2020-06-14
P001872,32,F,Green Town,High,0,0,0,0,Government,2023-07-16
P001873,31,M,Bahria Town,High,1,0,0,0,None,2023-09-22
P001874,21,F,Model Town,Low,0,0,0,0,None,2021-03-26
P001875,23,F,EME Society,,0,1,0,0,None,2024-04-30
P001876,9,F,Green Town,Medium,0,0,0,0,None,2023-05-24
P001877,55,M,Valencia,Low,0,1,0,0,None,2021-07-14
P001878,75,F,Johar Town,Medium,0,0,0,0,None,2020-11-29
P001879,68,M,Valencia,Medium,0,1,1,0,None,2019-09-28
P001880,13,F,Iqbal Town,Medium,0,0,0,1,None,2021-12-03
P001881,999,M,Gulberg,Medium,1,0,0,1,Government,2019-07-12
P001882,68,F,Green Town,High,0,0,0,0,Government,2019-08-13
P001883,34,F,Iqbal Town,Medium,1,0,0,0,Government,2023-01-12
P001884,44,M,Shalimar,High,0,1,0,0,,2020-09-17
P001885,6,M,Defence,Medium,0,0,0,0,Private,2022-06-03
P001886,47,F,Model Town,,0,0,0,0,Private,2022-01-17
P001887,23,F,EME Society,Low,0,0,0,0,None,2022-05-27
P001888,46,F,Garden Town,High,1,1,0,0,None,2019-06-10
P001889,14,M,Township Colony,Low,0,0,0,0,,2022-05-15
P001890,52,M,,Medium,0,0,0,0,None,2023-05-27
P001891,60,M,,Medium,0,0,0,0,None,2023-10-19
P001892,28,M,EME Society,Low,0,0,0,0,,2021-06-23
P001893,22,M,Green Town,Low,0,0,0,0,None,2021-09-26
P001894,3,F,Gulberg,Low,0,0,0,0,None,2022-03-06
P001895,37,F,Johar Town,Medium,0,0,0,0,,2022-11-05
P001896,32,M,Askari,Medium,0,0,0,0,Private,2021-10-03
P001897,14,F,Johar Town,High,0,0,0,0,Private,2022-11-20
P001898,50,F,Defence,Medium,0,0,0,0,Private,2023-04-06
P001899,34,M,Valencia,Medium,0,0,0,0,None,2023-05-31
P001900,23,M,Shalimar,Medium,0,1,0,0,Government,2022-10-25
P001901,32,M,Valencia,,1,0,0,0,,2024-10-16
P001902,61,F,Green Town,Low,0,0,0,0,None,2023-03-25
P001903,53,M,Johar Town,High,0,1,0,1,None,2024-09-24
P001904,40,F,Valencia,High,0,0,0,2,Government,2020-05-23
P001905,53,F,Gulberg,Low,1,0,0,0,None,2022-11-27
P001906,21,M,Faisal Town,High,0,0,0,1,Government,2022-10-06
P001907,43,M,Iqbal Town,Low,0,0,0,0,Private,2021-03-01
P001908,45,M,Bahria Town,High,0,0,0,0,None,2022-02-14
P001909,34,M,Allama Iqbal Town,Medium,1,0,0,0,None,2021-06-14
P001910,50,M,Johar Town,Low,1,1,0,0,None,2019-06-12
P001911,28,F,Valencia,Medium,0,1,0,0,Government,2021-04-13
P001912,51,F,EME Society,Medium,0,0,0,1,Private,2019-05-02
P001913,52,M,Shalimar,Low,1,0,0,0,None,2024-04-15
P001914,0,M,Defence,Medium,0,0,0,0,,2022-06-26
P001915,63,F,Garden Town,Medium,1,0,0,0,None,2022-08-06
P001916,0,F,Samanabad,Medium,0,0,0,0,Government,2022-07-03
P001917,31,F,Faisal Town,Medium,1,0,0,2,None,2021-03-19
P001918,60,F,,Low,0,0,0,4,Government,2023-08-20
P001919,36,M,Wapda Town,,0,1,0,0,None,2021-06-08
P001920,16,F,Township Colony,Medium,0,0,0,0,,2023-08-03
P001921,22,F,Gulberg,Low,0,0,0,0,None,2021-11-12
P001922,60,M,Askari,Medium,0,1,0,3,None,2021-09-24
P001923,7,F,Township,High,0,0,0,0,Private,2020-08-18
P001924,62,F,Askari,Medium,0,0,0,0,Private,2021-07-28
P001925,41,F,Gulberg,Medium,1,0,0,0,None,2020-06-04
P001926,21,F,Green Town,Medium,1,0,0,0,Government,2021-04-30
P001927,32,F,Wapda Town,,1,0,0,0,,2021-02-25
P001928,24,F,Township Colony,High,1,0,0,0,Private,2024-08-26
P001929,58,F,Model Town,Low,1,1,1,0,Private,2021-04-22
P001930,55,F,,Medium,1,0,0,0,None,2023-02-18
P001931,11,F,Shalimar,Low,0,1,0,0,None,2021-01-18
P001932,35,F,Township Sector,Low,0,1,0,0,,2021-02-03
P001933,26,M,Gulberg,Low,1,0,1,0,None,2021-03-13
P001934,65,F,Samanabad,Medium,0,0,0,0,None,2023-03-21
P001935,18,F,Johar Town,,0,1,0,0,Government,2020-03-22
P001936,71,M,Cantt,,0,0,0,0,None,2022-03-28
P001937,41,F,Defence,Medium,0,0,0,0,Government,2022-01-09
P001938,21,F,Defence,Medium,0,0,0,0,,2022-06-15
P001939,30,M,Township Sector,,0,0,0,0,Private,2019-07-21
P001940,28,F,Allama Iqbal Town,Low,0,0,0,0,Private,2024-06-26
P001941,19,F,EME Society,Low,0,0,0,0,None,2020-08-08
P001942,44,M,Allama Iqbal Town,High,0,1,0,0,None,2022-08-21
P001943,20,M,,Low,0,1,0,0,None,2020-12-13
P001944,3,F,Johar Town,Medium,0,0,0,0,None,2024-06-07
P001945,35,F,Township Sector,Low,0,0,0,0,Government,2024-10-31
P001946,10,F,Bahria Town,,0,0,0,0,Government,2022-03-06
P001947,28,M,Johar Town,,1,0,0,0,,2024-04-26
P001948,26,F,Allama Iqbal Town,High,0,0,0,0,Government,2023-08-05
P001949,26,F,Garden Town,Low,1,0,0,0,Private,2024-10-15
P001950,78,F,Johar Town,High,1,0,0,0,Private,2022-03-02
P001951,43,M,Askari,Low,1,1,1,0,Government,2022-10-30
P001952,46,F,Shalimar,,1,1,0,0,Government,2022-05-23
P001953,10,F,Wapda Town,Low,0,0,0,0,Government,2023-04-24
P001954,30,F,Allama Iqbal Town,Medium,0,0,0,0,Government,2021-07-31
P001955,46,M,Askari,,0,0,0,1,Government,2021-07-01
P001956,24,F,Faisal Town,High,0,0,0,0,Government,2022-12-10
P001957,58,M,Bahria Town,High,0,0,0,0,Private,2024-05-19
P001958,20,F,Iqbal Town,Low,0,0,0,2,None,2019-05-29
P001959,37,F,Valencia,High,0,1,0,0,Private,2024-08-24
P001960,31,F,,Low,0,0,1,0,Government,2023-02-05
P001961,45,F,Allama Iqbal Town,Low,0,0,0,0,None,2019-02-18
P001962,30,F,Faisal Town,,0,0,0,0,None,2022-02-17
P001963,37,M,Askari,Low,0,0,0,1,None,2024-07-04
P001964,38,F,Samanabad,Low,0,0,0,0,Government,2023-05-07
P001965,29,M,Wapda Town,Medium,1,0,0,0,None,2022-05-07
P001966,51,F,Allama Iqbal Town,Low,0,1,0,0,Government,2019-01-24
P001967,46,M,Green Town,Medium,1,1,0,0,None,2021-08-31
P001968,40,F,EME Society,Low,0,0,0,0,None,2020-09-30
P001969,34,F,Green Town,Medium,0,1,0,0,Government,2023-12-12
P001970,56,,Gulberg,Low,0,1,0,0,Government,2022-05-26
P001971,38,M,Township Sector,Low,0,0,0,0,Government,2020-08-06
P001972,36,M,Allama Iqbal Town,Medium,0,0,1,0,None,2021-10-13
P001973,44,M,Cantt,,0,0,0,0,None,2023-01-28
P001974,73,M,Township,High,1,0,0,3,None,2019-08-28
P001975,18,F,Defence,Low,0,0,0,0,None,2021-12-12
P001976,56,F,Valencia,High,0,0,0,0,Private,2019-04-28
P001977,8,F,Valencia,Medium,0,0,0,0,Private,2020-01-30
P001978,46,M,Defence,High,0,0,0,0,None,2021-06-03
P001979,70,F,Garden Town,Low,0,1,0,0,Government,2022-07-25
P001980,51,F,Garden Town,Low,0,0,0,0,Private,2021-06-30
P001981,45,M,Model Town,Low,0,0,0,0,Government,2024-07-28
P001982,32,F,Askari,Medium,1,0,0,0,Private,2021-04-11
P001983,43,M,Valencia,Low,0,0,0,0,None,2022-10-10
P001984,37,F,Township,Low,0,0,0,0,Government,2024-08-18
P001985,28,M,Allama Iqbal Town,Medium,0,0,0,0,Government,2022-12-05
P001986,37,M,Township Colony,High,0,0,0,0,,2020-03-26
P001987,46,M,Wapda Town,Medium,0,1,0,3,None,2019-01-25
P001988,28,F,Johar Town,,0,0,0,0,Private,2023-04-17
P001989,27,F,Iqbal Town,Low,1,0,0,0,Private,2020-03-31
P001990,18,F,Johar Town,High,0,0,0,0,Private,2020-02-02
P001991,49,F,,Low,0,0,0,0,Government,2024-01-04
P001992,52,M,Samanabad,Low,0,1,0,0,None,2019-04-09
P001993,46,F,Bahria Town,Medium,0,0,0,0,Government,2020-11-22
P001994,59,F,Askari,Low,1,0,0,0,None,2022-09-22
P001995,44,F,Township Colony,Medium,1,1,0,0,None,2024-06-26
P001996,49,M,Iqbal Town,Medium,1,0,0,0,Government,2024-01-21
P001997,47,F,EME Society,Low,0,0,0,0,None,2022-12-12
P001998,40,F,Township,Low,1,0,0,0,Government,2020-12-24
P001999,32,F,Samanabad,,1,1,0,0,Private,2020-05-18
P002000,82,F,Model Town,Low,0,0,0,0,None,2022-04-04
P002001,34,M,Iqbal Town,High,1,0,0,0,,2022-08-22
P002002,30,F,EME Society,Medium,0,0,0,0,,2022-10-12
P002003,50,M,Garden Town,Low,1,0,0,0,Government,2024-11-24
P002004,47,M,Garden Town,Low,0,0,0,0,,2023-01-04
P002005,17,M,Askari,,0,1,0,0,Private,2019-12-28
P002006,62,M,Bahria Town,Medium,1,0,0,0,Government,2022-08-14
P002007,40,M,Green Town,,0,1,0,0,Government,2023-11-24
P002008,22,F,Faisal Town,Low,1,0,0,0,Government,2024-05-18
P002009,63,F,,,0,0,0,0,None,2021-04-03
P002010,53,M,Green Town,Low,0,0,0,2,None,2020-02-05
P002011,19,M,Gulberg,Medium,0,0,0,0,None,2021-04-17
P002012,74,F,EME Society,,0,0,0,0,None,2023-06-12
P002013,54,F,Iqbal Town,Medium,0,0,0,0,None,2020-03-03
P002014,42,F,Defence,Low,0,0,0,4,None,2024-09-04
P002015,71,F,Bahria Town,Medium,1,1,0,0,Private,2023-12-09
P002016,45,F,Shalimar,Low,0,0,0,0,None,2021-02-04
P002017,41,F,Askari,High,0,0,0,0,Private,2021-08-28
P002018,30,F,Model Town,Low,0,0,0,1,None,2023-09-01
P002019,52,M,Township,Medium,0,0,0,0,None,2022-09-09
P002020,51,M,Bahria Town,Low,1,0,0,0,None,2022-09-06
P002021,42,,Shalimar,Medium,0,0,0,0,Government,2020-01-26
P002022,28,M,EME Society,Medium,0,0,0,0,Government,2020-08-27
P002023,44,F,Iqbal Town,,0,0,0,0,Private,2020-02-16
P002024,41,F,EME Society,Low,0,0,0,0,None,2021-06-05
P002025,18,M,Cantt,Low,0,0,0,0,None,2022-08-11
P002026,16,M,Defence,Low,0,1,0,0,Government,2024-04-03
P002027,52,M,Township,Medium,1,0,0,2,None,2024-11-07
P002028,0,M,EME Society,Low,1,0,0,0,Private,2021-11-19
P002029,46,M,Valencia,Low,0,0,0,0,None,2021-07-05
P002030,33,M,Allama Iqbal Town,Low,0,0,0,0,None,2020-10-04
P002031,66,M,Faisal Town,Low,1,0,0,0,None,2024-02-14
P002032,33,M,Township Sector,Low,0,0,0,0,None,2024-12-22
P002033,54,F,Allama Iqbal Town,Medium,0,0,0,0,None,2021-06-01
P002034,35,F,Township Sector,Low,0,0,0,0,Private,2020-10-22
P002035,44,F,Garden Town,High,0,0,0,0,,2024-12-22
P002036,55,F,Askari,Medium,1,0,0,0,Private,2019-04-03
P002037,34,M,Township Colony,Medium,0,0,0,0,Private,2021-10-13
P002038,60,F,Green Town,High,0,1,0,0,Government,2020-03-12
P002039,24,F,Askari,Medium,0,0,0,4,Private,2022-07-22
P002040,47,M,Bahria Town,Medium,1,0,0,0,Government,2024-10-17
P002041,59,F,Cantt,Low,0,0,0,0,None,2019-06-13
P002042,54,M,Askari,Medium,1,1,0,0,Private,2020-11-11
P002043,76,F,Shalimar,Low,1,0,0,0,Government,2019-04-04
P002044,28,F,Township,Medium,0,0,0,0,None,2024-02-29
P002045,17,F,Gulberg,,0,0,0,0,None,2019-10-03
P002046,24,F,Valencia,Medium,0,0,0,0,Government,2024-03-24
P002047,54,F,Green Town,Medium,0,0,0,0,None,2021-01-22
P002048,51,F,Defence,Low,0,0,0,0,Government,2019-02-17
P002049,44,F,Township,,1,0,0,0,None,2021-12-21
P002050,22,F,Cantt,Medium,1,0,0,4,None,2023-05-28
P002051,56,M,Township Sector,Low,0,0,0,0,Government,2020-05-08
P002052,20,F,Township Sector,Low,0,0,0,0,None,2022-04-05
P002053,63,F,Township,Low,0,1,0,0,None,2021-04-24
P002054,93,F,Township,High,1,0,1,0,None,2022-09-30
P002055,49,M,Cantt,Medium,0,0,0,0,,2020-03-06
P002056,52,M,Bahria Town,Medium,1,1,0,0,Government,2021-08-15
P002057,33,M,Cantt,,0,0,0,0,None,2024-06-11
P002058,9,M,Iqbal Town,Medium,0,0,0,0,Private,2019-10-02
P002059,31,F,Defence,Medium,0,0,0,0,None,2020-07-27
P002060,22,M,Allama Iqbal Town,Medium,0,1,0,0,,2019-10-31
P002061,16,F,Township Sector,High,1,0,1,0,Government,2021-06-26
P002062,73,M,Iqbal Town,Medium,1,0,0,0,Private,2019-02-26
P002063,47,F,Cantt,,0,0,0,0,None,2019-03-02
P002064,49,F,Cantt,,0,0,0,0,Private,2020-07-26
P002065,36,M,Gulberg,Low,1,0,0,0,Private,2023-06-25
P002066,39,M,Askari,Medium,0,0,0,0,None,2022-12-06
P002067,59,M,Wapda Town,High,0,0,0,0,None,2022-06-21
P002068,41,F,Green Town,Medium,1,0,0,0,Government,2020-09-08
P002069,52,F,Faisal Town,Medium,0,0,0,0,,2024-07-19
P002070,38,F,Township Sector,Medium,0,0,0,3,None,2021-04-11
P002071,36,F,Faisal Town,,0,0,0,0,Private,2022-07-26
P002072,17,F,,Medium,0,0,0,0,None,2022-07-13
P002073,6,F,Township,Low,0,0,0,0,Government,2024-06-26
P002074,37,M,EME Society,Medium,0,0,0,0,None,2022-10-22
P002075,43,F,Iqbal Town,Medium,0,0,0,0,Government,2021-08-29
P002076,19,M,Valencia,Low,0,0,0,0,,2024-02-29
P002077,41,M,Shalimar,Low,1,0,0,0,Government,2022-11-26
P002078,43,M,,Low,0,0,0,0,Private,2021-02-28
P002079,3,F,Township Sector,Low,0,0,0,0,None,2019-03-15
P002080,26,F,Askari,Low,0,1,1,0,Private,2023-05-16
P002081,49,F,,High,0,1,0,0,Government,2023-09-24
P002082,49,M,Defence,Low,0,0,1,2,None,2021-01-26
P002083,21,F,Shalimar,Medium,0,0,0,0,Government,2022-08-08
P002084,45,F,Allama Iqbal Town,Low,0,0,0,0,None,2023-04-06
P002085,60,M,Johar Town,High,0,0,0,0,None,2023-08-17
P002086,56,M,Askari,,1,1,0,0,None,2024-08-02
P002087,40,M,Askari,High,0,0,0,0,None,2022-07-28
P002088,34,F,Township,Medium,1,0,0,0,Government,2021-01-05
P002089,31,M,Defence,Medium,0,0,0,0,None,2021-09-19
P002090,50,F,Gulberg,Low,0,1,0,0,Government,2021-12-20
P002091,46,F,Bahria Town,Medium,0,0,0,0,None,2020-02-07
P002092,53,M,Bahria Town,Medium,0,0,0,0,Government,2020-06-28
P002093,44,M,Bahria Town,Low,0,0,0,0,Private,2020-03-21
P002094,57,F,Samanabad,Low,0,0,0,1,None,2022-02-18
P002095,44,F,Cantt,High,0,1,0,0,None,2021-07-28
P002096,56,F,Johar Town,Low,0,0,1,0,Private,2022-02-07
P002097,58,M,Defence,Medium,0,0,0,0,Private,2019-06-18
P002098,28,M,Shalimar,Low,0,0,0,0,None,2023-11-14
P002099,9,F,Green Town,Low,0,0,0,0,None,2024-04-17
P002100,70,F,Valencia,,1,0,0,0,None,2023-09-08
P002101,47,M,Township Sector,Medium,0,1,0,0,Private,2023-03-04
P002102,11,M,Township,Medium,0,0,0,0,Government,2021-06-26
P002103,29,F,Allama Iqbal Town,High,0,1,0,0,Private,2019-09-17
P002104,56,M,Defence,Low,1,1,0,0,Private,2020-01-12
P002105,37,M,Model Town,Low,0,0,0,0,None,2020-12-09
P002106,33,,Johar Town,High,1,0,0,0,Government,2020-07-08
P002107,67,M,Model Town,Low,1,0,0,0,Government,2020-12-05
P002108,23,M,Faisal Town,Low,0,0,0,0,Government,2022-01-04
P002109,28,F,Gulberg,Medium,0,0,0,0,None,2021-07-28
P002110,46,M,Valencia,Medium,0,1,0,0,Private,2024-10-25
P002111,49,M,Allama Iqbal Town,Low,0,0,0,0,Government,2019-08-22
P002112,51,F,Samanabad,Low,1,0,0,0,None,2023-01-26
P002113,58,F,Model Town,High,1,0,0,2,None,2020-04-26
P002114,46,M,EME Society,High,0,0,1,0,None,2020-08-09
P002115,51,F,Gulberg,Medium,0,0,0,0,Government,2021-09-02
P002116,37,F,Township Colony,Medium,0,0,0,1,Private,2024-12-13
P002117,43,F,Allama Iqbal Town,High,1,1,0,0,None,2024-09-29
P002118,44,M,Bahria Town,Medium,0,0,0,0,Government,2024-01-04
P002119,46,M,Model Town,,0,0,0,0,None,2019-04-25
P002120,56,M,Shalimar,Medium,0,0,0,0,None,2021-08-27
P002121,52,M,Valencia,Low,1,0,0,0,Private,2023-11-12
P002122,43,F,Wapda Town,High,0,0,0,0,None,2023-02-07
P002123,27,F,Defence,Medium,0,0,0,0,,2021-03-04
P002124,43,M,Wapda Town,Low,1,0,0,0,None,2019-09-10
P002125,41,F,Wapda Town,Medium,0,1,0,0,Government,2021-11-12
P002126,45,M,Township,Medium,0,1,0,0,Government,2024-11-22
P002127,82,F,Green Town,Low,1,0,0,1,Government,2020-10-03
P002128,33,F,Township,Medium,0,0,0,2,None,2019-12-19
P002129,50,M,Bahria Town,Low,0,0,0,2,Private,2023-11-18
P002130,61,F,Shalimar,Medium,0,0,0,0,None,2024-02-11
P002131,44,F,Samanabad,High,0,0,0,0,None,2023-10-11
P002132,84,F,Samanabad,High,1,0,0,0,None,2021-11-09
P002133,35,F,Askari,High,0,0,0,1,Government,2021-10-21
P002134,48,F,Township,Medium,0,0,0,0,None,2023-06-28
P002135,28,M,Iqbal Town,Medium,0,0,0,0,Government,2019-06-09
P002136,36,F,Johar Town,Medium,0,0,0,0,None,2020-12-21
P002137,46,M,Model Town,Low,0,0,0,0,Private,2019-07-03
P002138,57,F,Garden Town,Medium,0,1,0,0,Private,2022-01-19
P002139,48,F,Cantt,Medium,1,0,0,0,None,2024-07-08
P002140,65,F,Allama Iqbal Town,Medium,0,1,0,0,Government,2022-07-29
P002141,40,M,Valencia,,1,0,0,0,None,2019-04-03
P002142,36,M,Garden Town,Low,1,0,0,0,Private,2021-06-23
P002143,91,M,Johar Town,Low,0,1,0,0,Private,2022-07-14
P002144,49,F,,Low,1,1,0,0,Private,2021-10-17
P002145,29,M,Bahria Town,Medium,0,0,0,0,Government,2021-09-30
P002146,30,M,Iqbal Town,Low,1,0,0,0,None,2024-11-06
P002147,25,M,Defence,High,0,0,0,1,Government,2020-03-15
P002148,59,F,Township Sector,Low,0,0,0,0,None,2021-09-20
P002149,35,M,Faisal Town,High,0,0,0,0,None,2021-03-30
P002150,44,F,Allama Iqbal Town,Low,1,1,0,0,None,2019-12-18
P002151,41,M,Bahria Town,High,0,0,0,0,None,2024-12-13
P002152,55,F,Gulberg,Medium,1,0,0,0,Government,2021-12-01
P002153,27,M,Johar Town,,1,0,0,0,Private,2021-12-21
P002154,23,F,Wapda Town,,0,0,0,0,None,2024-06-05
P002155,46,M,Wapda Town,Medium,0,1,0,0,None,2020-08-28
P002156,53,F,Cantt,Low,0,0,0,0,None,2020-07-07
P002157,48,F,Township Colony,Medium,0,0,1,0,,2024-03-18
P002158,27,M,Shalimar,Low,0,1,0,1,None,2020-10-30
P002159,54,M,Allama Iqbal Town,High,0,1,0,0,None,2021-07-31
P002160,29,F,Johar Town,High,0,1,0,0,Government,2020-08-13
P002161,33,M,Wapda Town,Low,0,0,0,0,None,2020-08-19
P002162,25,F,Samanabad,,0,0,0,0,Private,2021-03-25
P002163,65,M,Garden Town,Low,0,1,0,0,Private,2020-07-26
P002164,53,M,Green Town,Medium,0,0,0,0,,2021-10-31
P002165,53,M,Wapda Town,Medium,1,0,0,0,None,2023-11-13
P002166,64,M,Faisal Town,Medium,0,0,0,0,None,2021-01-02
P002167,93,F,Green Town,,1,0,0,0,Government,2020-08-23
P002168,11,F,Township,,0,0,0,0,None,2020-02-13
P002169,29,M,Garden Town,Medium,0,0,0,0,None,2021-07-24
P002170,31,F,Gulberg,,0,0,0,0,None,2021-01-13
P002171,27,F,Model Town,Low,0,0,0,0,None,2021-05-23
P002172,23,M,Defence,,0,0,0,0,None,2021-06-28
P002173,37,F,Cantt,Low,0,1,0,1,Government,2022-05-25
P002174,20,F,Green Town,Medium,1,0,0,0,Government,2021-12-08
P002175,48,M,Defence,High,0,0,0,0,Government,2020-03-02
P002176,43,F,Township Colony,Low,0,0,0,0,Private,2022-12-06
P002177,51,F,EME Society,Low,0,0,0,1,,2022-05-22
P002178,51,F,Gulberg,Medium,0,0,0,0,Government,2023-06-07
P002179,53,F,Gulberg,Low,1,0,0,2,,2023-10-05
P002180,35,M,Green Town,Low,0,0,0,1,Private,2023-12-14
P002181,80,M,Garden Town,Medium,0,1,0,0,Government,2023-04-29
P002182,46,M,Model Town,Medium,0,1,0,0,None,2020-07-03
P002183,8,F,Township Colony,,0,0,0,0,None,2019-09-08
P002184,24,F,Garden Town,Medium,0,0,0,0,None,2022-09-09
P002185,11,F,Samanabad,Medium,0,0,0,0,Private,2020-02-01
P002186,42,M,Shalimar,Medium,0,1,1,0,,2020-02-07
P002187,40,M,Bahria Town,,1,0,0,0,Government,2022-12-23
P002188,34,F,Faisal Town,Medium,1,0,0,0,Private,2022-09-19
P002189,78,M,Johar Town,Medium,1,0,0,0,Private,2020-01-19
P002190,52,M,Askari,,1,0,0,0,None,2024-07-05
P002191,55,F,Township Colony,,1,0,0,0,Government,2019-07-20
P002192,25,M,Samanabad,Medium,1,0,0,0,None,2024-03-22
P002193,24,M,Shalimar,Medium,0,0,1,0,Government,2023-11-11
P002194,43,F,Model Town,Low,0,0,0,0,Private,2022-08-24
P002195,45,F,Askari,,0,0,0,0,,2021-01-13
P002196,9,M,Township Colony,Low,0,0,0,4,,2020-08-28
P002197,39,M,Defence,High,0,0,0,0,None,2022-04-24
P002198,42,M,Bahria Town,Medium,0,0,0,0,None,2019-11-01
P002199,38,M,Allama Iqbal Town,Low,1,0,0,0,None,2023-09-11
P002200,27,M,Gulberg,Medium,0,0,0,0,,2021-09-03
P002201,32,F,Bahria Town,Low,0,0,0,2,Government,2022-03-17
P002202,39,F,Green Town,,0,0,0,0,Private,2021-05-23
P002203,44,F,Gulberg,Medium,0,0,0,2,Private,2019-09-30
P002204,53,M,Cantt,Medium,0,1,0,1,None,2023-01-17
P002205,61,M,Township,Low,0,0,0,0,None,2023-01-28
P002206,37,M,Faisal Town,Medium,0,0,0,0,Private,2019-08-21
P002207,34,F,,Medium,1,0,0,0,Government,2021-01-11
P002208,50,F,Iqbal Town,Medium,0,0,0,0,None,2019-04-11
P002209,53,M,Township Sector,Medium,1,0,0,0,,2021-01-09
P002210,34,F,Gulberg,Medium,0,0,0,0,Government,2023-05-09
P002211,56,F,Johar Town,Medium,0,1,0,1,Government,2022-05-31
P002212,60,M,Iqbal Town,Medium,0,0,0,0,,2022-08-10
P002213,65,M,Valencia,Medium,1,0,0,2,,2022-07-26
P002214,74,M,Faisal Town,Low,1,1,0,0,Government,2021-02-14
P002215,26,F,Gulberg,Medium,0,0,0,0,None,2021-05-31
P002216,42,F,Askari,Medium,0,0,0,0,Government,2023-06-19
P002217,42,F,Samanabad,Medium,0,0,0,0,None,2023-04-20
P002218,40,F,Wapda Town,Medium,0,0,0,0,,2021-08-29
P002219,30,F,Defence,High,0,0,0,0,None,2023-06-14
P002220,15,F,EME Society,Low,0,0,0,0,Government,2023-09-30
P002221,44,M,EME Society,Medium,0,0,0,0,Government,2021-06-03
P002222,28,F,Green Town,High,0,0,0,1,Government,2024-01-09
P002223,44,F,Township Colony,Low,0,0,0,4,,2019-12-03
P002224,28,F,Township,Low,0,0,1,0,None,2023-06-23
P002225,22,M,Cantt,Low,0,0,0,0,,2022-04-28
P002226,46,F,Township Colony,Medium,0,0,0,0,Private,2024-08-05
P002227,45,F,Cantt,Medium,1,0,0,0,None,2020-03-07
P002228,52,F,EME Society,Low,1,1,0,0,None,2019-06-07
P002229,81,F,Samanabad,,0,1,0,2,Government,2019-04-19
P002230,47,M,Green Town,Medium,0,0,0,3,Government,2019-10-05
P002231,51,F,Gulberg,High,0,0,0,0,Private,2022-03-20
P002232,23,F,Allama Iqbal Town,Medium,1,1,0,0,None,2023-09-30
P002233,19,M,Valencia,High,0,0,0,0,None,2023-12-18
P002234,70,F,Model Town,Medium,1,1,0,0,None,2023-05-16
P002235,25,M,Allama Iqbal Town,High,0,0,0,0,Government,2020-09-25
P002236,23,F,Model Town,Medium,0,0,0,0,None,2021-07-22
P002237,41,M,Green Town,High,0,1,0,4,,2019-04-14
P002238,40,F,Green Town,High,0,0,0,0,Government,2022-03-12
P002239,26,F,Gulberg,Medium,0,0,0,1,Government,2023-07-30
P002240,37,F,Askari,Medium,0,0,0,0,None,2020-03-22
P002241,64,M,Faisal Town,,0,0,0,0,None,2022-01-22
P002242,27,F,EME Society,Low,1,0,0,2,Government,2021-01-16
P002243,17,M,Township,Low,0,1,0,0,Private,2024-05-18
P002244,59,M,Allama Iqbal Town,Low,1,0,0,0,None,2019-06-20
P002245,51,F,Johar Town,Medium,1,0,0,0,None,2023-05-02
P002246,31,F,Bahria Town,Low,0,0,0,0,Government,2019-03-16
P002247,14,F,Township Colony,High,0,0,0,0,None,2021-09-17
P002248,29,M,Faisal Town,,0,0,0,0,None,2022-12-13
P002249,41,M,Township Sector,High,1,0,0,0,Private,2021-09-22
P002250,63,F,Township Colony,Medium,1,0,0,0,None,2022-07-22
P002251,23,F,Township Colony,Low,1,0,0,0,None,2022-12-25
P002252,40,M,Gulberg,Low,0,0,0,0,Government,2023-03-15
P002253,54,F,Bahria Town,,1,1,0,3,Government,2019-02-06
P002254,0,F,Allama Iqbal Town,Low,0,0,0,0,None,2021-04-23
P002255,61,F,Green Town,Medium,0,1,1,0,Private,2021-12-31
P002256,21,F,Township Colony,Low,0,0,0,0,None,2023-10-30
P002257,48,M,Allama Iqbal Town,Low,0,0,0,0,None,2022-09-25
P002258,46,M,Johar Town,Low,0,0,0,0,,2021-04-04
P002259,62,F,Allama Iqbal Town,Medium,0,1,0,0,None,2023-11-05
P002260,52,F,Iqbal Town,Low,1,0,0,0,None,2020-11-05
P002261,0,M,Valencia,High,0,0,0,3,Government,2023-12-28
P002262,28,F,Askari,Low,1,0,1,1,Private,2022-08-03
P002263,44,F,Model Town,Low,0,0,0,0,None,2023-09-19
P002264,38,F,Valencia,Low,0,0,0,0,Private,2022-04-10
P002265,51,M,Township Colony,High,0,0,0,0,None,2023-09-08
P002266,56,M,Askari,Medium,1,0,0,0,Government,2023-05-02
P002267,53,M,Valencia,Medium,1,1,0,0,None,2022-02-14
P002268,38,F,Defence,Medium,0,1,0,2,None,2021-09-30
P002269,9,M,Iqbal Town,High,0,1,0,0,None,2021-09-23
P002270,34,F,Johar Town,Low,0,0,0,0,Government,2024-09-06
P002271,49,M,Iqbal Town,Medium,0,0,0,0,,2022-08-06
P002272,22,F,Faisal Town,Medium,0,0,0,0,None,2021-12-08
P002273,53,F,Cantt,Low,1,1,0,0,Government,2020-12-26
P002274,58,F,Township,Low,0,1,0,0,None,2019-02-05
P002275,44,F,Askari,Medium,0,0,1,0,Private,2020-01-10
P002276,0,F,Bahria Town,Low,0,0,0,1,Government,2022-06-19
P002277,19,M,Township,Low,1,0,0,0,Private,2019-04-13
P002278,76,M,Valencia,,0,0,0,0,Private,2023-07-27
P002279,32,M,Garden Town,Low,0,0,0,0,None,2021-02-23
P002280,6,F,Gulberg,Medium,0,0,0,0,None,2021-12-30
P002281,64,F,Township,Medium,0,0,0,0,Government,2022-05-31
P002282,42,F,Valencia,,0,0,0,0,Government,2020-11-03
P002283,62,F,Model Town,Medium,0,0,0,0,None,2022-08-14
P002284,47,F,Green Town,Medium,1,1,0,0,Government,2022-04-20
P002285,50,M,Iqbal Town,Medium,1,1,0,0,None,2020-12-22
P002286,49,M,Samanabad,,0,0,0,0,None,2023-01-19
P002287,55,F,Wapda Town,Medium,0,1,0,2,Private,2020-08-28
P002288,83,M,Samanabad,Medium,0,0,0,0,None,2022-10-03
P002289,59,M,Township Sector,High,1,0,0,0,,2019-02-15
P002290,14,F,Johar Town,Medium,0,0,0,1,None,2021-06-11
P002291,50,M,Faisal Town,Low,0,0,0,0,Government,2021-07-21
P002292,63,F,Garden Town,Low,0,1,0,0,None,2021-04-16
P002293,64,F,Iqbal Town,Medium,1,0,0,0,None,2024-03-31
P002294,34,M,Faisal Town,Medium,0,1,0,0,None,2023-11-11
P002295,63,M,,Medium,0,0,0,0,None,2023-04-11
P002296,59,F,Bahria Town,Medium,0,0,0,2,,2020-07-26
P002297,88,F,Model Town,Low,1,1,0,0,Private,2021-05-23
P002298,28,M,Garden Town,,1,0,0,0,None,2021-04-22
P002299,33,F,Defence,Medium,1,0,0,0,Government,2023-05-10
P002300,36,M,Gulberg,High,0,0,0,0,None,2022-12-21
P002301,33,M,EME Society,Medium,0,0,0,0,Private,2019-11-09
P002302,26,F,Iqbal Town,Medium,0,0,0,1,,2021-06-26
P002303,0,M,Johar Town,,0,0,0,0,Private,2022-07-20
P002304,34,M,Shalimar,Medium,0,0,0,0,Private,2021-05-19
P002305,49,M,Wapda Town,Low,0,1,0,0,None,2019-05-18
P002306,33,F,Wapda Town,Medium,0,0,0,0,None,2019-10-01
P002307,77,F,Cantt,Low,0,1,0,2,None,2024-11-13
P002308,42,F,Johar Town,Low,0,0,0,4,Government,2022-01-30
P002309,65,M,EME Society,Medium,0,1,0,0,None,2019-11-05
P002310,47,M,Gulberg,Medium,0,0,0,2,Private,2024-12-06
P002311,57,M,Wapda Town,,0,1,0,2,None,2024-08-21
P002312,47,M,Iqbal Town,Medium,0,1,0,1,Private,2024-02-18
P002313,67,F,Samanabad,Medium,0,0,0,2,None,2022-04-17
P002314,43,F,Askari,Medium,1,0,0,0,Government,2023-09-13
P002315,51,M,Faisal Town,Medium,0,1,0,0,,2024-11-30
P002316,49,F,Askari,Medium,0,1,0,1,None,2021-11-28
P002317,37,M,Bahria Town,High,0,0,0,0,Government,2024-12-12
P002318,49,F,Johar Town,Medium,1,0,0,2,None,2023-12-07
P002319,82,F,Green Town,Medium,1,0,0,0,Government,2022-10-08
P002320,37,M,Samanabad,Medium,0,0,0,0,Government,2024-06-21
P002321,50,F,Shalimar,,0,0,0,0,Government,2021-05-27
P002322,65,F,Township Colony,Medium,1,0,0,0,Government,2020-04-22
P002323,63,M,Green Town,Medium,1,0,1,0,,2024-09-22
P002324,42,M,Garden Town,Low,0,1,0,0,None,2021-12-23
P002325,0,M,Township Sector,Medium,0,0,0,0,Private,2023-02-09
P002326,51,M,Askari,Low,0,0,0,0,Government,2024-02-20
P002327,2,M,Bahria Town,High,0,0,0,1,Private,2019-12-08
P002328,68,F,,Medium,1,0,0,0,None,2023-12-05
P002329,45,F,Green Town,Low,1,0,0,0,Government,2023-03-11
P002330,60,M,EME Society,Medium,0,1,0,0,None,2024-04-18
P002331,26,F,Askari,Medium,0,1,0,0,None,2020-04-12
P002332,14,M,Green Town,Medium,0,0,0,0,Government,2024-09-29
P002333,47,M,Model Town,Medium,1,0,0,0,None,2019-10-11
P002334,41,F,Gulberg,,1,0,0,1,None,2020-09-20
P002335,33,F,Cantt,Low,0,0,0,0,None,2022-02-05
P002336,44,M,Bahria Town,Medium,1,0,0,0,Private,2022-07-05
P002337,92,F,Township Colony,Medium,0,0,0,0,None,2024-03-17
P002338,57,F,Johar Town,Medium,1,0,0,2,None,2019-12-15
P002339,61,M,Askari,Low,0,0,0,0,Government,2024-08-11
P002340,57,F,Township Sector,Medium,1,1,0,0,None,2022-02-24
P002341,69,F,Johar Town,Medium,0,0,0,0,None,2023-01-17
P002342,39,M,Gulberg,Medium,0,0,0,0,,2019-06-10
P002343,5,M,Garden Town,Low,0,0,0,0,None,2020-01-12
P002344,39,F,,Medium,0,0,0,0,Government,2021-07-07
P002345,57,M,Gulberg,High,1,1,0,1,None,2022-04-03
P002346,25,M,Gulberg,Low,0,1,0,0,Government,2022-02-14
P002347,39,F,Green Town,Medium,0,1,0,0,None,2019-12-16
P002348,30,F,Samanabad,Medium,0,0,0,1,None,2023-03-05
P002349,69,M,Allama Iqbal Town,Low,0,1,0,0,None,2020-05-12
P002350,55,F,Iqbal Town,Low,0,0,0,0,Government,2020-04-15
P002351,54,M,Township,Medium,0,0,0,1,Private,2019-08-09
P002352,53,M,Wapda Town,Low,0,0,0,0,None,2024-04-05
P002353,41,F,,Low,0,1,0,0,Private,2023-02-04
P002354,46,F,Cantt,High,1,0,0,0,Government,2019-03-02
P002355,21,F,Township Colony,Medium,0,0,0,0,,2019-10-13
P002356,3,M,Allama Iqbal Town,Medium,0,0,0,0,Government,2022-09-08
P002357,45,F,EME Society,Medium,0,0,0,0,None,2022-11-19
P002358,48,M,Wapda Town,Medium,1,0,0,0,None,2024-06-21
P002359,64,F,Township Sector,Medium,0,0,0,0,None,2024-09-29
P002360,70,M,Cantt,,1,1,0,0,Private,2024-03-10
P002361,70,M,Samanabad,Low,1,0,0,0,Government,2024-01-28
P002362,24,F,Allama Iqbal Town,Medium,0,1,0,0,,2022-02-22
P002363,36,F,Valencia,,0,0,0,0,Government,2024-09-06
P002364,51,M,Green Town,,0,0,0,0,None,2019-11-10
P002365,88,M,Johar Town,High,0,0,0,0,Government,2022-07-30
P002366,69,F,Township Sector,Medium,0,1,0,0,None,2019-08-02
P002367,62,F,Allama Iqbal Town,,1,1,0,0,Private,2023-08-12
P002368,35,M,Allama Iqbal Town,Medium,0,0,0,0,None,2023-04-08
P002369,26,F,Gulberg,Low,0,0,0,0,Government,2024-12-03
P002370,56,M,Wapda Town,Medium,0,0,0,1,None,2019-10-01
P002371,22,F,Township Colony,Low,0,0,0,3,None,2023-04-09
P002372,38,F,Green Town,Medium,1,0,0,0,Private,2019-05-11
P002373,40,M,Bahria Town,Low,1,0,0,0,None,2019-07-06
P002374,71,F,Wapda Town,High,1,0,0,0,Government,2021-09-08
P002375,36,M,EME Society,Low,0,0,0,4,,2024-09-24
P002376,0,M,Green Town,Medium,0,0,0,0,None,2020-02-10
P002377,51,F,Township,,1,0,0,0,Government,2020-11-11
P002378,29,F,Valencia,Low,0,0,0,0,Government,2023-11-03
P002379,43,F,Valencia,Low,0,0,0,0,Private,2024-12-03
P002380,40,M,Model Town,Medium,0,1,0,0,None,2022-04-01
P002381,37,M,Gulberg,Medium,0,0,0,0,None,2021-01-09
P002382,56,M,Gulberg,Medium,0,0,0,0,,2024-02-16
P002383,14,F,Johar Town,Medium,0,0,0,0,Private,2022-01-14
P002384,33,F,Allama Iqbal Town,Low,0,0,0,0,Private,2021-05-02
P002385,54,F,Faisal Town,Medium,0,0,0,0,None,2020-05-19
P002386,31,M,Shalimar,,0,1,0,0,Government,2024-07-12
P002387,13,F,Defence,High,0,0,1,0,Government,2021-08-30
P002388,54,F,Samanabad,High,0,0,1,0,None,2024-11-10
P002389,62,F,Allama Iqbal Town,Medium,0,1,0,0,Government,2020-02-28
P002390,41,F,Township Colony,Low,1,1,0,0,Private,2022-04-24
P002391,7,M,Township,Medium,0,0,0,1,None,2021-07-20
P002392,55,M,Askari,Medium,0,0,0,0,None,2020-02-14
P002393,12,M,Wapda Town,,0,0,0,0,Private,2024-11-18
P002394,48,F,Township,,0,0,0,1,None,2019-04-28
P002395,26,M,Samanabad,Medium,1,0,0,0,None,2019-02-09
P002396,21,F,Garden Town,Low,1,1,0,0,None,2024-07-04
P002397,34,M,Valencia,Medium,0,0,0,0,None,2020-07-09
P002398,39,M,Gulberg,Low,0,0,0,2,Private,2022-01-19
P002399,30,F,Bahria Town,Medium,0,1,0,0,None,2019-08-12
P002400,53,M,Garden Town,Medium,0,0,0,0,Private,2020-03-17
P002401,34,F,Garden Town,,0,0,0,0,Government,2024-01-04
P002402,60,F,Green Town,Low,0,0,0,0,Private,2021-03-31
P002403,47,F,Shalimar,High,0,0,0,1,None,2024-01-18
P002404,29,F,Gulberg,,0,0,0,0,None,2024-07-31
P002405,26,M,Wapda Town,Medium,1,0,0,3,,2024-10-31
P002406,12,M,Valencia,Medium,0,0,0,0,,2024-10-05
P002407,47,M,EME Society,Medium,1,0,0,2,Private,2021-07-02
P002408,36,M,Valencia,Medium,1,0,0,0,Private,2020-03-27
P002409,0,M,Wapda Town,Medium,0,0,0,3,Government,2023-07-17
P002410,32,F,Johar Town,Low,1,1,0,0,Government,2022-01-11
P002411,26,F,Bahria Town,Medium,0,0,1,0,None,2019-11-26
P002412,70,F,Valencia,Low,0,1,0,0,Government,2023-11-01
P002413,11,M,Township,High,0,0,0,0,None,2024-03-03
P002414,16,M,Township Sector,Medium,0,0,0,0,Private,2023-05-01
P002415,62,M,Gulberg,Low,0,0,0,0,Government,2021-10-31
P002416,66,F,Wapda Town,Medium,0,1,0,0,Government,2022-12-06
P002417,29,F,,Low,0,0,0,0,None,2019-11-03
P002418,31,M,Bahria Town,,1,0,0,0,,2023-12-20
P002419,53,F,Gulberg,High,0,0,0,0,Private,2024-05-21
P002420,0,M,Iqbal Town,Medium,0,0,0,0,Government,2023-11-20
P002421,-1,F,Defence,Medium,0,0,0,0,Government,2021-08-28
P002422,37,F,Samanabad,Medium,1,1,0,2,None,2022-08-17
P002423,70,M,Model Town,Medium,0,0,0,1,,2019-02-10
P002424,34,M,Bahria Town,Low,1,0,0,0,Government,2021-12-11
P002425,44,M,Garden Town,Medium,0,0,0,0,Private,2022-07-15
P002426,62,F,Township,Medium,0,0,0,0,None,2023-11-28
P002427,80,F,Shalimar,Low,0,1,0,0,Government,2024-05-21
P002428,32,M,Green Town,Low,0,0,0,2,Private,2023-07-31
P002429,42,M,Green Town,Low,0,0,0,0,Private,2019-12-28
P002430,75,F,Allama Iqbal Town,Low,1,0,0,0,None,2020-03-05
P002431,15,M,Township Colony,Low,0,0,0,0,None,2024-04-07
P002432,60,F,,,0,0,0,0,Private,2022-01-10
P002433,24,F,Defence,Medium,0,1,0,4,Government,2023-11-02
P002434,44,M,Township Colony,Medium,0,0,0,2,None,2022-07-20
P002435,38,M,Garden Town,Low,0,0,0,0,Government,2019-04-08
P002436,25,F,Gulberg,,0,0,0,0,Government,2024-10-15
P002437,24,F,Samanabad,,1,0,0,0,Private,2024-04-02
P002438,47,M,Bahria Town,Low,0,0,0,0,Government,2021-11-12
P002439,60,M,Askari,Low,0,0,0,0,Private,2020-08-15
P002440,40,M,Shalimar,Medium,0,0,0,0,Private,2020-08-21
P002441,43,F,Gulberg,Low,0,0,0,0,None,2023-11-09
P002442,52,M,Cantt,Low,0,0,0,0,Government,2020-02-24
P002443,25,M,Defence,Medium,0,1,0,0,None,2022-07-13
P002444,55,F,Johar Town,,0,1,0,0,None,2024-08-02
P002445,57,F,Bahria Town,Medium,1,0,0,0,None,2022-02-13
P002446,89,M,Township Sector,,1,0,0,0,None,2022-04-18
P002447,35,M,Cantt,Medium,0,0,0,1,None,2021-08-27
P002448,34,M,Gulberg,Medium,1,0,0,0,Private,2020-07-04
P002449,56,M,Allama Iqbal Town,,1,1,0,0,,2020-07-25
P002450,57,M,Askari,Medium,0,0,0,0,Private,2021-07-12
P002451,32,F,Johar Town,High,1,0,0,0,None,2021-10-02
P002452,35,F,Garden Town,Medium,1,1,0,0,Government,2019-03-06
P002453,52,M,Bahria Town,Low,0,0,0,0,Government,2024-01-17
P002454,27,F,Samanabad,Low,0,0,0,0,Government,2019-01-08
P002455,35,F,Green Town,Low,0,1,0,2,Private,2020-05-23
P002456,44,M,Township,Medium,0,0,0,0,Private,2021-01-20
P002457,60,F,Allama Iqbal Town,Low,1,1,0,0,None,2024-08-13
P002458,31,M,Gulberg,Medium,0,0,0,0,,2023-03-30
P002459,9,F,Cantt,Medium,0,1,0,0,None,2019-12-21
P002460,8,F,EME Society,Medium,0,0,0,1,None,2023-05-25
P002461,19,F,,Medium,0,0,0,1,Government,2021-12-27
P002462,18,M,Green Town,Low,0,1,0,0,Government,2019-01-11
P002463,39,M,Defence,Low,0,0,0,0,Government,2021-06-25
P002464,21,F,Wapda Town,Medium,0,0,0,2,None,2023-02-05
P002465,29,F,Model Town,Medium,0,0,0,0,Government,2021-12-05
P002466,28,F,Gulberg,,0,0,0,0,Private,2023-07-20
P002467,34,M,Township,Medium,0,0,1,0,Government,2024-12-10
P002468,66,M,Garden Town,Medium,1,0,0,0,Private,2020-05-22
P002469,54,M,Allama Iqbal Town,Medium,0,0,0,0,Government,2022-07-01
P002470,42,F,Township,Low,0,0,0,0,None,2019-12-02
P002471,34,M,Wapda Town,High,0,0,0,0,Private,2021-05-31
P002472,34,F,Model Town,Medium,0,1,0,0,None,2023-03-27
P002473,48,F,Allama Iqbal Town,Medium,0,1,0,2,None,2021-11-08
P002474,53,F,Model Town,Medium,0,0,0,0,None,2022-05-28
P002475,26,F,EME Society,Medium,0,0,0,0,Government,2021-11-15
P002476,43,F,Model Town,Low,1,0,0,0,Government,2021-05-18
P002477,5,M,Shalimar,Medium,0,1,0,0,,2023-06-13
P002478,46,F,Township,Low,1,1,0,0,None,2022-06-21
P002479,56,M,Township Colony,Medium,0,1,0,0,Government,2020-08-19
P002480,37,M,Iqbal Town,Low,0,0,0,0,Government,2023-11-10
P002481,75,M,Green Town,Low,1,0,0,0,Government,2023-06-23
P002482,26,F,Valencia,Low,1,0,0,0,Government,2019-07-23
P002483,46,M,Wapda Town,Medium,1,0,0,0,,2022-10-31
P002484,41,F,Wapda Town,Medium,0,0,0,1,Private,2022-01-27
P002485,40,F,Faisal Town,Medium,0,0,0,3,Government,2022-10-01
P002486,40,F,Cantt,Medium,0,0,0,0,None,2020-08-28
P002487,44,M,Wapda Town,Medium,0,0,0,0,None,2019-07-01
P002488,57,M,Johar Town,Medium,1,0,0,0,Government,2020-09-15
P002489,67,M,Township,Low,0,0,0,0,None,2022-02-06
P002490,42,M,EME Society,Medium,0,0,0,0,None,2023-08-21
P002491,57,F,Township Colony,High,0,0,0,0,Private,2020-12-21
P002492,29,M,Defence,Medium,0,0,0,3,None,2022-11-23
P002493,56,M,Allama Iqbal Town,High,1,0,0,0,Private,2023-02-16
P002494,28,F,Bahria Town,Low,0,0,0,0,None,2024-04-27
P002495,62,M,Shalimar,Medium,1,0,0,0,Government,2023-08-04
P002496,82,M,Samanabad,Medium,0,0,0,0,Government,2021-03-12
P002497,40,F,EME Society,Medium,1,0,0,0,,2021-09-04
P002498,3,F,Allama Iqbal Town,Medium,0,0,0,0,None,2022-01-11
P002499,32,F,,Low,0,0,0,0,None,2020-12-06
P002500,64,M,Valencia,Medium,0,1,0,2,None,2019-11-12
P002501,52,F,Samanabad,,0,0,0,1,Government,2022-05-10
P002502,46,F,,Medium,1,0,0,1,None,2024-02-11
P002503,-1,M,Township,Low,1,0,0,0,Government,2021-10-30
P002504,51,M,Township,,0,0,0,2,,2022-09-16
P002505,64,M,Faisal Town,High,0,0,0,0,Private,2022-10-29
P002506,59,M,Iqbal Town,Low,0,0,0,0,Government,2024-06-17
P002507,69,F,Township,Medium,1,1,0,0,,2022-06-19
P002508,48,F,Garden Town,Low,0,0,0,3,None,2022-10-16
P002509,58,M,Iqbal Town,Medium,0,1,0,0,,2024-06-22
P002510,36,F,Township,Medium,0,1,0,2,None,2019-10-21
P002511,31,M,Allama Iqbal Town,High,1,0,0,2,None,2019-11-30
P002512,73,M,Township,Medium,0,0,0,1,None,2022-05-18
P002513,46,F,Johar Town,Low,1,0,0,0,Private,2024-03-03
P002514,56,M,Gulberg,,1,0,0,0,Private,2024-09-10
P002515,44,M,Township Sector,Low,0,0,0,0,None,2021-06-18
P002516,31,M,Green Town,Medium,0,0,0,0,Private,2020-01-03
P002517,42,F,Shalimar,High,0,1,0,0,Private,2023-03-19
P002518,68,F,Defence,,1,0,0,0,None,2020-12-19
P002519,52,F,Garden Town,Medium,0,1,0,1,None,2020-02-23
P002520,11,M,Iqbal Town,Medium,0,1,0,2,Government,2022-11-15
P002521,38,F,Township,Medium,0,0,0,0,Government,2023-11-29
P002522,74,F,Green Town,Medium,1,0,0,0,,2022-06-01
P002523,38,M,Valencia,,0,0,0,0,Government,2020-12-31
P002524,10,F,Allama Iqbal Town,,0,0,0,1,Private,2020-02-05
P002525,76,M,Askari,,1,1,0,0,None,2024-07-24
P002526,54,F,Garden Town,Medium,0,1,0,0,None,2019-12-19
P002527,41,F,Green Town,Medium,0,0,0,0,Government,2022-11-23
P002528,35,F,Shalimar,Low,0,0,0,0,Government,2019-11-18
P002529,61,F,Garden Town,,1,1,0,0,None,2021-12-23
P002530,32,M,Defence,High,0,0,0,3,,2022-03-19
P002531,63,M,Township Colony,Medium,0,1,0,3,Private,2023-12-18
P002532,52,M,Valencia,,0,0,0,1,None,2024-06-20
P002533,46,M,Faisal Town,High,0,0,0,0,None,2024-04-07
P002534,45,M,Iqbal Town,Low,0,0,0,2,Government,2022-01-03
P002535,39,M,Township Colony,Medium,0,0,0,0,None,2022-02-05
P002536,61,F,Township Colony,Low,0,0,0,0,None,2021-06-16
P002537,26,F,Cantt,High,0,0,0,0,None,2020-04-11
P002538,13,M,Bahria Town,Low,0,0,0,0,Private,2020-04-03
P002539,53,M,Township Sector,Medium,0,1,0,0,None,2019-12-10
P002540,53,F,Samanabad,High,0,0,0,0,Private,2024-04-24
P002541,51,F,Green Town,Medium,0,1,0,3,Private,2023-05-15
P002542,49,F,Askari,Low,0,0,0,0,None,2024-11-30
P002543,36,F,Garden Town,,0,0,0,0,Government,2020-12-14
P002544,56,M,Johar Town,,0,0,0,2,None,2023-04-05
P002545,41,F,Samanabad,Low,0,1,0,0,Private,2019-03-19
P002546,33,M,Faisal Town,,0,0,0,0,None,2022-02-03
P002547,36,M,Bahria Town,Medium,0,0,0,0,None,2021-05-28
P002548,78,F,Township Sector,High,1,1,0,0,None,2024-06-23
P002549,11,M,Township,Medium,0,0,0,0,None,2021-09-03
P002550,51,M,Bahria Town,High,0,1,0,0,None,2022-02-23
P002551,12,F,Township Colony,Medium,0,0,0,0,Private,2024-03-22
P002552,40,F,Township Colony,Medium,0,0,0,0,None,2021-01-26
P002553,34,M,Wapda Town,Medium,1,0,0,0,None,2024-06-21
P002554,4,F,Iqbal Town,Low,1,0,0,0,Government,2020-02-14
P002555,49,F,Model Town,Low,0,1,0,0,Private,2024-01-18
P002556,35,F,Samanabad,High,0,0,0,0,Government,2019-10-29
P002557,4,F,Samanabad,Medium,0,0,0,0,Private,2022-05-05
P002558,57,M,Samanabad,Low,0,1,0,0,,2021-09-10
P002559,68,F,Township Sector,Medium,0,0,0,4,Government,2019-09-19
P002560,69,M,Wapda Town,Low,0,1,0,0,Government,2021-05-02
P002561,48,F,Shalimar,Medium,0,0,0,0,Government,2019-09-14
P002562,43,M,Shalimar,Low,0,0,0,0,None,2020-03-29
P002563,66,F,Township Sector,High,0,1,0,0,Government,2023-05-27
P002564,72,M,Allama Iqbal Town,Medium,0,1,0,0,None,2022-01-18
P002565,62,M,Gulberg,Medium,1,0,0,0,None,2023-01-09
P002566,25,F,Samanabad,Medium,0,0,0,0,None,2023-05-15
P002567,46,M,Township Colony,,1,0,1,0,None,2023-03-27
P002568,50,F,Garden Town,Medium,0,0,0,0,,2022-09-10
P002569,9,M,Askari,,0,0,0,0,Government,2022-03-14
P002570,50,M,Samanabad,Low,0,0,0,0,None,2023-08-21
P002571,83,F,Garden Town,Medium,0,0,0,0,Private,2024-04-05
P002572,54,F,Cantt,Medium,1,0,0,0,None,2023-11-08
P002573,69,F,Township Colony,High,1,1,0,0,None,2021-08-05
P002574,45,M,Defence,Medium,0,1,0,0,Government,2019-10-25
P002575,41,M,Valencia,Medium,0,0,0,0,Government,2020-12-30
P002576,49,F,Model Town,Low,0,0,1,0,None,2024-12-12
P002577,27,F,,Low,1,1,0,0,Government,2023-02-19
P002578,25,F,Samanabad,Low,0,0,0,1,Private,2019-12-25
P002579,65,M,Samanabad,Low,1,0,0,0,None,2021-03-16
P002580,67,F,Green Town,Medium,0,0,0,1,Private,2023-06-06
P002581,24,F,Iqbal Town,Low,0,1,0,4,Private,2024-08-01
P002582,59,M,Gulberg,Medium,0,0,0,0,Government,2022-05-31
P002583,40,F,Iqbal Town,,1,1,0,0,None,2024-04-06
P002584,48,M,Askari,Low,0,1,0,0,None,2022-02-09
P002585,50,F,Faisal Town,Medium,0,1,0,1,,2023-10-02
P002586,60,F,Iqbal Town,,0,1,0,3,Government,2024-05-28
P002587,43,M,Green Town,Low,0,0,0,0,Government,2022-07-10
P002588,67,F,Garden Town,High,0,1,0,2,None,2023-09-26
P002589,48,F,Shalimar,Low,1,0,0,0,None,2020-03-07
P002590,53,M,Allama Iqbal Town,Low,0,1,0,0,Government,2019-05-05
P002591,27,M,Cantt,Medium,1,0,0,1,Government,2021-12-10
P002592,81,M,Allama Iqbal Town,Low,0,0,0,0,None,2022-10-06
P002593,50,F,Township Colony,Medium,1,0,0,0,Private,2020-11-15
P002594,55,F,Allama Iqbal Town,Medium,1,1,0,0,None,2021-12-19
P002595,13,F,Iqbal Town,Medium,0,0,0,0,Government,2021-08-20
P002596,27,M,Township Sector,Medium,1,0,0,0,None,2021-06-24
P002597,64,M,Bahria Town,High,0,0,0,0,Government,2023-07-24
P002598,47,F,Defence,Low,0,0,0,0,Government,2019-03-15
P002599,8,M,Cantt,,0,0,0,0,Private,2020-03-17
P002600,61,F,Askari,Low,0,0,0,0,,2024-04-07
P002601,32,F,Wapda Town,Low,0,0,0,0,None,2024-05-19
P002602,67,F,Iqbal Town,High,1,1,1,0,Government,2020-12-17
P002603,40,F,Iqbal Town,Medium,1,1,0,0,,2021-10-16
P002604,46,M,Green Town,Low,0,0,0,0,None,2024-12-28
P002605,63,M,Iqbal Town,Medium,1,0,0,1,Private,2021-09-17
P002606,26,F,Township Sector,Low,0,0,0,0,None,2023-11-20
P002607,24,F,Iqbal Town,Medium,0,0,0,0,Government,2019-09-03
P002608,38,M,Johar Town,Low,0,0,0,0,None,2023-10-25
P002609,57,F,Defence,High,0,1,0,0,None,2022-01-19
P002610,18,F,Bahria Town,Low,0,0,0,0,Private,2022-07-21
P002611,12,M,Valencia,Low,0,0,1,0,None,2020-12-13
P002612,57,F,Wapda Town,High,0,0,0,0,None,2023-12-22
P002613,31,F,Shalimar,High,1,1,0,0,None,2020-10-16
P002614,35,F,Township Colony,Low,1,0,0,0,None,2020-07-03
P002615,9,M,Gulberg,Medium,0,0,0,0,Private,2021-06-18
P002616,30,F,,High,0,0,0,2,Private,2022-07-21
P002617,42,M,Green Town,Medium,0,0,0,2,None,2019-03-22
P002618,59,F,Garden Town,Medium,0,0,0,0,Private,2022-07-01
P002619,28,M,Samanabad,Medium,0,0,0,0,Private,2020-08-18
P002620,72,F,Township,High,1,1,0,2,Government,2021-08-01
P002621,30,F,Valencia,,1,1,0,1,Government,2020-05-01
P002622,30,M,Samanabad,Low,0,0,0,0,Government,2022-05-26
P002623,70,M,,,0,0,0,0,,2019-06-25
P002624,46,F,Samanabad,,0,1,0,0,Private,2023-07-14
P002625,32,F,Gulberg,Medium,1,0,0,0,Private,2020-06-16
P002626,39,M,Bahria Town,Low,1,0,0,0,None,2020-02-14
P002627,66,F,,Medium,1,0,0,0,None,2019-02-14
P002628,68,F,Township Sector,Medium,1,1,0,0,None,2024-11-08
P002629,27,F,Allama Iqbal Town,High,0,0,0,0,Government,2023-04-10
P002630,41,F,Defence,Low,0,0,0,0,None,2021-10-24
P002631,44,M,Green Town,Medium,1,0,0,0,Government,2020-11-11
P002632,24,M,Valencia,Medium,0,0,0,0,Government,2023-02-26
P002633,41,F,Cantt,Low,1,0,0,0,Private,2021-10-14
P002634,42,M,Bahria Town,Medium,0,1,0,0,None,2024-06-08
P002635,63,F,Cantt,Low,1,1,0,0,Government,2023-06-07
P002636,64,M,Garden Town,Medium,0,1,0,0,Government,2024-10-22
P002637,36,F,Samanabad,Medium,0,0,0,0,Government,2024-03-13
P002638,38,F,Township,Low,0,0,0,0,Private,2022-07-08
P002639,54,M,Johar Town,Medium,1,0,0,0,Private,2019-02-28
P002640,31,F,Samanabad,High,0,1,0,0,Government,2024-10-02
P002641,53,F,Allama Iqbal Town,Low,1,0,0,0,Private,2020-06-24
P002642,40,F,Iqbal Town,High,0,0,0,2,Private,2022-06-14
P002643,25,M,Samanabad,Low,0,0,0,0,None,2023-08-02
P002644,25,F,Garden Town,Low,1,0,0,1,None,2020-07-12
P002645,68,M,Askari,Medium,1,1,0,0,None,2023-08-17
P002646,39,M,Gulberg,Low,1,0,0,0,Government,2022-04-22
P002647,72,M,Township,High,0,0,0,0,Private,2024-07-14
P002648,33,F,Faisal Town,Medium,0,0,0,0,None,2019-09-16
P002649,47,M,Valencia,Medium,0,0,0,0,None,2020-09-04
P002650,85,F,Valencia,Medium,1,1,0,0,Private,2023-05-09
P002651,23,M,EME Society,Medium,0,0,0,0,Private,2024-04-30
P002652,8,M,Wapda Town,Medium,0,1,0,0,None,2020-05-28
P002653,65,F,Township,Medium,0,0,0,0,None,2023-04-29
P002654,27,M,Wapda Town,High,0,0,0,0,Government,2021-06-28
P002655,42,F,Township Sector,Medium,0,0,0,0,Private,2024-03-19
P002656,31,F,Samanabad,Low,0,0,0,0,None,2021-04-04
P002657,47,F,Samanabad,Medium,0,0,0,0,Government,2024-09-18
P002658,25,M,Cantt,Medium,1,0,0,0,None,2020-05-31
P002659,39,M,Shalimar,Low,0,0,0,0,Government,2024-12-16
P002660,50,M,EME Society,Medium,0,0,0,0,Private,2023-04-26
P002661,24,F,Shalimar,Medium,0,0,0,0,None,2020-04-21
P002662,29,M,Cantt,Low,0,0,0,0,None,2020-11-29
P002663,36,M,Valencia,High,0,0,0,0,None,2019-05-28
P002664,16,M,Green Town,Medium,0,0,0,0,Private,2024-08-24
P002665,34,F,Township Sector,Low,0,0,0,0,None,2019-12-04
P002666,44,F,EME Society,,0,1,0,0,,2019-01-15
P002667,35,M,Iqbal Town,High,0,0,0,0,Government,2022-07-11
P002668,37,F,Cantt,High,0,0,0,0,None,2021-09-20
P002669,42,F,Bahria Town,,1,0,0,0,None,2023-01-12
P002670,30,F,Faisal Town,Low,0,0,0,0,None,2021-10-13
P002671,54,F,Allama Iqbal Town,,0,0,0,0,Private,2020-04-05
P002672,68,F,Shalimar,Medium,0,0,0,0,None,2022-07-04
P002673,34,F,Gulberg,,0,0,0,0,None,2024-02-17
P002674,51,M,Township Sector,Medium,0,0,0,0,Private,2019-09-20
P002675,38,M,Model Town,Medium,0,0,0,0,None,2020-08-20
P002676,49,F,Model Town,High,0,1,0,0,Government,2024-02-29
P002677,70,F,Askari,Medium,0,0,0,0,None,2024-07-06
P002678,51,M,Bahria Town,High,0,0,0,2,Private,2020-05-01
P002679,10,F,,Medium,0,0,0,0,None,2023-11-06
P002680,50,M,Johar Town,,1,1,0,0,None,2021-04-18
P002681,64,M,Model Town,Medium,1,0,0,0,None,2023-04-20
P002682,38,F,Township Sector,Low,0,0,0,0,None,2022-05-21
P002683,60,F,Iqbal Town,Low,0,1,0,0,Private,2021-06-24
P002684,30,F,Allama Iqbal Town,High,0,0,0,1,None,2019-01-11
P002685,15,M,Shalimar,,0,0,0,0,None,2021-03-04
P002686,45,F,Model Town,Medium,0,0,0,2,Private,2022-09-25
P002687,10,M,Garden Town,High,0,1,0,0,Private,2023-08-08
P002688,38,M,Askari,Low,0,0,0,0,None,2020-03-21
P002689,65,M,,Low,0,0,0,0,Private,2020-03-07
P002690,8,M,Township Sector,Low,0,1,0,0,Government,2023-07-24
P002691,19,F,EME Society,Medium,0,0,0,0,None,2020-06-29
P002692,23,F,Green Town,Low,1,0,0,0,Private,2020-09-21
P002693,41,M,Defence,,0,0,0,0,None,2021-06-28
P002694,35,F,Model Town,Medium,1,0,0,0,Government,2022-08-10
P002695,67,F,Valencia,Low,1,1,0,0,None,2020-12-22
P002696,59,F,Township,,1,0,0,0,Private,2021-12-30
P002697,51,F,Samanabad,Low,0,0,0,0,Government,2024-10-04
P002698,45,M,Township,Medium,0,1,0,3,Private,2024-04-13
P002699,49,F,,Medium,0,1,0,1,None,2021-10-13
P002700,26,M,Samanabad,Medium,0,0,0,0,Private,2021-02-18
P002701,57,M,Bahria Town,Low,0,1,0,0,None,2021-05-15
P002702,22,F,Johar Town,Low,0,0,0,0,Private,2022-01-05
P002703,57,M,Askari,Low,0,1,0,0,None,2021-05-24
P002704,63,F,Model Town,Low,1,0,0,0,Private,2022-03-17
P002705,46,F,Model Town,Medium,0,0,0,0,Government,2022-05-12
P002706,39,F,Township Sector,Low,0,0,0,0,None,2019-08-31
P002707,49,F,Askari,Low,1,0,0,0,Private,2022-07-28
P002708,0,F,Askari,Low,0,0,0,1,Government,2022-04-04
P002709,47,F,Johar Town,Medium,1,0,0,0,None,2024-07-16
P002710,40,F,Model Town,Medium,0,0,0,0,Government,2021-12-07
P002711,41,F,Faisal Town,Medium,0,0,0,0,Private,2021-07-13
P002712,55,M,Faisal Town,Medium,0,0,0,0,None,2020-01-10
P002713,41,F,Wapda Town,,0,0,0,0,Government,2019-10-14
P002714,21,M,Johar Town,Low,0,0,0,0,Private,2022-09-23
P002715,39,M,EME Society,Medium,0,0,0,0,Government,2021-06-16
P002716,43,M,Faisal Town,Medium,0,0,0,0,Private,2022-01-25
P002717,44,M,Valencia,Low,0,0,0,0,None,2020-08-18
P002718,45,M,Cantt,Low,1,1,0,0,None,2019-11-06
P002719,61,M,Wapda Town,High,0,1,0,0,,2024-10-20
P002720,22,M,Johar Town,Medium,1,0,0,0,Private,2022-10-07
P002721,45,M,Shalimar,Low,1,0,0,0,Government,2022-04-25
P002722,65,F,Defence,,0,0,0,0,Private,2021-10-25
P002723,11,M,Allama Iqbal Town,Low,0,0,0,0,Government,2019-03-31
P002724,45,M,EME Society,Low,1,0,0,1,Private,2024-06-05
P002725,31,F,Faisal Town,Low,1,0,0,0,Government,2022-09-11
P002726,35,F,EME Society,High,0,0,0,0,Government,2022-03-25
P002727,26,M,Shalimar,Low,0,0,0,0,Government,2024-10-28
P002728,39,M,Gulberg,Medium,1,1,0,2,Private,2020-06-17
P002729,75,F,Bahria Town,Medium,1,0,0,0,,2020-03-14
P002730,19,F,Samanabad,,0,0,0,0,None,2023-06-11
P002731,21,F,Allama Iqbal Town,Low,0,0,0,0,Government,2024-05-13
P002732,19,F,Defence,Low,0,0,0,0,None,2021-07-17
P002733,73,M,Shalimar,,0,0,0,0,Government,2019-12-21
P002734,34,M,Valencia,Medium,0,0,0,0,Government,2024-01-02
P002735,42,F,Defence,Medium,1,0,0,0,None,2019-12-20
P002736,35,F,EME Society,Low,0,0,0,0,Private,2021-09-13
P002737,25,M,Askari,,0,0,0,0,,2021-05-29
P002738,38,M,Samanabad,Medium,0,0,0,0,Private,2020-04-06
P002739,86,F,Defence,Medium,1,0,0,0,Private,2024-09-13
P002740,67,F,Samanabad,Medium,1,0,0,0,None,2021-12-27
P002741,27,F,Wapda Town,Low,0,1,0,3,None,2022-09-05
P002742,54,M,Faisal Town,Low,0,0,0,0,Government,2019-08-15
P002743,27,M,Township Sector,,0,0,0,0,Government,2023-12-26
P002744,10,F,Bahria Town,Medium,0,0,0,0,Private,2021-05-13
P002745,60,M,Defence,Low,0,1,0,2,None,2019-09-20
P002746,63,M,Wapda Town,Low,0,1,0,0,None,2022-05-23
P002747,61,M,Allama Iqbal Town,Low,0,0,0,0,Government,2022-07-27
P002748,34,F,Johar Town,Low,0,0,0,0,Government,2022-09-13
P002749,39,F,Township Colony,,0,0,0,0,Private,2023-09-16
P002750,55,M,Shalimar,,0,0,0,0,None,2021-04-04
P002751,49,M,Green Town,Medium,0,0,0,0,None,2020-12-22
P002752,35,M,Wapda Town,Medium,0,0,0,0,Government,2019-12-09
P002753,13,M,,Medium,0,0,0,0,Private,2024-10-25
P002754,44,F,Model Town,Medium,1,0,0,0,Private,2020-12-02
P002755,61,F,Askari,High,0,0,0,0,Private,2024-09-27
P002756,20,F,Garden Town,Medium,0,0,0,0,Private,2022-01-19
P002757,53,M,Allama Iqbal Town,Medium,1,0,0,0,None,2024-09-06
P002758,48,F,Township Sector,High,1,0,0,0,None,2022-04-11
P002759,56,M,Township Sector,,1,1,0,1,,2024-08-26
P002760,58,M,Garden Town,Medium,0,0,0,0,None,2024-01-17
P002761,29,M,Gulberg,Medium,0,0,0,0,Private,2019-05-09
P002762,13,M,Askari,Medium,0,0,0,0,None,2019-04-27
P002763,32,F,Valencia,Low,0,1,0,0,Government,2019-12-01
P002764,58,F,,Low,0,0,0,2,Private,2022-03-20
P002765,32,M,Valencia,High,0,0,0,0,None,2019-12-11
P002766,30,F,Gulberg,Medium,0,0,0,0,None,2020-02-10
P002767,9,F,Cantt,,0,0,0,0,Government,2020-05-24
P002768,74,M,Samanabad,Medium,1,1,0,0,None,2024-04-18
P002769,-1,M,Bahria Town,Low,0,0,0,0,Private,2020-10-26
P002770,56,F,Cantt,Low,1,0,0,0,None,2023-02-10
P002771,59,F,Defence,Medium,1,0,0,0,Government,2021-02-26
P002772,52,F,Model Town,Medium,0,0,0,0,None,2020-08-15
P002773,38,M,Gulberg,Medium,0,0,0,0,Private,2019-10-28
P002774,39,M,Township Colony,,0,0,0,0,Private,2022-06-26
P002775,34,F,EME Society,Medium,0,0,1,3,Government,2022-04-29
P002776,89,F,Cantt,Low,1,1,0,0,Private,2024-03-11
P002777,52,M,Gulberg,Medium,0,1,0,0,Private,2024-01-24
P002778,34,M,Township,Medium,1,0,0,3,None,2019-11-15
P002779,50,F,,Low,0,0,0,0,None,2022-05-17
P002780,24,M,,High,0,0,0,0,Government,2020-11-26
P002781,69,F,Shalimar,Medium,0,1,0,0,Private,2022-08-31
P002782,30,F,Township Colony,Low,0,0,0,0,Government,2021-11-12
P002783,51,F,Valencia,Medium,0,0,0,0,None,2021-03-02
P002784,61,F,EME Society,,0,0,0,0,None,2020-06-29
P002785,49,M,Valencia,Low,0,0,0,1,,2021-11-27
P002786,44,F,Defence,High,0,0,0,0,Government,2019-10-20
P002787,42,F,Garden Town,Medium,0,0,0,0,Private,2021-11-14
P002788,41,F,Garden Town,Medium,0,0,0,0,Government,2020-02-23
P002789,32,F,Johar Town,Medium,0,1,0,0,Government,2020-02-13
P002790,34,M,Johar Town,High,0,0,0,0,None,2020-12-27
P002791,69,F,Garden Town,High,0,0,0,0,None,2023-09-21
P002792,40,F,Allama Iqbal Town,Low,0,1,0,0,,2023-07-22
P002793,28,M,Bahria Town,Low,0,1,0,0,,2024-08-13
P002794,33,F,Wapda Town,,0,0,0,1,None,2024-11-22
P002795,62,M,Defence,Low,1,0,0,1,Private,2020-03-25
P002796,54,M,Johar Town,Medium,0,0,0,0,Government,2020-04-16
P002797,52,M,Garden Town,,0,0,0,0,None,2024-09-12
P002798,37,M,Garden Town,Medium,0,0,0,0,Government,2023-11-17
P002799,52,F,Township Sector,Low,0,0,0,0,Government,2022-11-21
P002800,30,M,Green Town,Medium,0,0,0,0,None,2021-09-03
P002801,37,M,Model Town,Medium,0,0,0,0,Government,2020-07-08
P002802,59,F,Township,Low,0,1,0,0,Private,2019-09-15
P002803,58,M,EME Society,High,0,1,0,0,Private,2024-06-03
P002804,24,F,Defence,Medium,0,0,0,1,None,2022-08-02
P002805,27,M,Valencia,Medium,0,0,0,0,,2019-04-19
P002806,44,M,Green Town,High,1,1,0,0,,2021-05-06
P002807,73,F,Defence,Low,1,1,0,0,,2023-07-18
P002808,8,M,Johar Town,Low,0,0,0,0,Private,2020-11-03
P002809,47,M,Shalimar,Low,0,0,0,0,Private,2024-07-12
P002810,17,M,Wapda Town,,0,0,0,0,None,2021-03-24
P002811,31,F,,High,0,0,0,0,,2023-11-24
P002812,35,M,Askari,Medium,1,0,0,0,None,2022-01-25
P002813,34,M,,Low,0,0,0,3,Private,2023-11-06
P002814,32,F,Bahria Town,Medium,1,0,0,0,None,2021-12-28
P002815,42,M,Township,High,0,0,0,0,None,2023-01-04
P002816,32,M,Model Town,Low,1,0,0,3,Government,2021-05-17
P002817,16,M,Johar Town,,0,0,0,1,Private,2020-04-16
P002818,56,M,Johar Town,Medium,0,0,0,0,None,2019-08-25
P002819,56,F,EME Society,Medium,0,0,0,0,None,2021-11-08
P002820,57,M,Defence,Low,0,0,0,0,Private,2022-02-06
P002821,14,M,,,0,0,0,0,None,2022-12-15
P002822,47,F,Askari,Low,0,0,0,0,Government,2024-05-21
P002823,54,F,Defence,Medium,0,0,0,0,None,2024-11-30
P002824,23,F,Valencia,Medium,0,0,0,0,None,2021-05-16
P002825,42,M,Askari,Low,0,0,0,0,Government,2019-05-24
P002826,40,F,Johar Town,Medium,0,1,0,0,Government,2022-04-01
P002827,75,M,Johar Town,Medium,1,0,0,0,None,2024-05-18
P002828,77,M,Allama Iqbal Town,Medium,1,1,0,0,Government,2022-10-21
P002829,12,M,Samanabad,Medium,0,1,0,0,Private,2022-03-27
P002830,87,F,Cantt,Medium,0,1,0,0,None,2021-07-27
P002831,26,M,Cantt,,1,0,0,0,None,2024-07-12
P002832,60,F,Gulberg,Low,1,0,0,2,Private,2023-10-08
P002833,59,M,Gulberg,Medium,0,0,0,3,None,2024-01-29
P002834,24,F,Askari,Medium,0,1,0,0,None,2019-03-16
P002835,51,M,Faisal Town,Low,0,1,0,4,Private,2020-09-05
P002836,40,F,,High,1,0,0,0,,2019-09-15
P002837,52,F,Faisal Town,Medium,1,0,0,0,Government,2022-04-16
P002838,46,M,Samanabad,,1,0,0,0,Private,2019-03-01
P002839,64,F,Iqbal Town,Low,1,0,0,0,Private,2024-01-15
P002840,43,M,Township,Medium,0,1,0,1,Private,2024-08-17
P002841,39,M,Iqbal Town,Low,0,0,0,0,Private,2023-12-13
P002842,62,F,Shalimar,High,0,0,0,0,Private,2019-08-01
P002843,52,F,Defence,Medium,0,1,0,0,Government,2022-01-20
P002844,55,F,Green Town,Low,0,0,0,0,Private,2023-11-10
P002845,30,M,Garden Town,Medium,0,0,0,0,None,2021-06-18
P002846,23,M,Bahria Town,Low,0,0,0,0,None,2019-07-28
P002847,32,F,Township Sector,Medium,0,0,0,0,None,2023-07-12
P002848,31,M,Green Town,Low,0,0,0,0,Government,2021-08-17
P002849,56,F,Defence,High,1,0,0,1,Private,2024-02-21
P002850,60,M,Bahria Town,Medium,1,0,0,0,None,2022-04-05
P002851,39,M,Johar Town,High,0,0,0,0,None,2021-03-03
P002852,68,M,Defence,Low,0,1,0,0,None,2023-09-23
P002853,67,F,Allama Iqbal Town,Medium,0,0,0,0,Government,2023-07-14
P002854,46,F,Model Town,Medium,1,1,0,0,Government,2019-12-08
P002855,27,F,Faisal Town,,0,0,0,2,Private,2020-07-20
P002856,70,F,Valencia,,0,1,0,0,,2022-11-24
P002857,41,F,Samanabad,High,0,0,0,0,None,2024-07-27
P002858,44,M,Shalimar,Medium,1,0,0,2,Private,2024-03-16
P002859,36,F,Defence,High,0,0,0,0,Government,2019-12-27
P002860,26,F,Township Colony,Medium,0,0,0,0,Government,2024-09-08
P002861,16,M,Defence,Medium,0,0,0,0,None,2021-10-26
P002862,53,F,,Medium,0,0,0,0,Private,2024-11-23
P002863,28,F,Samanabad,Medium,1,0,0,0,Government,2020-05-27
P002864,95,M,Cantt,,1,0,0,0,Government,2024-07-23
P002865,22,F,Valencia,High,1,0,0,0,None,2022-05-10
P002866,19,F,EME Society,Medium,0,0,0,0,Private,2021-01-31
P002867,51,M,Defence,Medium,0,0,1,0,Government,2021-01-20
P002868,70,F,Township Colony,High,1,0,0,0,Private,2020-03-06
P002869,43,F,Bahria Town,Medium,0,0,0,0,None,2024-12-13
P002870,52,F,Township Sector,Low,0,1,0,0,Private,2021-07-13
P002871,9,F,Valencia,Medium,0,0,0,0,None,2022-11-20
P002872,30,M,Garden Town,,1,0,0,0,None,2020-04-12
P002873,23,F,EME Society,Low,1,0,0,0,Private,2020-11-29
P002874,8,F,Valencia,Low,0,0,0,0,None,2024-07-25
P002875,44,F,Askari,Medium,0,0,0,1,Government,2019-04-09
P002876,2,M,Model Town,Medium,1,0,0,0,None,2021-10-03
P002877,18,F,Cantt,High,0,0,0,0,Private,2022-06-18
P002878,32,M,Green Town,,0,0,0,0,Private,2020-11-09
P002879,27,F,Bahria Town,Medium,0,0,0,3,Private,2022-05-30
P002880,49,M,Township Colony,Low,0,0,0,0,None,2024-07-07
P002881,48,F,Model Town,High,0,0,0,0,Government,2021-02-17
P002882,58,F,Shalimar,High,0,0,0,0,None,2020-10-16
P002883,56,F,Samanabad,High,1,0,0,0,Private,2020-06-18
P002884,63,F,Model Town,Medium,1,1,0,0,None,2021-12-23
P002885,42,M,Wapda Town,,0,0,0,1,Government,2024-04-22
P002886,47,M,Johar Town,Medium,1,0,0,0,Private,2021-10-01
P002887,51,M,Faisal Town,Low,0,0,0,0,Private,2023-01-11
P002888,45,F,Township Colony,Low,1,0,0,0,None,2024-01-11
P002889,35,M,Defence,Low,0,0,0,1,Private,2019-09-28
P002890,36,F,EME Society,Low,0,0,0,0,Private,2021-11-27
P002891,27,M,Shalimar,Low,0,0,0,0,None,2024-12-26
P002892,200,M,Allama Iqbal Town,High,0,1,0,0,Government,2021-02-10
P002893,40,M,Iqbal Town,Medium,0,0,0,0,None,2020-09-22
P002894,30,M,Green Town,Medium,0,0,0,0,None,2019-09-30
P002895,30,M,Iqbal Town,Low,0,0,0,0,Government,2019-12-30
P002896,20,F,Askari,Medium,0,0,0,0,Private,2022-03-27
P002897,60,F,Gulberg,Medium,1,0,0,0,Private,2023-08-14
P002898,43,M,EME Society,Low,0,0,0,0,None,2022-12-28
P002899,26,F,Allama Iqbal Town,Medium,0,1,0,0,None,2022-04-27
P002900,57,F,Model Town,Low,1,0,0,0,Private,2020-07-20
P002901,32,M,Shalimar,High,0,0,0,3,Private,2022-02-08
P002902,17,F,Model Town,,0,0,0,0,Private,2022-12-25
P002903,60,M,Cantt,Low,1,0,0,0,Government,2020-05-07
P002904,32,F,Askari,Medium,0,1,0,0,Government,2021-10-08
P002905,35,F,Green Town,Low,0,0,0,0,None,2022-07-13
P002906,43,M,Township,Low,1,1,0,4,Private,2019-04-06
P002907,63,F,,,0,1,0,0,Government,2022-12-28
P002908,42,M,Cantt,Medium,0,0,0,0,Government,2019-04-07
P002909,20,M,Green Town,Medium,0,0,0,0,None,2021-08-12
P002910,52,M,Township Sector,Low,1,1,0,0,Government,2019-05-11
P002911,33,F,Defence,Medium,0,0,0,2,None,2020-07-31
P002912,76,M,,Low,1,0,0,0,None,2021-06-28
P002913,42,F,Township Sector,,0,0,0,0,None,2019-12-03
P002914,2,F,Allama Iqbal Town,Low,0,0,0,1,Private,2023-12-01
P002915,48,F,Garden Town,Low,0,1,0,0,None,2024-04-03
P002916,77,F,Defence,Low,1,0,0,0,Government,2020-12-06
P002917,70,F,Iqbal Town,Low,0,1,0,0,Private,2022-05-14
P002918,75,F,Valencia,,1,0,0,0,None,2022-10-09
P002919,24,F,Johar Town,Low,0,0,0,0,None,2021-11-17
P002920,58,M,Bahria Town,Low,1,0,0,0,Private,2024-01-25
P002921,29,F,Wapda Town,,0,1,0,0,None,2024-03-26
P002922,46,F,Allama Iqbal Town,,0,0,0,0,None,2022-05-11
P002923,19,F,Valencia,Low,0,0,0,0,None,2023-02-08
P002924,30,F,Garden Town,Low,0,0,0,0,None,2024-07-15
P002925,30,M,Wapda Town,Low,0,0,0,0,Private,2024-03-15
P002926,58,M,Faisal Town,High,0,0,0,0,Government,2020-11-01
P002927,56,F,Gulberg,Low,1,1,0,0,Private,2024-08-08
P002928,47,M,Iqbal Town,Low,0,0,1,0,Private,2022-01-19
P002929,18,F,Bahria Town,Medium,0,0,0,0,None,2024-08-15
P002930,36,M,Defence,Medium,0,1,0,1,,2022-04-08
P002931,29,F,Allama Iqbal Town,Low,0,0,0,2,Government,2024-11-11
P002932,58,F,Faisal Town,Low,0,0,0,0,None,2020-01-19
P002933,63,F,Askari,Medium,1,0,0,0,Private,2023-09-04
P002934,61,F,Bahria Town,Low,0,0,0,0,None,2021-12-29
P002935,28,M,Garden Town,Low,0,0,0,0,Government,2019-11-03
P002936,0,F,Johar Town,Medium,0,0,1,0,None,2022-11-29
P002937,10,F,Shalimar,Medium,0,0,0,0,Private,2022-04-17
P002938,68,,Allama Iqbal Town,Medium,0,0,0,2,Private,2019-08-07
P002939,35,M,Township,Medium,1,0,0,0,Government,2019-11-28
P002940,28,M,Bahria Town,,0,1,0,2,None,2022-11-06
P002941,72,M,Township Sector,,0,1,0,0,Government,2024-10-12
P002942,65,M,Bahria Town,Medium,0,0,0,0,Government,2022-02-24
P002943,42,M,Model Town,Low,1,0,0,0,None,2021-04-15
P002944,37,F,Township,Low,0,1,0,0,None,2021-03-23
P002945,40,F,Township Colony,Low,0,0,0,0,None,2023-05-19
P002946,46,F,Wapda Town,Medium,0,1,0,1,None,2021-04-15
P002947,71,F,Iqbal Town,Medium,0,0,0,0,Private,2022-03-26
P002948,50,M,Askari,Medium,0,1,0,0,None,2024-02-18
P002949,55,F,Township,Medium,0,1,0,0,Government,2023-09-12
P002950,63,F,Shalimar,Medium,0,0,0,0,None,2024-10-10
P002951,21,M,Cantt,Low,0,0,0,0,None,2023-05-14
P002952,56,F,Garden Town,Medium,1,0,0,0,None,2021-02-13
P002953,37,F,Cantt,Medium,0,0,0,2,None,2019-07-11
P002954,0,F,Wapda Town,,0,0,0,0,None,2021-10-01
P002955,4,M,Cantt,Medium,0,0,0,0,None,2021-02-11
P002956,24,F,Faisal Town,Low,0,0,0,3,Private,2021-11-21
P002957,52,F,Township Colony,High,0,0,0,0,Private,2024-08-16
P002958,44,F,Iqbal Town,Medium,0,0,0,0,None,2022-12-02
P002959,45,M,Valencia,High,0,1,0,0,None,2019-12-12
P002960,77,F,Allama Iqbal Town,Medium,0,0,0,2,None,2020-06-11
P002961,19,F,Askari,High,0,0,0,0,,2020-01-22
P002962,42,M,Township,,0,0,0,0,Government,2021-02-19
P002963,47,M,Wapda Town,Medium,0,0,0,0,None,2024-10-09
P002964,29,F,Valencia,Low,0,0,0,0,None,2019-11-02
P002965,43,F,Model Town,Low,0,0,0,0,Government,2023-04-10
P002966,13,F,Garden Town,Low,0,0,0,0,Government,2019-01-18
P002967,67,M,Township Sector,Medium,0,1,0,0,Government,2019-08-21
P002968,30,F,Samanabad,Medium,1,1,0,0,Private,2020-02-14
P002969,79,M,Johar Town,Medium,0,1,0,0,None,2021-06-05
P002970,41,M,Askari,Low,0,0,0,0,Government,2019-04-09
P002971,61,M,Model Town,Low,1,0,0,0,Private,2019-04-13
P002972,41,F,Green Town,Low,0,0,0,0,,2020-06-14
P002973,41,M,Faisal Town,Medium,0,0,0,0,None,2023-10-17
P002974,31,M,Cantt,,1,0,0,0,None,2021-02-27
P002975,44,M,EME Society,Medium,0,0,0,0,,2019-07-23
P002976,48,F,Cantt,Low,0,1,0,0,None,2019-05-21
P002977,28,M,Model Town,Medium,0,0,0,0,Government,2019-06-01
P002978,40,M,EME Society,Medium,0,0,0,0,None,2024-10-04
P002979,31,M,Samanabad,Medium,0,0,0,0,Government,2021-06-17
P002980,83,M,Samanabad,Medium,1,0,0,0,Private,2019-10-23
P002981,40,F,Defence,High,0,1,0,0,Government,2019-11-21
P002982,70,F,Cantt,Low,0,0,0,0,None,2024-02-19
P002983,38,M,Wapda Town,Low,1,0,0,1,Private,2023-11-29
P002984,47,M,Iqbal Town,High,1,0,0,0,Government,2023-04-14
P002985,18,M,Garden Town,High,0,0,0,0,Private,2022-02-23
P002986,34,F,,Medium,0,0,0,0,None,2023-08-12
P002987,46,F,Wapda Town,Low,0,1,0,3,Government,2021-12-18
P002988,71,M,Valencia,Low,1,1,0,0,Private,2020-05-01
P002989,46,M,Allama Iqbal Town,High,1,0,0,1,Government,2021-07-10
P002990,67,F,Iqbal Town,Medium,1,0,0,0,Government,2024-08-18
P002991,54,F,Bahria Town,Low,1,0,0,0,None,2021-04-18
P002992,71,M,Gulberg,Low,0,0,0,0,Private,2020-05-19
P002993,41,F,Township,Medium,0,0,1,0,Government,2022-09-10
P002994,85,F,,Medium,1,0,0,0,None,2019-02-18
P002995,33,F,Johar Town,High,0,0,0,0,None,2022-01-27
P002996,28,F,Township Colony,Medium,0,0,0,0,None,2019-12-04
P002997,20,F,EME Society,Low,0,1,0,0,Government,2019-01-26
P002998,84,M,Garden Town,,0,1,0,0,Private,2021-02-06
P002999,57,M,Township Sector,Medium,1,0,0,0,None,2023-04-01
P003000,36,M,Wapda Town,Low,0,0,0,0,Government,2019-06-26
P003001,64,M,Samanabad,Low,1,0,0,0,Private,2019-07-14
P003002,54,F,Green Town,,0,0,0,0,None,2023-11-13
P003003,77,F,Defence,Low,0,0,0,0,Government,2024-07-02
P003004,14,F,Faisal Town,Medium,0,1,0,0,None,2022-05-12
P003005,37,F,Johar Town,Low,0,0,0,0,None,2021-10-18
P003006,34,M,Township Sector,Medium,1,0,0,0,None,2024-07-22
P003007,6,F,Valencia,Medium,0,0,0,0,None,2020-07-20
P003008,61,M,Allama Iqbal Town,Low,1,0,0,0,None,2022-07-10
P003009,37,F,Samanabad,Medium,1,0,0,0,None,2019-05-12
P003010,55,F,Wapda Town,High,0,0,0,0,None,2019-05-20
P003011,84,F,Gulberg,Medium,0,0,0,1,Government,2021-03-02
P003012,36,F,Township Sector,Medium,0,0,0,0,Private,2022-03-20
P003013,34,M,EME Society,High,0,0,0,4,None,2019-01-09
P003014,44,M,Township Colony,High,0,1,0,0,Government,2019-06-22
P003015,60,F,Township,,0,1,0,0,Private,2019-10-26
P003016,32,M,Bahria Town,Medium,1,0,0,0,Private,2024-08-17
P003017,31,M,Shalimar,Medium,0,0,0,0,Private,2020-07-25
P003018,61,F,Gulberg,Medium,1,1,0,0,None,2022-12-08
P003019,49,F,Defence,,0,1,0,0,None,2024-07-05
P003020,5,F,Valencia,,0,0,1,0,Government,2021-01-31
P003021,20,F,Township Colony,Medium,1,0,0,0,Government,2019-12-05
P003022,69,M,Cantt,Low,0,1,0,0,None,2022-08-27
P003023,49,F,Askari,High,0,0,0,0,Government,2020-12-21
P003024,28,F,Askari,High,1,0,0,0,Government,2023-07-05
P003025,39,M,Johar Town,Low,1,0,0,0,Private,2024-10-23
P003026,42,F,,Low,0,1,0,0,Government,2024-08-20
P003027,55,M,Iqbal Town,High,1,1,0,4,None,2021-04-22
P003028,18,F,Valencia,,0,0,0,0,Government,2022-10-04
P003029,27,F,Cantt,Medium,0,0,0,0,None,2021-09-13
P003030,47,F,Allama Iqbal Town,Low,0,0,0,0,None,2023-01-17
P003031,40,F,Model Town,Low,0,0,0,0,Government,2020-08-27
P003032,52,F,Township Colony,Low,0,0,1,0,Private,2021-05-28
P003033,20,M,,Low,0,0,0,0,Government,2019-09-09
P003034,48,M,Wapda Town,High,0,0,0,0,None,2020-05-07
P003035,62,M,Bahria Town,Low,1,0,0,0,,2020-05-09
P003036,51,F,Township Colony,Low,1,1,0,0,None,2021-02-10
P003037,45,M,,Medium,1,1,0,0,None,2019-12-06
P003038,40,F,Askari,High,0,0,0,0,Private,2022-12-20
P003039,27,M,Iqbal Town,Medium,1,0,0,0,None,2024-11-07
P003040,41,M,Samanabad,Medium,0,0,0,0,Private,2024-03-24
P003041,65,M,Faisal Town,,0,0,0,0,Private,2023-07-17
P003042,40,F,Shalimar,Medium,0,0,0,3,Government,2022-12-28
P003043,26,M,Valencia,Medium,0,0,0,0,None,2020-11-25
P003044,33,M,Wapda Town,High,0,0,0,0,Private,2024-09-25
P003045,46,F,Gulberg,Medium,0,1,0,0,None,2022-05-27
P003046,35,M,Garden Town,High,1,0,0,0,None,2023-01-11
P003047,51,F,EME Society,Medium,0,0,0,0,Private,2019-06-27
P003048,51,F,,Medium,0,0,0,0,Private,2022-10-09
P003049,58,M,Township Colony,Medium,0,0,0,0,Government,2020-03-06
P003050,68,M,Faisal Town,Low,0,0,0,0,Government,2019-01-28
P003051,60,F,Shalimar,High,1,0,0,0,Government,2024-07-25
P003052,25,F,Allama Iqbal Town,Medium,0,0,0,0,None,2022-08-28
P003053,26,F,Model Town,High,0,0,0,0,Government,2019-02-03
P003054,41,F,Gulberg,,0,1,0,0,None,2019-06-09
P003055,34,F,Green Town,,0,0,0,1,None,2023-09-27
P003056,22,F,Allama Iqbal Town,Low,0,0,0,0,Government,2022-02-17
P003057,34,M,Samanabad,High,0,1,0,1,,2019-12-14
P003058,33,F,Township,Low,0,1,1,4,Private,2022-07-07
P003059,30,F,Johar Town,,0,1,0,0,Private,2024-07-22
P003060,36,F,Iqbal Town,Low,1,0,0,2,None,2022-11-16
P003061,63,F,Askari,Medium,0,0,0,0,None,2024-01-18
P003062,46,F,Shalimar,Low,0,1,0,0,None,2024-03-22
P003063,86,F,Township,High,1,1,0,0,Government,2024-09-09
P003064,45,F,Bahria Town,High,0,0,0,0,Government,2021-11-01
P003065,37,F,Bahria Town,Low,0,1,0,0,None,2024-12-20
P003066,42,M,Township Colony,Medium,0,0,0,1,None,2021-11-18
P003067,47,M,Samanabad,,0,0,0,3,None,2021-01-10
P003068,50,F,Township Colony,Medium,0,1,0,0,Government,2022-04-16
P003069,79,F,Gulberg,Low,0,1,0,0,Private,2024-02-26
P003070,27,F,Wapda Town,Low,0,0,0,0,Private,2021-01-02
P003071,57,F,Wapda Town,Low,1,1,0,0,None,2021-11-24
P003072,46,M,Cantt,Medium,0,0,0,0,Private,2020-08-17
P003073,14,M,Faisal Town,Medium,1,0,1,0,None,2021-02-08
P003074,56,F,Defence,Medium,0,0,0,0,None,2019-08-23
P003075,65,F,Gulberg,High,0,0,0,0,None,2024-02-28
P003076,27,F,Township Sector,Low,0,0,0,0,None,2024-01-14
P003077,42,F,Cantt,High,0,0,1,0,Government,2024-12-18
P003078,11,M,,,1,0,0,0,,2019-04-02
P003079,19,F,Township,Medium,0,0,1,0,None,2019-05-21
P003080,61,F,Green Town,Medium,0,0,0,0,Private,2024-11-18
P003081,34,F,Wapda Town,Low,0,0,0,0,None,2023-12-28
P003082,22,F,Township Colony,High,0,0,0,0,Government,2020-09-25
P003083,46,F,Model Town,Medium,1,0,0,0,Private,2021-11-23
P003084,33,F,Johar Town,High,1,0,0,0,None,2023-03-18
P003085,34,F,Garden Town,Low,0,0,0,1,,2021-04-29
P003086,55,F,Shalimar,Medium,1,0,0,0,Private,2023-05-21
P003087,21,M,Township Colony,,0,0,0,0,None,2023-09-09
P003088,26,F,Wapda Town,Medium,0,0,0,0,None,2021-05-19
P003089,45,F,Bahria Town,Medium,0,0,0,0,Private,2019-03-18
P003090,59,M,Askari,,1,0,0,3,Government,2021-06-18
P003091,64,F,Township,Low,1,1,0,0,None,2024-10-13
P003092,30,M,Model Town,Low,0,0,0,0,None,2022-08-02
P003093,59,M,Defence,Low,0,1,0,0,Private,2019-08-14
P003094,28,F,Allama Iqbal Town,Low,0,1,0,0,None,2019-06-01
P003095,75,F,Samanabad,Low,1,1,0,0,Private,2024-10-18
P003096,22,M,Model Town,Low,0,1,1,0,Government,2019-02-18
P003097,66,F,Garden Town,Medium,1,0,0,0,None,2019-01-08
P003098,30,F,EME Society,Medium,0,0,0,0,Private,2023-05-02
P003099,78,F,Valencia,Low,0,0,0,0,None,2019-08-15
P003100,53,F,Wapda Town,Low,1,0,0,1,None,2022-02-11
P003101,24,M,Defence,Medium,0,0,0,0,Private,2019-09-23
P003102,33,M,Samanabad,,0,0,0,0,Government,2024-12-26
P003103,56,M,Askari,Low,1,1,0,0,,2020-03-08
P003104,61,M,Green Town,Medium,0,1,1,0,None,2020-10-16
P003105,41,M,,High,0,0,0,0,Government,2020-09-29
P003106,43,F,Allama Iqbal Town,Low,0,1,0,0,Private,2021-03-27
P003107,56,,Askari,High,0,1,0,4,Government,2020-11-29
P003108,44,M,Askari,Low,0,0,0,0,Government,2022-10-22
P003109,19,M,Township,Low,0,0,0,0,Private,2021-07-17
P003110,27,M,Cantt,Low,1,0,0,0,Government,2023-02-14
P003111,46,,Iqbal Town,Medium,0,0,0,0,Government,2022-04-30
P003112,64,F,Wapda Town,Medium,1,0,0,0,None,2021-04-26
P003113,71,M,Township Colony,Medium,0,0,0,0,Government,2023-11-20
P003114,56,F,Township,High,0,0,0,0,Private,2019-09-25
P003115,47,F,Wapda Town,Medium,1,0,0,1,None,2024-02-10
P003116,55,F,Green Town,Low,0,0,0,0,None,2019-05-29
P003117,30,M,Model Town,Medium,1,0,0,0,Private,2022-02-27
P003118,39,M,Iqbal Town,Low,0,1,0,1,None,2019-01-04
P003119,27,F,Wapda Town,Medium,0,0,0,0,Private,2022-08-06
P003120,20,F,Cantt,High,0,0,0,3,None,2021-03-22
P003121,48,F,Township,Medium,0,0,0,0,Government,2019-09-25
P003122,45,F,Township Sector,Low,1,0,0,0,Government,2020-09-02
P003123,54,F,Wapda Town,Medium,0,0,0,0,Government,2021-12-05
P003124,52,M,Faisal Town,Low,0,0,0,0,Government,2019-02-17
P003125,46,F,Wapda Town,Low,0,0,0,0,None,2021-08-28
P003126,52,F,EME Society,,0,0,0,0,None,2022-12-15
P003127,41,F,Township Colony,Low,1,0,0,0,None,2020-04-10
P003128,49,F,Bahria Town,Low,0,0,0,0,Government,2021-02-16
P003129,29,M,Gulberg,Medium,1,1,0,0,None,2021-09-06
P003130,49,F,Gulberg,Medium,0,0,0,4,Private,2022-04-08
P003131,54,F,Cantt,Medium,1,0,0,0,None,2022-09-16
P003132,30,M,Samanabad,,0,0,0,0,Private,2024-03-07
P003133,43,F,Defence,Low,1,0,0,0,Private,2023-04-07
P003134,31,M,Askari,Low,0,0,0,1,Government,2021-03-07
P003135,33,M,Faisal Town,High,0,1,0,0,None,2024-02-18
P003136,22,M,Green Town,Low,0,0,0,0,Private,2020-04-18
P003137,65,M,Samanabad,High,1,0,0,0,None,2023-10-01
P003138,61,F,Cantt,Medium,1,1,0,0,Government,2020-09-01
P003139,52,F,Garden Town,Medium,0,1,0,0,Private,2021-05-05
P003140,77,F,Johar Town,Low,1,0,0,0,None,2019-03-28
P003141,39,F,Wapda Town,Low,0,0,0,0,None,2024-05-02
P003142,95,F,Township,Medium,1,1,0,0,Private,2020-05-08
P003143,38,F,Model Town,Low,0,0,0,0,None,2019-04-08
P003144,47,F,,Medium,0,0,0,1,None,2024-05-29
P003145,35,F,Samanabad,Medium,0,1,0,0,Government,2024-10-06
P003146,49,M,Garden Town,Medium,0,0,0,0,Government,2019-10-03
P003147,57,F,Township Colony,Low,0,1,0,4,Private,2024-02-07
P003148,40,F,Iqbal Town,Medium,0,1,0,0,Private,2020-12-24
P003149,74,F,Shalimar,Medium,0,0,0,0,Government,2023-09-12
P003150,46,M,Garden Town,Low,0,0,0,1,None,2019-10-09
P003151,47,F,EME Society,High,0,0,0,0,None,2019-02-22
P003152,26,M,Green Town,Low,0,0,0,0,Private,2019-05-09
P003153,50,F,Allama Iqbal Town,High,1,0,0,0,Government,2023-08-31
P003154,40,F,Cantt,Low,1,0,0,0,Government,2021-04-09
P003155,31,M,Askari,Low,0,0,0,2,Government,2020-03-06
P003156,28,F,Shalimar,,1,0,0,0,None,2023-12-07
P003157,90,F,,Low,1,0,0,0,Government,2021-05-20
P003158,37,F,Bahria Town,Low,0,0,0,0,Government,2019-03-25
P003159,16,F,EME Society,Low,0,0,0,0,None,2023-12-25
P003160,29,F,Valencia,,1,1,0,0,Private,2023-02-10
P003161,41,F,Defence,Low,0,0,0,0,None,2023-01-04
P003162,52,F,Iqbal Town,Medium,0,0,0,0,Private,2019-04-20
P003163,52,M,Bahria Town,Medium,0,1,0,0,None,2020-01-02
P003164,54,F,Garden Town,Medium,0,0,0,0,Private,2023-05-09
P003165,30,F,Bahria Town,Low,0,1,0,0,None,2023-08-16
P003166,48,M,Township,Low,0,0,0,0,Government,2024-10-15
P003167,26,F,Model Town,High,0,0,0,1,Private,2023-12-22
P003168,31,M,Defence,Medium,0,1,0,2,Government,2020-08-28
P003169,25,F,Wapda Town,High,0,0,0,0,Private,2022-01-22
P003170,21,M,,Medium,1,1,0,0,Private,2021-09-29
P003171,61,M,Askari,Medium,1,1,0,0,Government,2021-05-28
P003172,54,F,Bahria Town,High,0,0,0,0,Government,2022-04-14
P003173,60,M,Iqbal Town,Medium,0,0,0,0,None,2024-05-15
P003174,43,M,EME Society,High,0,0,0,3,None,2020-05-13
P003175,56,M,Valencia,Low,0,0,0,0,None,2022-04-24
P003176,10,F,Iqbal Town,Low,0,0,0,0,None,2019-04-12
P003177,58,F,Model Town,Medium,0,0,0,0,Private,2022-01-31
P003178,45,F,Township Colony,Medium,0,0,0,0,Private,2019-05-29
P003179,53,M,Shalimar,Medium,0,0,0,0,,2024-02-15
P003180,49,F,Wapda Town,Medium,0,0,0,0,Government,2021-03-21
P003181,24,F,Shalimar,Medium,1,0,0,0,None,2020-04-27
P003182,15,M,Bahria Town,High,1,0,0,0,Government,2020-03-28
P003183,29,F,Cantt,Low,0,1,0,0,Private,2020-07-30
P003184,52,M,Faisal Town,,0,0,0,0,None,2022-01-29
P003185,54,F,Allama Iqbal Town,Medium,0,0,0,0,Private,2021-01-12
P003186,17,M,Model Town,,0,0,0,0,None,2019-05-21
P003187,24,F,Wapda Town,Medium,1,0,0,0,Government,2020-03-12
P003188,29,F,Valencia,Low,0,0,0,0,Government,2023-02-13
P003189,36,F,,Low,0,0,0,0,None,2020-11-18
P003190,17,F,Johar Town,,0,0,0,0,None,2019-12-02
P003191,16,F,Valencia,Low,0,0,0,2,Government,2022-08-17
P003192,27,F,EME Society,Medium,0,0,0,0,Government,2019-03-15
P003193,44,M,Cantt,Low,1,0,1,0,Private,2022-10-11
P003194,21,F,Gulberg,Medium,0,0,0,0,Private,2020-07-05
P003195,40,F,Askari,High,0,0,0,2,Private,2022-02-10
P003196,61,F,Iqbal Town,Medium,0,0,0,0,None,2023-02-10
P003197,19,F,Garden Town,Low,0,0,0,0,Government,2021-08-28
P003198,38,M,Johar Town,,0,0,0,0,Government,2019-09-08
P003199,60,F,Valencia,Low,0,0,0,0,None,2023-04-09
P003200,34,M,Shalimar,,0,0,0,2,None,2023-08-23
P003201,32,M,Samanabad,Medium,0,1,1,0,Private,2020-08-27
P003202,63,M,Askari,Medium,1,0,0,0,None,2022-10-03
P003203,36,M,Bahria Town,Medium,0,1,0,0,None,2019-03-08
P003204,62,F,Green Town,Medium,1,1,0,0,Government,2020-11-04
P003205,50,M,Iqbal Town,Medium,0,0,0,0,None,2024-01-11
P003206,36,M,,Low,1,1,0,0,Private,2019-07-17
P003207,51,M,Green Town,High,0,1,0,0,None,2021-01-08
P003208,48,F,Gulberg,Low,0,0,0,0,None,2024-06-15
P003209,60,F,Johar Town,High,0,0,0,0,None,2021-10-24
P003210,32,M,Township Sector,Low,1,0,0,0,None,2020-05-25
P003211,43,F,Faisal Town,Low,0,0,0,0,Private,2023-05-07
P003212,41,M,Garden Town,Medium,0,0,0,0,None,2022-10-17
P003213,55,F,Garden Town,Medium,0,0,0,0,None,2021-10-21
P003214,24,F,Valencia,Medium,0,0,0,1,Private,2023-02-22
P003215,60,F,Samanabad,High,0,0,0,0,Government,2023-09-16
P003216,50,F,,High,0,0,0,0,Government,2022-03-10
P003217,18,F,Askari,Medium,0,0,0,0,Private,2020-03-09
P003218,64,M,Allama Iqbal Town,Medium,0,0,0,0,Private,2022-07-03
P003219,82,F,Faisal Town,Medium,0,1,0,0,None,2023-11-21
P003220,60,M,Model Town,Medium,0,1,0,4,Private,2020-10-10
P003221,68,M,Wapda Town,Low,0,0,0,0,Government,2019-04-21
P003222,44,M,Township Colony,Low,1,1,0,0,None,2022-07-10
P003223,12,F,Johar Town,Medium,0,0,0,2,None,2021-02-01
P003224,9,M,Model Town,Low,0,0,0,0,None,2023-12-10
P003225,47,M,Township Colony,Medium,0,1,0,0,None,2022-09-01
P003226,31,M,Valencia,Low,0,0,0,1,None,2023-08-29
P003227,26,F,Johar Town,Low,1,0,0,0,None,2021-12-28
P003228,41,M,Bahria Town,,1,1,0,0,Private,2020-05-03
P003229,53,F,Shalimar,Medium,0,1,0,2,None,2022-12-02
P003230,16,F,Township Sector,High,0,0,0,0,,2023-09-11
P003231,34,M,Allama Iqbal Town,Low,0,0,0,0,,2020-05-27
P003232,69,M,EME Society,Low,1,0,0,0,None,2023-01-29
P003233,23,F,Askari,Low,0,0,0,0,None,2024-10-29
P003234,58,F,EME Society,Medium,1,0,0,0,None,2021-08-13
P003235,33,M,Garden Town,Low,0,0,0,0,None,2020-08-04
P003236,52,F,Wapda Town,Medium,0,0,0,0,None,2021-11-30
P003237,62,F,Samanabad,Low,0,0,0,0,Government,2021-08-11
P003238,55,M,Cantt,High,1,0,0,0,Private,2022-02-04
P003239,58,M,Samanabad,,0,0,1,2,,2023-01-21
P003240,21,F,Valencia,,0,0,0,0,None,2023-09-02
P003241,62,F,Township Colony,Low,0,0,0,0,Government,2023-05-31
P003242,27,F,Garden Town,Low,0,0,0,0,Private,2022-09-02
P003243,47,,Gulberg,Low,0,0,0,2,Private,2023-01-09
P003244,47,M,Samanabad,Medium,1,0,0,0,None,2024-01-31
P003245,51,M,Iqbal Town,Medium,1,0,0,0,None,2020-05-24
P003246,48,F,Bahria Town,,0,1,0,1,Government,2023-12-02
P003247,27,F,EME Society,Low,1,0,0,0,Government,2020-01-07
P003248,18,F,Cantt,High,0,0,0,0,Government,2024-06-24
P003249,58,F,Township Sector,Low,0,0,0,3,Government,2022-04-10
P003250,45,F,Faisal Town,Low,0,0,0,0,Private,2024-03-30
P003251,63,F,Samanabad,Low,0,0,0,0,None,2024-09-21
P003252,41,M,Shalimar,,0,0,0,0,None,2019-02-15
P003253,17,F,EME Society,Medium,0,0,0,0,Government,2022-04-07
P003254,59,M,Model Town,,0,0,0,0,Government,2021-03-05
P003255,35,F,Garden Town,Medium,0,0,0,0,,2020-02-05
P003256,48,M,Cantt,Medium,0,1,0,0,Private,2021-03-29
P003257,30,M,Wapda Town,,0,0,0,0,Private,2022-09-02
P003258,72,F,Valencia,,1,1,0,1,Government,2023-02-13
P003259,26,F,Johar Town,Medium,1,0,0,0,None,2019-07-13
P003260,36,M,Askari,Low,0,0,0,0,Government,2022-05-26
P003261,44,F,Faisal Town,Low,1,0,0,0,None,2022-08-25
P003262,22,F,EME Society,,1,0,0,0,None,2024-12-09
P003263,48,F,Bahria Town,Medium,1,0,0,0,Government,2020-04-12
P003264,71,M,Bahria Town,Low,0,0,0,1,None,2022-09-16
P003265,33,F,Defence,High,0,0,0,0,None,2023-09-18
P003266,49,F,Cantt,Low,0,0,0,0,None,2022-05-26
P003267,0,F,Gulberg,High,0,0,0,0,Private,2020-04-03
P003268,41,M,Askari,Low,0,0,0,3,Government,2024-02-05
P003269,36,F,Bahria Town,Medium,0,1,0,0,,2019-10-18
P003270,27,M,Cantt,Low,0,0,0,0,Private,2023-09-27
P003271,61,M,Samanabad,High,1,1,0,0,None,2024-08-06
P003272,36,F,Shalimar,Medium,0,0,1,3,None,2019-12-18
P003273,39,F,Defence,High,1,0,0,0,None,2022-09-24
P003274,35,M,Johar Town,Medium,0,0,0,0,,2021-11-25
P003275,7,M,Township,Medium,0,0,0,0,None,2023-05-11
P003276,22,F,Askari,Low,0,0,0,2,None,2024-12-11
P003277,59,F,EME Society,Low,1,0,0,0,Private,2020-05-24
P003278,4,F,Johar Town,High,0,0,0,0,Government,2023-03-31
P003279,28,F,Defence,High,1,0,0,1,Government,2024-08-05
P003280,35,F,Samanabad,Low,0,0,0,1,Private,2019-02-21
P003281,73,F,Township Colony,Low,0,0,0,0,Government,2023-11-04
P003282,56,F,Valencia,Low,0,0,0,0,None,2019-05-15
P003283,32,M,Garden Town,Low,0,1,0,0,None,2020-01-04
P003284,65,M,Gulberg,Low,1,0,0,1,Private,2023-05-21
P003285,29,M,Garden Town,High,0,0,0,0,None,2024-05-01
P003286,60,M,Wapda Town,Low,1,1,0,0,None,2023-08-21
P003287,18,M,Cantt,High,0,1,1,0,None,2020-02-18
P003288,61,F,Wapda Town,High,1,1,0,0,None,2023-11-30
P003289,35,M,Garden Town,Low,0,0,0,0,None,2020-09-24
P003290,23,F,Allama Iqbal Town,Medium,1,0,0,2,None,2020-10-02
P003291,38,F,Model Town,Medium,1,0,0,0,Private,2023-10-01
P003292,47,M,,Low,0,0,0,0,Private,2023-11-01
P003293,33,M,Defence,Medium,0,0,0,0,Private,2023-09-28
P003294,52,F,Cantt,Medium,0,1,0,0,None,2024-12-12
P003295,32,M,Askari,Low,1,0,0,0,None,2020-06-22
P003296,53,F,Township Sector,High,0,0,0,0,None,2022-06-15
P003297,50,F,Cantt,Low,1,1,0,0,None,2022-05-31
P003298,41,F,Askari,Low,1,0,0,0,Government,2022-08-02
P003299,34,F,Township Colony,High,0,0,0,0,Private,2024-12-05
P003300,45,M,Allama Iqbal Town,Low,0,0,0,0,None,2020-06-18
P003301,52,F,Shalimar,Low,0,0,0,4,None,2020-02-09
P003302,79,F,Faisal Town,,0,0,0,0,Private,2020-04-17
P003303,59,M,Model Town,Low,1,0,0,0,Government,2019-07-29
P003304,60,F,Green Town,Medium,0,0,0,1,,2019-01-18
P003305,95,F,Garden Town,Medium,0,0,0,4,,2020-11-11
P003306,51,F,Defence,Low,0,0,0,0,Private,2020-04-15
P003307,51,F,Wapda Town,Medium,1,0,0,0,Private,2024-09-09
P003308,55,F,Defence,Low,0,0,0,0,None,2019-11-29
P003309,24,M,Township Colony,,0,0,0,0,Government,2020-12-08
P003310,34,M,Askari,High,0,1,0,1,,2022-12-22
P003311,33,F,Township Sector,Medium,1,0,0,0,Private,2022-11-06
P003312,54,F,Wapda Town,Medium,0,0,0,0,,2019-04-01
P003313,39,F,Gulberg,Low,0,0,0,3,Private,2022-02-06
P003314,44,M,Samanabad,Medium,1,1,0,0,Private,2024-10-21
P003315,62,F,Shalimar,,0,0,0,0,None,2020-03-28
P003316,58,F,Bahria Town,High,0,1,0,0,None,2024-07-07
P003317,39,M,Allama Iqbal Town,Medium,0,0,0,0,None,2024-02-09
P003318,30,M,Bahria Town,Medium,0,1,0,0,None,2020-11-21
P003319,62,F,Shalimar,Low,0,0,0,0,Private,2021-04-24
P003320,56,F,Allama Iqbal Town,Low,0,0,0,0,Government,2024-06-19
P003321,13,F,Johar Town,Low,0,0,0,0,Government,2022-06-22
P003322,36,,Iqbal Town,Low,0,0,0,0,,2021-11-13
P003323,45,F,Model Town,Low,0,1,0,0,Government,2021-12-05
P003324,56,F,Allama Iqbal Town,Medium,0,0,1,0,Government,2024-02-26
P003325,58,M,Bahria Town,Medium,0,1,1,4,Government,2019-10-26
P003326,47,F,Samanabad,Medium,0,0,0,0,Private,2023-02-16
P003327,53,F,Cantt,Medium,0,0,0,0,Government,2019-03-25
P003328,43,M,,Low,1,0,0,0,Government,2019-07-23
P003329,30,F,EME Society,,0,0,1,0,,2019-11-20
P003330,37,M,,High,1,0,0,0,Government,2023-04-12
P003331,42,M,Iqbal Town,Medium,0,0,0,0,Government,2024-02-10
P003332,41,F,,High,0,0,0,1,None,2022-11-02
P003333,8,M,Allama Iqbal Town,Medium,0,0,0,0,None,2021-06-04
P003334,35,M,Valencia,Medium,0,0,0,0,Private,2023-10-31
P003335,43,M,Model Town,Medium,1,0,0,0,Private,2020-09-01
P003336,37,M,Gulberg,,0,0,0,0,Government,2023-08-04
P003337,38,F,Defence,High,0,0,0,0,Private,2022-12-15
P003338,51,F,Askari,,0,1,0,0,Government,2023-05-23
P003339,23,M,Township Sector,Medium,0,1,0,0,Private,2020-08-27
P003340,13,F,Green Town,High,0,0,0,1,Private,2022-11-15
P003341,36,F,Township Colony,Medium,0,0,0,0,Private,2020-02-07
P003342,56,F,Garden Town,Low,1,1,0,0,None,2024-02-23
P003343,72,F,Samanabad,Low,0,0,0,0,Private,2019-07-13
P003344,56,M,Iqbal Town,High,0,0,0,1,Government,2023-09-03
P003345,16,M,Gulberg,Medium,0,0,0,0,None,2022-08-01
P003346,38,M,Model Town,High,0,0,0,0,Government,2023-05-31
P003347,47,F,Defence,Low,0,0,0,0,Government,2019-06-03
P003348,45,F,Shalimar,Medium,0,1,0,0,Private,2019-09-26
P003349,52,M,Askari,Medium,1,1,0,0,None,2020-12-20
P003350,25,F,,High,0,0,0,0,None,2024-10-30
P003351,43,M,Johar Town,Medium,0,0,0,0,None,2021-09-30
P003352,50,M,Green Town,Low,0,1,0,0,None,2024-04-02
P003353,57,F,Allama Iqbal Town,Medium,0,0,0,0,None,2020-11-09
P003354,27,F,,Medium,0,0,0,0,Government,2022-03-18
P003355,36,M,Samanabad,Low,0,0,0,0,,2021-08-05
P003356,0,F,Township,,0,0,0,0,None,2024-05-25
P003357,31,M,Samanabad,High,0,0,0,0,Government,2021-05-31
P003358,33,M,Samanabad,,1,0,1,0,Private,2022-03-24
P003359,24,F,Model Town,Medium,1,0,0,1,Government,2020-10-10
P003360,45,M,Johar Town,Medium,0,0,0,0,Private,2022-04-20
P003361,41,F,Shalimar,High,1,0,0,0,None,2022-07-01
P003362,1,F,,Medium,0,0,0,4,None,2024-01-19
P003363,46,M,Johar Town,,0,0,0,0,,2022-03-26
P003364,25,M,Defence,Low,0,0,0,1,Government,2021-04-27
P003365,51,M,Samanabad,Low,0,0,1,0,Private,2022-08-16
P003366,19,M,Green Town,Low,0,0,0,0,Government,2023-04-25
P003367,43,F,Wapda Town,Medium,1,0,0,0,,2020-10-15
P003368,37,F,Model Town,Low,0,0,1,0,None,2023-10-26
P003369,47,F,Askari,Low,0,0,1,0,,2021-03-06
P003370,44,F,Wapda Town,High,0,0,0,0,Private,2024-05-23
P003371,37,F,Garden Town,Low,1,0,0,2,Government,2021-03-17
P003372,14,F,Cantt,Low,0,0,0,0,,2022-10-03
P003373,15,M,Askari,Medium,0,0,0,1,None,2020-10-31
P003374,31,F,Township,Low,0,0,0,0,None,2020-09-23
P003375,42,M,Green Town,Low,1,0,0,0,Government,2019-09-16
P003376,31,M,Askari,High,0,0,0,0,Government,2023-09-09
P003377,53,M,Township,High,0,0,0,0,Private,2021-10-29
P003378,37,F,Gulberg,Medium,0,0,0,0,,2019-07-22
P003379,25,M,Shalimar,Medium,0,0,0,0,Private,2020-07-11
P003380,37,M,Faisal Town,Low,0,0,0,0,None,2022-11-23
P003381,46,F,Bahria Town,High,1,0,0,0,None,2023-05-19
P003382,48,F,Wapda Town,Medium,0,0,0,0,None,2023-03-30
P003383,76,F,Wapda Town,Low,0,0,0,4,Government,2024-08-27
P003384,30,M,Valencia,Low,1,0,0,1,Government,2024-04-01
P003385,41,F,Askari,Medium,0,0,0,0,Government,2021-04-07
P003386,50,F,Allama Iqbal Town,Low,0,0,0,0,Government,2021-05-15
P003387,42,M,Samanabad,Low,0,1,0,0,Government,2020-05-27
P003388,33,F,Valencia,Low,0,0,0,0,Government,2023-07-11
P003389,14,F,Gulberg,Medium,0,0,0,0,Government,2023-05-11
P003390,33,M,Faisal Town,Low,0,0,0,0,Government,2022-05-21
P003391,23,M,Allama Iqbal Town,Medium,0,0,1,1,None,2023-04-21
P003392,11,M,Johar Town,Low,1,0,0,0,Private,2022-10-08
P003393,28,F,Cantt,Medium,0,0,0,0,None,2023-10-28
P003394,23,F,Cantt,Low,0,0,0,1,None,2023-02-09
P003395,53,F,Valencia,Medium,0,0,0,0,Private,2022-06-15
P003396,53,F,Township Colony,Medium,1,0,1,1,Private,2019-12-10
P003397,26,F,Johar Town,Medium,0,0,0,0,None,2022-01-18
P003398,37,M,Bahria Town,,0,0,0,0,Private,2023-06-09
P003399,9,M,Township Sector,Medium,0,0,0,4,Private,2024-10-25
P003400,33,F,Model Town,Medium,0,0,0,0,Government,2019-07-28
P003401,49,F,Wapda Town,Low,1,0,0,0,None,2020-07-01
P003402,57,F,Green Town,,0,1,0,0,Private,2024-11-03
P003403,29,F,Township Colony,Medium,1,1,0,4,Government,2024-11-29
P003404,61,M,Green Town,High,0,0,0,0,None,2019-11-08
P003405,15,F,Johar Town,Medium,1,0,0,0,Government,2020-09-13
P003406,20,M,Johar Town,High,0,0,0,0,None,2024-11-29
P003407,55,F,Model Town,Medium,0,0,0,0,None,2019-06-09
P003408,72,F,Township Sector,Medium,1,1,0,0,None,2020-07-02
P003409,51,M,Model Town,Low,0,0,0,0,Government,2024-07-13
P003410,41,F,Cantt,Medium,0,0,0,0,None,2021-06-11
P003411,2,F,Valencia,,0,0,0,0,Government,2023-12-13
P003412,6,M,Wapda Town,Medium,0,0,0,0,Private,2022-06-03
P003413,44,F,Green Town,,0,1,0,0,None,2020-09-05
P003414,36,F,Wapda Town,,0,0,0,0,Government,2021-11-16
P003415,22,F,Faisal Town,Medium,0,0,0,1,None,2022-08-14
P003416,43,F,Township Colony,High,0,1,0,0,None,2023-03-28
P003417,44,F,Askari,Low,0,0,0,0,None,2021-12-20
P003418,59,F,Model Town,High,0,0,0,0,Private,2023-01-21
P003419,44,M,Samanabad,High,0,0,0,2,Private,2019-10-24
P003420,64,M,Township Sector,High,0,1,0,0,None,2021-03-14
P003421,42,F,Valencia,Medium,0,0,0,0,Private,2023-07-17
P003422,40,F,Gulberg,Low,0,1,0,0,Government,2023-08-07
P003423,61,F,Johar Town,High,0,1,0,0,Private,2023-11-20
P003424,24,F,Samanabad,Medium,0,0,0,4,Private,2021-12-06
P003425,93,F,Allama Iqbal Town,Medium,0,0,0,0,Government,2022-06-09
P003426,49,M,,Low,0,0,0,0,,2022-09-16
P003427,49,F,Faisal Town,Low,0,1,0,0,None,2019-08-04
P003428,51,F,Township Sector,Low,0,0,0,0,Private,2023-03-25
P003429,76,M,Garden Town,Medium,0,1,0,0,Government,2020-05-01
P003430,56,M,Green Town,Medium,1,1,0,0,Government,2022-09-10
P003431,13,F,Faisal Town,High,0,0,0,0,Private,2024-03-08
P003432,67,F,Township Sector,Low,1,0,0,0,Government,2019-06-21
P003433,36,M,Johar Town,,0,0,0,0,Private,2021-01-25
P003434,44,F,Allama Iqbal Town,Low,0,0,0,0,Private,2023-07-14
P003435,19,M,Allama Iqbal Town,Low,1,0,0,0,None,2019-08-13
P003436,51,M,,Medium,1,0,0,4,Government,2021-11-07
P003437,30,F,Defence,Medium,0,0,1,0,None,2023-05-30
P003438,44,F,Township Colony,High,0,1,0,0,Government,2019-10-15
P003439,37,F,Defence,Low,0,0,0,0,None,2024-10-21
P003440,77,F,Wapda Town,Low,0,0,0,0,None,2020-02-22
P003441,78,F,Gulberg,Medium,1,0,0,1,Government,2023-03-25
P003442,43,M,,Low,0,0,0,0,None,2020-05-02
P003443,43,M,Valencia,Medium,1,0,0,0,None,2021-06-03
P003444,35,M,Askari,Medium,0,0,0,0,None,2024-04-26
P003445,62,M,Bahria Town,High,1,0,0,0,Private,2024-12-08
P003446,36,M,Faisal Town,Low,0,0,0,0,None,2022-08-13
P003447,34,F,Defence,High,0,0,0,0,Private,2020-03-19
P003448,60,F,Garden Town,High,1,0,0,0,Private,2019-05-02
P003449,32,M,Gulberg,Low,0,0,0,0,None,2023-03-02
P003450,41,M,Township,Medium,0,0,0,0,None,2023-10-23
P003451,14,F,Defence,Medium,0,1,0,0,None,2021-04-27
P003452,55,M,Bahria Town,,0,0,0,0,Government,2023-03-08
P003453,77,F,Defence,High,1,1,0,0,Government,2020-04-11
P003454,55,F,Green Town,Low,1,0,0,0,Private,2022-02-01
P003455,68,M,Township Sector,Low,1,1,0,0,None,2019-08-22
P003456,27,F,Green Town,Low,0,0,0,0,None,2023-12-14
P003457,46,F,Shalimar,Medium,1,0,0,2,Government,2024-01-24
P003458,25,M,Wapda Town,High,0,0,0,1,,2023-08-10
P003459,38,M,Model Town,Medium,0,0,0,0,None,2019-01-23
P003460,56,F,Township Colony,,1,0,0,1,Government,2022-01-06
P003461,44,M,Green Town,,0,0,0,0,Government,2021-11-15
P003462,17,F,Cantt,,0,0,0,0,None,2023-06-03
P003463,18,M,Bahria Town,Medium,0,0,0,0,Government,2023-07-14
P003464,17,F,Faisal Town,Medium,0,0,0,2,,2019-02-20
P003465,51,M,Faisal Town,Medium,0,0,0,0,None,2024-06-16
P003466,79,M,Green Town,High,0,1,0,0,Government,2022-01-06
P003467,67,F,Defence,Medium,1,1,0,0,Private,2019-07-13
P003468,8,F,Samanabad,Medium,0,0,0,0,None,2021-03-20
P003469,68,F,Township Sector,Medium,0,0,0,0,Private,2023-04-29
P003470,59,M,Township Sector,,0,0,0,0,None,2020-05-20
P003471,14,M,Model Town,Medium,0,0,0,0,Government,2022-01-28
P003472,37,M,Cantt,Medium,0,0,0,0,None,2021-10-06
P003473,62,M,Township,Medium,1,0,0,0,None,2021-02-22
P003474,52,F,Cantt,Medium,1,0,0,0,Government,2021-05-09
P003475,18,M,Defence,Low,1,0,0,0,,2022-05-11
P003476,53,F,,Low,1,0,0,0,None,2020-02-09
P003477,4,M,Gulberg,Low,0,0,0,0,Government,2022-12-16
P003478,38,F,Township Colony,Medium,0,0,0,0,None,2024-12-29
P003479,62,M,Cantt,High,0,0,0,0,Government,2023-07-02
P003480,42,F,Bahria Town,,0,1,0,0,Government,2019-04-24
P003481,33,F,Township Sector,Medium,0,0,0,0,None,2021-07-03
P003482,58,F,,Medium,0,0,0,0,None,2024-01-09
P003483,60,M,Faisal Town,Low,1,1,0,4,None,2023-03-06
P003484,66,F,Johar Town,Low,0,0,0,1,None,2023-07-10
P003485,58,F,Faisal Town,Low,0,1,0,0,Private,2022-11-21
P003486,61,F,Samanabad,High,1,1,0,0,Private,2019-06-12
P003487,55,F,Samanabad,,0,0,0,0,Private,2023-05-06
P003488,47,M,,Medium,0,1,0,0,Government,2021-01-17
P003489,44,M,Samanabad,Low,0,0,0,1,,2019-03-13
P003490,38,M,Township Sector,Medium,0,1,0,0,None,2022-09-07
P003491,20,M,Green Town,Low,0,0,0,0,Private,2022-10-04
P003492,25,F,Askari,High,1,0,0,1,,2019-12-06
P003493,37,F,Bahria Town,Low,1,0,0,0,None,2023-06-25
P003494,46,M,,High,0,0,0,0,,2023-06-16
P003495,68,M,Model Town,,1,1,0,1,Government,2021-04-09
P003496,41,F,Gulberg,Medium,0,1,0,0,Government,2021-02-08
P003497,60,M,Garden Town,Medium,1,0,0,3,Private,2024-04-08
P003498,61,F,Bahria Town,Medium,0,0,0,0,Government,2019-11-07
P003499,38,F,Bahria Town,Low,0,1,0,0,Government,2022-12-13
P003500,53,F,Allama Iqbal Town,Medium,1,0,0,0,None,2023-02-22
P003501,38,M,Township,Medium,0,0,0,0,Private,2020-06-08
P003502,66,M,Valencia,Medium,0,0,0,0,Private,2020-07-03
P003503,53,F,Johar Town,,1,1,0,0,Government,2022-02-20
P003504,21,M,Township,Medium,0,1,0,0,Private,2021-02-08
P003505,45,M,Defence,Low,0,0,0,0,Government,2019-08-04
P003506,72,F,Askari,Low,0,1,0,2,Government,2021-08-10
P003507,39,M,Johar Town,Low,0,0,0,1,None,2023-05-29
P003508,50,F,Bahria Town,Medium,0,0,0,0,None,2021-08-04
P003509,52,F,Allama Iqbal Town,Low,0,1,0,0,None,2023-06-27
P003510,23,F,EME Society,Low,0,0,0,0,None,2023-09-28
P003511,51,F,Askari,Medium,0,0,0,0,Government,2022-07-02
P003512,17,F,Township Colony,Low,0,0,0,0,None,2022-11-17
P003513,31,F,Township Sector,Low,0,0,0,0,Government,2019-05-25
P003514,61,F,Township Sector,High,0,0,0,0,Government,2024-02-11
P003515,48,M,Township Colony,,0,1,0,0,Government,2019-12-09
P003516,37,M,Defence,Medium,0,0,0,0,None,2023-08-16
P003517,50,F,Bahria Town,,0,0,0,0,None,2023-08-13
P003518,41,F,Cantt,Medium,1,0,0,0,None,2024-08-12
P003519,42,F,Samanabad,High,0,1,0,0,None,2021-01-02
P003520,54,M,Township Colony,Low,0,0,0,0,Government,2021-02-03
P003521,29,M,Defence,Low,0,1,0,0,None,2020-06-29
P003522,43,F,Bahria Town,Low,0,0,0,0,Government,2022-06-21
P003523,36,M,Iqbal Town,High,0,0,0,0,Government,2020-04-07
P003524,13,M,Shalimar,Low,0,0,0,0,Private,2024-01-18
P003525,25,M,Township Colony,Medium,0,0,0,0,Government,2022-12-22
P003526,70,F,Green Town,Medium,0,0,0,0,None,2023-11-25
P003527,49,F,Allama Iqbal Town,High,0,1,0,0,None,2021-11-18
P003528,18,M,Township Sector,Low,1,0,0,0,None,2023-11-09
P003529,14,F,Cantt,Medium,0,0,0,0,None,2019-08-21
P003530,40,F,Samanabad,High,0,0,0,0,Private,2021-07-31
P003531,70,F,Model Town,Low,0,0,0,0,None,2022-09-23
P003532,39,F,Askari,Medium,0,0,0,0,,2021-11-30
P003533,66,M,Iqbal Town,Low,1,0,1,0,,2023-06-15
P003534,48,M,Green Town,Low,0,1,0,0,None,2019-06-23
P003535,50,F,Faisal Town,Low,0,1,0,1,None,2023-10-21
P003536,18,M,Faisal Town,Low,0,0,0,0,None,2020-01-17
P003537,59,F,Cantt,Low,1,0,0,0,Government,2019-10-03
P003538,36,M,Green Town,Medium,0,0,0,0,None,2021-08-24
P003539,58,F,Green Town,Medium,0,1,0,1,Private,2023-10-18
P003540,27,M,Cantt,Medium,0,0,0,0,Government,2020-11-12
P003541,45,M,Township Colony,Medium,0,0,0,0,Private,2024-01-08
P003542,48,M,Township Sector,High,0,1,0,0,Private,2020-06-12
P003543,39,M,Valencia,Low,0,0,0,0,Private,2023-09-28
P003544,49,F,Green Town,Low,1,0,0,0,Government,2019-11-25
P003545,37,M,Township,Low,0,0,0,0,Private,2023-02-23
P003546,30,M,Garden Town,High,0,0,0,0,Government,2023-07-09
P003547,71,F,Iqbal Town,,1,0,0,0,Government,2019-08-20
P003548,61,M,Township,Medium,0,0,0,1,None,2023-11-11
P003549,28,F,Wapda Town,Low,0,0,0,1,,2022-09-28
P003550,52,F,Defence,Medium,0,0,0,0,,2021-12-11
P003551,29,M,Bahria Town,,1,0,0,0,None,2024-06-15
P003552,21,F,Valencia,Low,0,0,0,0,,2023-12-12
P003553,61,F,Model Town,Low,1,1,0,0,None,2021-03-06
P003554,11,F,Samanabad,Low,0,1,0,0,,2024-06-25
P003555,59,M,Township Sector,Medium,0,1,0,0,Private,2024-04-22
P003556,37,M,Iqbal Town,High,1,1,0,0,Government,2019-11-30
P003557,38,F,Wapda Town,Low,0,0,0,0,Private,2022-10-21
P003558,49,M,EME Society,High,0,0,0,0,Private,2023-12-25
P003559,52,M,Valencia,Medium,0,0,0,0,Government,2019-10-10
P003560,27,M,,Medium,0,0,0,2,Government,2019-03-02
P003561,55,M,Samanabad,High,1,1,0,0,Private,2023-07-24
P003562,44,M,EME Society,Medium,0,0,0,0,Private,2019-09-05
P003563,19,F,Faisal Town,Low,0,0,1,0,Government,2020-12-02
P003564,39,F,Samanabad,Low,0,0,1,0,Government,2021-06-19
P003565,67,M,Shalimar,Medium,1,0,0,1,None,2024-02-28
P003566,72,F,Township Colony,Medium,1,1,0,0,None,2023-01-09
P003567,55,F,Faisal Town,Low,0,0,0,0,None,2020-09-01
P003568,21,F,EME Society,Medium,0,0,0,0,Private,2021-12-07
P003569,51,F,Askari,,1,1,1,0,,2021-11-05
P003570,57,M,Johar Town,,1,0,0,0,Government,2020-04-03
P003571,55,F,Shalimar,Medium,0,0,0,0,None,2021-09-24
P003572,56,M,Township Colony,Medium,0,1,0,0,Government,2022-10-14
P003573,49,M,Wapda Town,Low,0,0,0,0,None,2019-10-14
P003574,41,F,Askari,Medium,0,0,0,0,None,2024-03-17
P003575,31,F,Green Town,High,0,0,1,0,Private,2023-02-13
P003576,8,F,Green Town,,0,0,0,0,Private,2023-10-08
P003577,48,F,,Low,0,0,0,0,,2022-02-20
P003578,45,F,Township Sector,Low,0,1,0,0,None,2020-10-11
P003579,52,M,Samanabad,Low,0,0,0,0,Government,2023-05-05
P003580,18,F,Samanabad,Low,0,1,0,0,Government,2024-05-29
P003581,54,F,Allama Iqbal Town,Low,1,0,0,0,Government,2019-12-28
P003582,79,F,Township,Low,0,1,0,0,None,2021-04-26
P003583,43,F,Township,Medium,0,1,0,0,None,2024-07-30
P003584,41,F,Gulberg,Low,1,0,0,0,Private,2024-05-22
P003585,48,M,EME Society,Low,1,0,0,2,Private,2024-03-04
P003586,79,F,Iqbal Town,Medium,1,1,0,0,Private,2019-08-15
P003587,24,F,Shalimar,,0,0,0,0,Private,2019-10-08
P003588,46,M,Shalimar,Low,0,1,0,0,Private,2024-08-10
P003589,28,M,Allama Iqbal Town,High,0,0,0,0,None,2024-03-09
P003590,32,M,EME Society,,1,1,0,0,None,2021-02-01
P003591,41,F,EME Society,Medium,0,0,0,0,None,2020-11-04
P003592,66,M,Gulberg,,1,0,0,0,Government,2021-08-19
P003593,74,F,Valencia,High,0,0,0,2,Private,2019-01-17
P003594,50,M,Bahria Town,Low,0,0,0,1,,2024-01-10
P003595,35,F,Samanabad,Low,0,0,0,0,None,2024-04-03
P003596,87,M,Shalimar,Medium,1,0,0,1,Private,2023-02-19
P003597,34,M,Defence,Low,0,1,0,0,Private,2020-01-25
P003598,32,M,Iqbal Town,Medium,0,0,0,0,None,2022-04-30
P003599,10,F,Green Town,Low,0,0,0,1,None,2021-06-27
P003600,67,M,Johar Town,Low,1,1,0,0,Government,2023-01-26
P003601,59,M,Bahria Town,Medium,1,1,0,0,,2019-05-04
P003602,86,F,Defence,Medium,0,1,0,0,None,2022-02-15
P003603,17,F,Model Town,Medium,0,0,0,3,None,2023-10-19
P003604,68,F,Samanabad,Low,1,1,0,0,None,2019-02-27
P003605,43,F,Valencia,Low,0,0,0,0,Government,2024-09-23
P003606,57,M,Garden Town,Medium,0,0,0,0,None,2021-10-27
P003607,12,F,Iqbal Town,Low,0,0,1,0,,2019-04-05
P003608,68,M,,,1,0,0,0,Government,2022-08-17
P003609,56,M,Faisal Town,Medium,0,0,0,0,None,2023-02-04
P003610,41,M,Township,Low,0,0,0,0,None,2019-10-15
P003611,54,M,Askari,Low,0,0,0,0,None,2021-11-10
P003612,28,M,,Medium,1,0,0,1,Government,2020-05-09
P003613,32,F,Faisal Town,Medium,1,0,1,0,None,2024-06-25
P003614,34,F,Township Sector,Low,0,1,0,0,None,2020-05-17
P003615,9,M,Samanabad,,1,1,0,0,,2019-09-21
P003616,58,M,Township Colony,Low,0,0,0,0,None,2022-03-30
P003617,63,F,Township Sector,Medium,1,0,0,0,None,2024-06-13
P003618,29,M,Faisal Town,Low,0,1,0,0,None,2020-05-08
P003619,48,M,Township Sector,Low,1,0,0,0,None,2024-05-08
P003620,37,F,EME Society,Medium,0,0,0,0,None,2020-05-12
P003621,48,M,Samanabad,Low,0,0,0,0,Private,2024-07-10
P003622,31,,Township Sector,Medium,0,0,0,0,Government,2021-07-20
P003623,26,F,Askari,Low,0,0,0,0,None,2021-06-01
P003624,61,F,Green Town,Medium,1,0,0,0,Private,2023-09-23
P003625,41,F,Bahria Town,Medium,0,0,0,0,None,2021-12-04
P003626,78,M,Cantt,Medium,0,0,0,0,Government,2020-09-04
P003627,43,F,Iqbal Town,,0,0,0,0,None,2021-04-06
P003628,25,M,Johar Town,Low,0,0,1,0,None,2020-07-04
P003629,64,M,Samanabad,Low,0,0,0,1,,2021-09-07
P003630,53,M,Johar Town,High,0,1,0,0,None,2022-01-05
P003631,55,F,,,0,0,0,0,Government,2023-02-11
P003632,63,F,Township Sector,Medium,0,1,0,0,Private,2021-02-11
P003633,30,F,Bahria Town,Medium,0,0,0,0,None,2020-08-10
P003634,40,F,EME Society,Low,1,0,1,0,None,2024-11-18
P003635,39,F,Gulberg,Low,0,1,0,2,Private,2023-12-09
P003636,19,F,Wapda Town,Low,0,0,0,0,Private,2023-11-02
P003637,37,F,Defence,Medium,1,0,0,0,None,2021-02-17
P003638,66,M,Defence,,0,1,0,0,Government,2021-05-07
P003639,46,F,Township Sector,Low,0,0,0,0,Government,2023-01-19
P003640,18,F,Defence,Medium,0,1,0,0,Private,2019-09-20
P003641,14,M,EME Society,Medium,0,1,0,0,Private,2024-10-22
P003642,72,F,Garden Town,Medium,0,0,0,0,Private,2020-04-22
P003643,40,M,Wapda Town,Medium,1,0,0,0,None,2020-05-25
P003644,30,M,Green Town,Medium,0,0,0,0,None,2023-09-12
P003645,37,F,Faisal Town,Low,0,0,0,0,Government,2020-09-01
P003646,15,M,Faisal Town,Medium,0,0,0,0,Private,2021-09-27
P003647,68,M,Cantt,Medium,0,0,0,0,,2024-09-06
P003648,35,M,Shalimar,Medium,0,1,0,2,None,2020-03-03
P003649,67,F,Valencia,High,1,1,0,0,Private,2019-08-23
P003650,43,F,Askari,Low,0,0,0,0,None,2022-09-30
P003651,68,F,Iqbal Town,Medium,0,0,0,1,Government,2019-03-18
P003652,47,M,EME Society,Low,0,1,0,0,None,2022-11-01
P003653,57,F,,,1,0,0,1,None,2020-06-15
P003654,55,F,Valencia,Medium,1,0,0,4,Private,2020-12-22
P003655,53,F,Cantt,Low,1,0,0,0,Government,2021-05-04
P003656,48,F,Model Town,Low,0,0,0,0,,2019-11-12
P003657,38,F,Green Town,Medium,0,0,0,4,Private,2024-05-27
P003658,76,F,Shalimar,Low,1,0,0,0,,2022-05-19
P003659,26,M,Township,Medium,0,0,0,0,Private,2021-02-14
P003660,42,F,Valencia,Low,0,1,0,0,Private,2022-05-19
P003661,42,F,Gulberg,Medium,0,0,0,0,None,2020-12-03
P003662,49,,Green Town,Medium,0,1,0,0,None,2021-09-27
P003663,34,F,Garden Town,,0,0,0,1,Private,2019-11-11
P003664,48,M,Garden Town,Medium,0,0,0,0,None,2024-10-25
P003665,39,F,Gulberg,High,1,1,0,0,None,2023-09-02
P003666,14,M,Model Town,Low,0,0,0,0,None,2020-12-02
P003667,42,M,Allama Iqbal Town,Medium,0,0,0,0,None,2022-04-11
P003668,22,M,Garden Town,High,0,0,0,1,None,2022-01-06
P003669,11,M,Johar Town,Medium,0,0,0,0,Government,2019-05-14
P003670,44,F,Shalimar,High,0,0,0,0,None,2022-10-23
P003671,51,M,Allama Iqbal Town,Medium,0,1,0,0,Government,2022-02-10
P003672,51,F,Iqbal Town,Medium,0,1,0,0,None,2023-02-21
P003673,52,M,Shalimar,Low,1,0,0,0,None,2020-06-19
P003674,7,F,Township Colony,Low,0,0,0,1,None,2024-01-26
P003675,18,F,Wapda Town,Medium,0,0,0,0,None,2023-06-08
P003676,78,F,Bahria Town,Medium,0,0,0,1,None,2020-04-28
P003677,23,M,Township Colony,Medium,0,0,0,0,None,2022-05-18
P003678,53,M,Green Town,High,0,0,0,1,Government,2024-03-03
P003679,30,F,Wapda Town,Low,0,0,0,1,Government,2019-03-05
P003680,43,F,Cantt,Medium,0,0,0,0,None,2019-08-10
P003681,31,F,Valencia,High,0,0,0,0,None,2023-12-08
P003682,52,M,Gulberg,High,1,0,0,4,Private,2019-05-23
P003683,44,F,Township,Medium,1,0,0,0,Government,2021-03-05
P003684,34,F,Askari,Medium,0,1,0,0,Government,2024-03-22
P003685,23,M,Shalimar,High,0,0,0,0,None,2023-08-12
P003686,47,M,Samanabad,Low,0,0,0,0,,2020-12-12
P003687,20,M,Faisal Town,Low,0,0,0,0,Private,2022-06-27
P003688,50,M,EME Society,Low,0,0,0,0,None,2023-10-11
P003689,89,M,Samanabad,Medium,0,1,0,0,Private,2021-05-23
P003690,66,F,Askari,Medium,1,0,0,0,Private,2023-08-23
P003691,55,F,Green Town,,1,0,0,0,Government,2024-01-16
P003692,40,,Defence,Medium,0,0,0,0,Private,2023-01-19
P003693,7,F,Allama Iqbal Town,Low,0,0,0,0,None,2023-02-02
P003694,18,M,Green Town,Medium,0,1,0,0,Government,2020-03-23
P003695,65,F,Shalimar,Low,1,0,0,0,None,2024-01-10
P003696,28,F,Garden Town,Medium,0,0,0,0,None,2021-07-19
P003697,29,F,Faisal Town,Low,0,1,0,0,None,2022-03-23
P003698,39,M,Iqbal Town,Medium,0,0,0,0,Private,2023-11-08
P003699,23,M,Askari,Medium,0,1,0,0,None,2020-11-21
P003700,20,F,EME Society,Medium,0,1,0,0,Private,2019-08-03
P003701,41,F,Wapda Town,Medium,0,0,0,3,Government,2019-02-04
P003702,26,F,Johar Town,High,0,0,0,0,,2022-01-13
P003703,29,F,Wapda Town,High,0,1,0,1,,2022-05-08
P003704,28,F,Defence,Low,0,0,0,0,Government,2019-12-03
P003705,51,M,Green Town,,0,0,0,3,None,2022-08-08
P003706,38,F,Askari,Low,0,0,0,0,None,2019-08-12
P003707,39,F,Bahria Town,Low,0,1,0,0,None,2022-09-20
P003708,53,F,Samanabad,Low,1,0,0,0,Private,2021-08-24
P003709,39,F,Askari,High,0,0,0,0,,2024-12-13
P003710,37,F,Askari,High,0,0,0,0,Government,2020-11-08
P003711,50,M,,Low,0,0,0,4,Private,2023-09-24
P003712,54,M,Green Town,Medium,0,1,0,0,,2023-12-03
P003713,39,M,EME Society,,1,0,0,0,Private,2024-08-18
P003714,43,F,Iqbal Town,Low,0,0,0,0,None,2021-12-04
P003715,28,M,Bahria Town,High,0,0,0,0,None,2022-01-13
P003716,27,M,Township Colony,High,0,0,0,0,,2023-06-11
P003717,56,M,Samanabad,,0,0,0,0,Private,2022-01-16
P003718,50,M,Gulberg,,1,0,0,0,None,2022-12-19
P003719,50,F,Askari,Low,0,1,0,0,None,2021-10-02
P003720,47,M,Johar Town,Low,1,0,1,0,None,2024-09-14
P003721,43,M,Gulberg,High,0,0,0,0,None,2024-12-05
P003722,55,M,Model Town,Low,0,1,0,0,None,2020-07-23
P003723,59,M,Iqbal Town,Medium,1,1,0,0,None,2019-10-12
P003724,58,M,Defence,Low,0,0,0,0,None,2023-09-06
P003725,40,F,Valencia,Medium,1,0,0,0,None,2020-02-28
P003726,67,M,Cantt,,0,1,0,2,None,2020-02-15
P003727,46,M,Garden Town,Medium,0,1,0,0,Private,2024-01-02
P003728,53,M,,Medium,1,1,0,0,None,2024-03-03
P003729,47,M,Valencia,Medium,0,0,0,0,None,2019-05-06
P003730,46,F,Valencia,Low,0,0,0,0,,2024-03-27
P003731,29,F,Model Town,Medium,0,0,0,0,Government,2024-12-07
P003732,55,F,Allama Iqbal Town,Medium,0,1,0,0,Private,2023-11-26
P003733,93,M,Township Colony,High,0,1,0,0,Government,2020-05-08
P003734,35,M,Gulberg,High,0,0,0,0,None,2020-12-04
P003735,43,M,EME Society,Medium,1,0,0,0,,2022-10-31
P003736,34,M,EME Society,High,0,0,0,0,None,2019-11-18
P003737,33,M,Valencia,Medium,0,0,0,0,,2023-12-16
P003738,70,F,Faisal Town,Medium,0,0,0,0,Government,2024-01-21
P003739,30,M,Model Town,Medium,0,0,0,0,None,2024-02-05
P003740,33,M,Allama Iqbal Town,Medium,0,0,0,0,Private,2022-07-15
P003741,13,M,Samanabad,Medium,0,0,0,0,Government,2024-07-30
P003742,28,M,Allama Iqbal Town,Medium,0,0,0,0,,2021-09-08
P003743,11,M,Iqbal Town,,0,1,0,0,,2021-03-02
P003744,53,F,Model Town,Medium,1,0,0,0,Government,2021-06-22
P003745,92,M,Green Town,Low,0,0,0,0,Private,2020-07-12
P003746,35,F,Askari,Medium,0,0,0,0,Private,2019-08-10
P003747,12,F,EME Society,High,0,0,0,2,None,2021-11-03
P003748,58,F,Green Town,Low,0,0,0,1,None,2022-11-17
P003749,29,F,Wapda Town,,0,0,0,0,Government,2023-09-07
P003750,65,F,Iqbal Town,Medium,0,0,0,0,Government,2022-02-14
P003751,37,M,EME Society,Low,0,0,0,0,Private,2024-12-02
P003752,31,F,Allama Iqbal Town,Low,0,0,0,4,Private,2024-10-06
P003753,39,F,Shalimar,,0,0,0,0,None,2019-11-25
P003754,56,F,Township Colony,,0,0,0,0,Government,2023-01-18
P003755,38,F,Bahria Town,Medium,1,0,0,0,Government,2022-10-28
P003756,33,M,Faisal Town,Low,0,0,0,0,Government,2024-10-15
P003757,38,F,Gulberg,,0,1,0,0,Government,2024-01-07
P003758,19,F,,,0,0,0,0,Government,2019-11-03
P003759,49,M,Cantt,High,0,1,0,0,Private,2020-04-02
P003760,10,M,Wapda Town,Medium,1,1,0,0,None,2023-02-03
P003761,34,M,Model Town,Low,0,0,0,1,None,2020-07-22
P003762,56,M,Valencia,Medium,0,0,0,0,Government,2023-11-19
P003763,47,F,Wapda Town,Medium,0,0,0,1,Government,2022-04-21
P003764,53,M,,Medium,0,0,0,0,None,2022-08-31
P003765,41,F,EME Society,Low,0,0,0,2,Private,2024-02-09
P003766,63,F,Wapda Town,Low,1,1,0,1,Private,2022-09-08
P003767,59,F,EME Society,Medium,1,0,0,0,None,2022-08-06
P003768,50,M,Bahria Town,Medium,0,0,0,0,None,2019-12-08
P003769,59,F,EME Society,Medium,1,0,0,0,Government,2024-02-20
P003770,56,F,Township Colony,Medium,1,0,0,0,Government,2020-12-04
P003771,34,F,Township Sector,Medium,0,0,0,0,Government,2020-09-04
P003772,18,M,EME Society,Medium,0,0,0,0,None,2022-10-17
P003773,50,F,Allama Iqbal Town,Medium,0,0,0,1,Government,2019-10-15
P003774,52,F,Samanabad,Medium,1,1,0,0,Private,2021-11-01
P003775,62,F,,Low,0,0,0,0,Private,2022-12-08
P003776,25,M,Township Colony,High,0,1,0,1,Government,2024-03-05
P003777,26,F,Samanabad,Low,0,1,0,0,None,2020-05-08
P003778,50,M,Shalimar,Medium,0,0,0,2,None,2023-08-30
P003779,41,F,Defence,Medium,0,0,0,0,None,2023-10-21
P003780,8,F,Township Colony,High,0,0,0,0,None,2022-03-17
P003781,49,F,Township Sector,Low,1,0,0,0,Government,2024-04-02
P003782,9,F,Model Town,High,0,0,1,0,,2022-09-02
P003783,25,F,Iqbal Town,,1,0,0,0,None,2020-08-30
P003784,66,F,Bahria Town,Low,0,1,0,0,Government,2022-12-08
P003785,75,M,Township,High,0,1,0,0,None,2022-09-18
P003786,20,F,EME Society,Low,0,0,0,2,Private,2022-12-05
P003787,36,F,Wapda Town,Medium,0,0,0,0,Private,2019-12-16
P003788,43,F,Cantt,Medium,0,0,0,0,None,2023-03-05
P003789,74,F,,High,1,0,0,0,Private,2024-02-18
P003790,33,F,Faisal Town,Medium,0,0,0,0,None,2021-12-24
P003791,33,F,EME Society,Low,0,1,0,0,None,2022-01-17
P003792,70,F,Township Sector,Medium,0,0,0,0,Private,2019-09-29
P003793,35,F,Iqbal Town,Low,0,0,1,0,None,2020-12-10
P003794,55,M,Samanabad,Medium,0,0,0,0,Government,2024-09-22
P003795,15,M,Wapda Town,Medium,0,0,0,0,Private,2024-06-22
P003796,39,M,Township,Medium,1,1,0,0,Government,2019-02-06
P003797,12,F,Green Town,Medium,0,0,0,0,Government,2022-12-22
P003798,23,M,,Medium,0,0,0,3,Private,2019-02-06
P003799,57,F,Johar Town,Medium,0,1,0,0,Government,2023-01-11
P003800,41,F,Cantt,,0,0,0,0,None,2024-08-17
P003801,36,M,Askari,Low,0,1,0,0,None,2022-07-04
P003802,29,F,Johar Town,Low,1,1,0,0,Government,2021-12-18
P003803,38,F,Allama Iqbal Town,Medium,1,0,0,0,,2020-07-14
P003804,47,M,Bahria Town,,0,0,0,0,None,2023-11-26
P003805,60,M,Defence,Medium,0,0,1,0,Government,2024-06-27
P003806,0,F,Askari,Medium,0,0,0,0,None,2021-04-24
P003807,27,,Model Town,Medium,0,0,0,1,None,2023-02-12
P003808,45,,Township Sector,Low,0,0,0,0,None,2021-08-01
P003809,40,M,Defence,Low,1,0,0,0,Government,2020-05-24
P003810,49,F,Cantt,Low,0,1,1,0,Private,2023-03-25
P003811,47,F,Defence,Low,0,0,0,0,None,2022-07-10
P003812,37,F,,Low,1,0,0,0,Private,2022-01-19
P003813,33,M,,High,0,0,0,0,None,2023-10-26
P003814,38,M,Shalimar,Low,0,0,0,0,Private,2024-05-26
P003815,63,F,Askari,Medium,1,0,0,0,None,2020-08-17
P003816,29,M,Model Town,High,0,0,0,0,None,2023-02-23
P003817,41,F,Township,,0,0,0,0,Private,2021-08-24
P003818,45,M,Faisal Town,High,0,1,1,0,None,2022-02-28
P003819,70,F,Garden Town,Low,0,0,0,0,None,2020-11-15
P003820,37,F,Bahria Town,Medium,0,1,0,0,None,2023-12-23
P003821,59,F,Township Colony,High,1,0,1,0,Government,2019-01-14
P003822,64,M,Shalimar,Medium,0,0,0,0,None,2022-04-08
P003823,41,M,Township,Low,0,0,0,0,None,2021-10-23
P003824,38,M,Johar Town,,1,0,0,0,None,2020-10-18
P003825,36,F,Garden Town,Low,1,0,0,0,None,2021-01-10
P003826,37,F,Cantt,High,1,0,0,0,Government,2019-09-21
P003827,57,F,Shalimar,Low,1,1,0,0,None,2020-01-07
P003828,46,F,Garden Town,Medium,1,0,0,0,Private,2021-02-06
P003829,46,F,Samanabad,Low,1,0,0,0,None,2019-08-26
P003830,22,M,Valencia,Low,0,0,0,0,Government,2022-10-21
P003831,25,M,Askari,Medium,0,0,0,0,Government,2022-05-15
P003832,81,M,Allama Iqbal Town,Low,0,1,0,0,None,2024-11-19
P003833,39,F,Faisal Town,Medium,0,0,0,0,Private,2024-06-17
P003834,28,F,Green Town,Medium,0,0,0,0,Government,2023-06-21
P003835,68,F,Cantt,Medium,0,1,0,0,Government,2022-01-23
P003836,47,F,Shalimar,Medium,0,0,0,0,Government,2022-09-17
P003837,52,M,Township Colony,Low,0,0,0,0,None,2019-06-30
P003838,40,M,Township,Medium,0,0,0,0,Private,2020-03-19
P003839,36,F,Johar Town,Medium,0,1,0,0,,2023-05-04
P003840,39,F,Bahria Town,Medium,0,0,0,0,Private,2023-03-29
P003841,17,M,Bahria Town,Low,0,0,0,0,Private,2019-02-08
P003842,40,F,Defence,Low,0,0,0,0,Government,2022-02-19
P003843,47,F,Askari,Medium,0,0,0,0,Government,2020-11-12
P003844,75,M,Iqbal Town,High,1,0,0,0,Government,2023-06-07
P003845,44,M,,Low,1,1,0,0,None,2022-09-20
P003846,0,F,Johar Town,Low,0,0,0,0,None,2021-03-11
P003847,40,M,Iqbal Town,Low,1,0,0,0,Government,2024-07-06
P003848,91,M,Faisal Town,Medium,0,0,0,0,,2021-11-13
P003849,58,F,Township Colony,Low,1,0,0,0,None,2020-11-11
P003850,27,F,Allama Iqbal Town,High,1,0,0,0,None,2022-02-25
P003851,53,M,Allama Iqbal Town,Low,0,0,0,0,None,2024-06-15
P003852,29,M,Shalimar,,0,0,0,0,Private,2021-03-03
P003853,18,F,Valencia,Low,0,0,0,0,None,2020-06-22
P003854,36,F,Township,Low,0,0,0,0,Government,2022-06-21
P003855,44,M,Defence,,0,0,0,0,Government,2020-08-26
P003856,8,F,Askari,Low,1,0,0,0,Private,2020-08-28
P003857,21,F,Gulberg,High,0,0,0,2,Government,2022-06-12
P003858,42,F,Bahria Town,Medium,0,0,0,0,None,2019-06-17
P003859,35,F,Township Sector,Low,1,0,0,0,Private,2024-06-12
P003860,49,M,Askari,High,0,0,0,0,None,2020-01-26
P003861,20,F,Shalimar,Low,0,0,0,0,Private,2023-03-05
P003862,55,F,Askari,Low,0,0,0,0,,2021-12-18
P003863,21,M,Askari,Low,0,0,0,2,None,2020-08-19
P003864,72,F,Township,Medium,0,1,0,0,Private,2019-05-27
P003865,11,F,Bahria Town,,0,0,0,0,None,2020-08-15
P003866,22,F,Iqbal Town,Low,0,0,0,4,Private,2021-04-26
P003867,50,M,Township Sector,Medium,0,1,0,0,Government,2019-09-02
P003868,72,M,Township Colony,Low,1,0,0,0,None,2023-01-19
P003869,48,M,Defence,Low,0,0,0,0,Government,2023-03-15
P003870,52,F,Askari,Medium,0,1,0,0,None,2022-01-26
P003871,42,,Wapda Town,Medium,0,0,0,0,Government,2020-02-14
P003872,24,F,Garden Town,Medium,0,0,0,0,Government,2022-04-27
P003873,33,M,Bahria Town,Low,0,0,0,0,None,2023-08-25
P003874,20,F,Gulberg,Low,0,0,0,0,Private,2023-05-06
P003875,19,M,Bahria Town,Medium,0,0,0,0,Government,2021-03-18
P003876,49,M,Model Town,Medium,0,0,0,0,Government,2019-09-22
P003877,22,F,Defence,,0,0,0,1,None,2021-10-10
P003878,48,F,Faisal Town,Low,1,1,0,1,Government,2020-07-31
P003879,19,F,Shalimar,,0,0,0,0,None,2023-08-17
P003880,47,F,Township Colony,Low,0,0,0,0,None,2021-07-14
P003881,33,M,Shalimar,Medium,0,0,0,0,Government,2023-03-01
P003882,67,F,Model Town,Medium,1,0,0,0,Government,2020-08-10
P003883,48,M,Faisal Town,Low,0,0,0,0,Private,2020-04-01
P003884,64,F,Township,Medium,0,0,0,0,None,2021-08-18
P003885,28,F,Bahria Town,Medium,1,0,0,0,None,2023-06-22
P003886,43,M,Township Colony,Medium,0,0,0,0,None,2024-05-11
P003887,24,M,Shalimar,High,1,0,0,0,None,2024-03-23
P003888,35,F,Wapda Town,Medium,0,0,0,0,Private,2019-09-08
P003889,37,M,Cantt,Low,1,0,0,0,Government,2022-12-06
P003890,29,M,Township,Low,0,0,0,0,Government,2020-10-07
P003891,20,M,Cantt,Medium,0,0,0,0,None,2020-04-07
P003892,17,M,Samanabad,Low,0,1,0,0,Government,2024-03-14
P003893,0,F,Green Town,,0,0,0,0,None,2019-06-30
P003894,23,F,Wapda Town,Low,0,0,0,0,Private,2022-05-22
P003895,53,M,Model Town,Low,0,0,0,0,Government,2023-09-03
P003896,13,F,,Low,1,0,0,0,None,2024-10-25
P003897,17,F,Township,High,0,0,0,0,Private,2021-10-14
P003898,74,F,Defence,Medium,1,1,0,0,None,2020-01-13
P003899,31,F,Askari,,0,0,0,0,None,2021-08-23
P003900,48,F,Township Sector,Low,0,1,0,0,None,2023-07-14
P003901,54,F,Iqbal Town,High,0,1,1,2,Government,2022-02-23
P003902,54,F,Iqbal Town,,0,0,0,0,Private,2024-01-12
P003903,15,F,Iqbal Town,Medium,0,0,0,0,None,2023-02-01
P003904,38,M,Valencia,Medium,0,0,0,0,None,2024-09-30
P003905,13,M,Township Colony,High,0,0,0,0,None,2022-09-29
P003906,86,F,Valencia,,0,1,0,0,None,2019-12-12
P003907,13,F,Bahria Town,Low,0,0,1,0,None,2019-05-27
P003908,23,F,Valencia,Medium,0,0,0,0,Private,2022-03-19
P003909,23,M,Township,Medium,0,0,0,0,Private,2024-09-11
P003910,15,M,EME Society,Medium,0,0,0,0,Private,2021-06-01
P003911,66,M,,Medium,0,0,0,0,Private,2019-04-16
P003912,86,M,Allama Iqbal Town,,0,0,0,0,Government,2022-08-20
P003913,33,F,Township Colony,Low,0,1,1,0,Government,2022-08-26
P003914,18,F,Johar Town,Medium,0,0,0,0,None,2019-06-24
P003915,2,F,Shalimar,Low,0,0,0,0,Government,2022-10-23
P003916,38,F,Defence,Low,0,0,0,0,Private,2021-11-03
P003917,36,F,Shalimar,Low,1,0,0,0,Government,2019-12-22
P003918,30,M,Township,Medium,0,0,0,0,None,2019-03-05
P003919,46,F,Township Colony,Low,0,1,0,0,Private,2022-07-31
P003920,49,M,Wapda Town,Low,0,0,0,0,Private,2020-11-08
P003921,48,F,Township Sector,Medium,1,1,0,2,None,2020-04-19
P003922,36,F,Township,Low,0,0,0,0,Private,2023-12-05
P003923,22,M,Defence,Medium,1,0,0,0,Government,2020-09-16
P003924,54,F,Allama Iqbal Town,Low,1,0,0,0,None,2021-10-19
P003925,42,F,Bahria Town,Medium,1,0,0,3,None,2022-06-26
P003926,58,F,Allama Iqbal Town,Low,0,0,0,3,None,2024-02-08
P003927,56,M,Wapda Town,Low,0,0,0,0,Private,2024-06-04
P003928,16,F,Township Colony,Low,0,0,0,0,None,2019-05-08
P003929,16,M,Faisal Town,High,1,0,0,1,,2020-10-13
P003930,28,M,Cantt,Medium,1,0,1,0,None,2023-03-14
P003931,23,M,Allama Iqbal Town,Low,1,0,0,0,Government,2023-02-02
P003932,56,F,Township Sector,,0,0,0,2,None,2019-05-12
P003933,48,M,Johar Town,Low,0,1,0,0,None,2020-09-18
P003934,62,F,Allama Iqbal Town,Low,0,0,0,1,None,2019-12-07
P003935,49,M,Wapda Town,Low,0,0,0,0,None,2020-01-27
P003936,46,F,Township Colony,,0,0,0,1,Government,2023-10-26
P003937,64,F,Samanabad,Low,0,1,0,0,Government,2024-12-25
P003938,50,F,Township Sector,,0,1,0,0,Government,2019-02-13
P003939,43,M,Township,Low,0,1,0,0,Private,2024-04-05
P003940,69,M,Iqbal Town,Medium,0,0,0,0,Private,2021-04-13
P003941,44,F,Township Sector,Medium,0,0,0,0,None,2023-12-27
P003942,37,F,Gulberg,Low,0,0,1,0,Private,2024-08-12
P003943,27,M,Garden Town,Medium,0,0,0,0,None,2021-10-07
P003944,55,M,Township Colony,Low,1,0,0,1,Private,2019-12-06
P003945,64,M,Township Colony,,0,0,0,0,None,2020-01-15
P003946,41,F,Allama Iqbal Town,Medium,0,1,0,0,Government,2024-09-06
P003947,66,M,Wapda Town,High,0,0,0,0,,2023-08-22
P003948,7,M,Valencia,High,0,0,0,0,Private,2020-03-04
P003949,41,F,,Low,0,0,0,0,None,2024-02-10
P003950,41,F,Township Sector,Medium,1,0,0,0,Private,2020-08-14
P003951,29,F,Model Town,,0,0,1,0,None,2019-06-12
P003952,85,F,Allama Iqbal Town,Low,1,0,0,0,Government,2022-10-29
P003953,41,M,,Medium,0,0,0,0,,2022-04-20
P003954,35,F,Township Sector,Low,0,0,0,2,None,2019-01-15
P003955,42,F,Samanabad,Medium,1,0,0,0,,2022-04-13
P003956,6,F,Green Town,Low,0,0,0,0,Government,2023-04-02
P003957,28,M,Township Sector,Low,0,0,0,0,None,2021-03-16
P003958,60,M,Green Town,High,0,0,0,0,Government,2024-06-01
P003959,31,F,Model Town,High,0,0,0,0,None,2021-04-19
P003960,27,M,Faisal Town,Low,0,0,1,0,Government,2021-02-18
P003961,66,F,Cantt,,0,1,0,0,,2023-02-07
P003962,66,M,Gulberg,Medium,0,0,0,0,None,2022-08-18
P003963,51,,Gulberg,Low,0,0,0,1,Government,2024-08-08
P003964,34,F,Gulberg,Medium,1,0,0,0,,2021-02-21
P003965,38,M,Township Sector,,0,0,0,1,None,2019-09-26
P003966,28,F,Cantt,Low,1,1,0,0,None,2023-02-24
P003967,24,M,Township Sector,Low,0,1,0,0,None,2024-10-04
P003968,23,F,Valencia,Low,0,0,0,0,None,2022-02-27
P003969,31,M,Gulberg,Low,0,0,0,0,Government,2022-07-04
P003970,23,F,Valencia,Medium,0,0,0,0,Private,2022-01-05
P003971,14,F,Bahria Town,Low,0,0,0,0,Private,2021-03-03
P003972,46,F,Cantt,High,0,0,0,0,Government,2019-04-25
P003973,46,M,Township Colony,Medium,0,0,0,3,Private,2024-12-28
P003974,73,F,Township,Low,1,1,0,2,Government,2022-12-20
P003975,30,M,Green Town,Medium,0,0,0,0,Private,2023-10-03
P003976,47,F,Askari,Medium,0,0,0,0,Private,2022-01-13
P003977,48,M,Gulberg,Medium,0,0,0,0,Government,2021-05-08
P003978,37,F,Valencia,,0,0,0,0,Government,2020-12-03
P003979,55,F,Gulberg,Low,0,0,0,1,None,2020-05-01
P003980,56,M,,Low,0,0,0,0,None,2021-11-16
P003981,48,F,Wapda Town,Low,1,0,0,0,None,2019-10-11
P003982,37,F,Johar Town,Low,1,0,0,0,None,2020-12-24
P003983,36,M,Askari,Medium,0,0,0,0,None,2024-09-25
P003984,17,F,Faisal Town,High,0,0,0,0,,2020-08-16
P003985,27,F,Defence,Medium,1,0,0,0,None,2020-10-02
P003986,31,F,Garden Town,High,0,0,0,0,None,2019-09-23
P003987,22,M,Gulberg,Medium,0,0,0,1,Government,2024-05-23
P003988,50,M,Askari,,0,1,0,0,Government,2020-04-26
P003989,64,M,Bahria Town,High,0,0,0,0,Government,2023-10-25
P003990,26,M,Valencia,Low,0,0,0,0,Private,2019-10-12
P003991,47,F,Township Colony,Low,1,0,0,0,Government,2020-11-07
P003992,23,F,Green Town,High,0,1,0,0,Government,2019-01-23
P003993,37,F,Green Town,Medium,0,0,1,0,None,2022-11-02
P003994,30,F,Johar Town,High,0,0,0,0,Private,2023-06-04
P003995,53,F,Askari,Low,0,0,0,0,None,2024-04-10
P003996,30,M,,Medium,1,0,0,2,,2019-07-26
P003997,60,F,Defence,Low,1,0,0,0,Private,2023-12-31
P003998,38,F,Faisal Town,Low,1,0,0,2,Private,2021-05-14
P003999,30,F,Cantt,High,0,0,0,0,None,2019-08-19
P004000,19,F,Iqbal Town,Medium,0,0,0,0,Government,2022-11-19
P004001,47,F,Johar Town,Medium,0,0,0,0,None,2021-01-04
P004002,58,F,Cantt,High,0,0,0,0,None,2023-03-30
P004003,47,F,Model Town,High,0,0,0,0,None,2021-05-23
P004004,82,F,Gulberg,Low,0,0,0,0,Private,2019-06-17
P004005,68,M,Wapda Town,Low,0,0,0,0,None,2024-01-06
P004006,36,M,Defence,High,0,0,0,0,Private,2024-04-14
P004007,36,M,Township Colony,Medium,1,0,0,0,None,2022-06-09
P004008,50,M,Valencia,,0,0,0,1,Government,2019-07-15
P004009,27,M,Green Town,Low,0,0,0,0,None,2021-12-08
P004010,63,F,Johar Town,Low,0,1,0,0,None,2022-01-29
P004011,49,M,Wapda Town,High,0,0,0,0,Government,2023-08-22
P004012,47,F,Valencia,Medium,0,0,0,0,Government,2023-12-06
P004013,54,F,Garden Town,Medium,0,0,0,0,None,2024-09-10
P004014,73,F,Township,,0,0,0,0,None,2021-09-29
P004015,45,F,Valencia,Low,0,0,0,0,Government,2023-06-20
P004016,40,M,Township,Medium,1,0,0,0,Private,2024-12-29
P004017,69,F,Township Colony,High,1,1,0,0,None,2020-12-08
P004018,59,M,Johar Town,Low,0,0,0,0,None,2023-03-26
P004019,36,M,Allama Iqbal Town,Low,0,1,0,0,Private,2024-08-26
P004020,42,F,Gulberg,Medium,0,0,0,0,None,2021-01-12
P004021,46,F,Green Town,Low,0,0,0,0,Private,2019-11-07
P004022,49,F,Faisal Town,Low,1,1,1,3,Government,2019-06-16
P004023,18,F,Gulberg,Medium,0,0,0,2,Government,2020-07-21
P004024,14,M,Valencia,Low,0,0,0,0,Government,2023-12-13
P004025,26,,Township Colony,Medium,0,0,0,0,Government,2022-02-10
P004026,25,M,Green Town,Low,1,0,0,0,None,2024-03-21
P004027,30,F,Wapda Town,Medium,0,0,0,2,Government,2022-12-23
P004028,53,M,Defence,Medium,0,1,0,0,None,2022-10-13
P004029,39,M,Bahria Town,High,1,0,0,0,None,2019-04-17
P004030,46,F,Gulberg,Medium,0,0,0,1,Government,2020-12-25
P004031,20,F,Gulberg,Medium,0,1,1,0,Private,2021-11-23
P004032,34,F,Model Town,Low,0,0,0,2,Government,2022-05-24
P004033,53,F,Garden Town,Medium,0,1,0,0,None,2023-05-22
P004034,53,M,Township Sector,Low,0,0,0,0,Government,2019-01-06
P004035,29,M,,Medium,0,0,0,0,None,2022-12-27
P004036,45,F,Bahria Town,Low,0,0,0,0,None,2021-07-03
P004037,82,M,Samanabad,Medium,0,1,0,0,None,2024-07-17
P004038,42,F,Bahria Town,Medium,0,1,0,0,Government,2024-11-30
P004039,30,F,Wapda Town,Medium,0,0,1,0,None,2019-09-05
P004040,39,M,EME Society,Low,0,0,0,0,Private,2020-04-11
P004041,44,M,Johar Town,Medium,0,1,0,0,Private,2023-12-02
P004042,39,M,EME Society,Medium,0,0,0,1,None,2023-02-04
P004043,41,F,Iqbal Town,High,1,1,0,0,None,2019-04-13
P004044,16,M,Shalimar,Medium,0,0,0,2,None,2019-08-18
P004045,25,M,Iqbal Town,Low,0,0,0,0,None,2020-06-13
P004046,39,M,Model Town,High,0,1,0,0,None,2023-05-18
P004047,39,F,Wapda Town,Low,0,0,0,0,None,2020-07-06
P004048,32,F,Faisal Town,Low,0,0,0,0,Private,2021-08-21
P004049,39,M,Askari,Low,0,0,0,1,Private,2024-02-18
P004050,43,M,Bahria Town,Medium,0,0,0,0,Private,2021-01-16
P004051,58,M,Township Colony,Medium,1,1,0,0,None,2022-04-02
P004052,40,F,Shalimar,Medium,0,0,0,0,Private,2022-01-12
P004053,49,M,Valencia,Medium,0,1,0,1,Government,2022-04-29
P004054,32,F,,,0,0,0,0,Private,2023-11-28
P004055,52,F,Allama Iqbal Town,Low,1,0,0,3,None,2024-07-06
P004056,49,F,Johar Town,Medium,0,0,0,0,None,2024-01-11
P004057,58,F,Garden Town,Medium,0,0,0,0,None,2022-05-26
P004058,55,M,EME Society,Medium,0,1,0,0,Private,2021-02-11
P004059,53,F,Defence,Medium,0,1,0,1,Government,2024-05-14
P004060,40,F,Wapda Town,Medium,0,0,0,0,None,2022-10-17
P004061,46,M,Model Town,Medium,0,0,0,0,Government,2023-04-13
P004062,61,M,Township Sector,Low,0,0,0,0,Government,2020-12-08
P004063,30,F,Green Town,High,0,1,0,0,None,2024-09-12
P004064,31,F,Defence,Low,0,0,0,0,Private,2021-09-16
P004065,45,M,Valencia,Low,1,0,0,0,Private,2020-07-28
P004066,49,F,Faisal Town,,0,1,0,0,Government,2022-12-08
P004067,27,F,Township Colony,High,0,0,0,0,Government,2020-06-22
P004068,41,F,Gulberg,Medium,0,0,0,0,Private,2020-07-13
P004069,40,F,Model Town,Medium,0,0,0,0,Government,2021-01-23
P004070,2,M,Allama Iqbal Town,High,0,0,0,2,Government,2020-12-12
P004071,38,F,Township Sector,Low,0,0,0,0,None,2019-08-29
P004072,39,F,Defence,Medium,0,1,0,0,None,2019-12-30
P004073,39,F,Model Town,Medium,0,0,0,0,Government,2024-01-28
P004074,67,F,Township,Medium,0,1,0,0,None,2022-08-10
P004075,20,F,Gulberg,,0,1,0,0,None,2020-04-10
P004076,27,M,Township Sector,High,1,0,0,0,Government,2024-01-26
P004077,0,F,Shalimar,Low,0,0,0,0,Government,2019-02-09
P004078,33,F,Allama Iqbal Town,,1,0,0,0,Government,2024-07-03
P004079,35,F,Wapda Town,Medium,1,0,0,0,None,2023-07-04
P004080,33,M,Samanabad,Medium,0,0,0,0,None,2024-08-26
P004081,62,F,Garden Town,Medium,0,1,1,0,None,2021-11-03
P004082,57,M,Shalimar,High,0,1,0,0,Private,2023-09-04
P004083,43,M,Wapda Town,Medium,1,0,0,0,Private,2020-10-12
P004084,35,F,Shalimar,High,1,0,0,0,Government,2021-11-01
P004085,60,M,Samanabad,Low,1,0,0,0,None,2024-09-15
P004086,42,F,Samanabad,Low,0,0,0,0,,2023-11-15
P004087,27,M,EME Society,Low,0,0,0,0,Private,2021-12-31
P004088,11,M,Township,Medium,0,0,0,0,Government,2020-07-14
P004089,34,F,EME Society,Low,0,0,0,0,None,2021-12-05
P004090,56,M,Gulberg,Low,0,0,0,0,None,2022-01-23
P004091,83,F,Wapda Town,Medium,0,1,0,0,Government,2022-11-30
P004092,43,F,Cantt,Low,0,0,0,0,Private,2024-07-04
P004093,28,M,EME Society,Medium,0,0,0,0,None,2019-07-12
P004094,21,M,Gulberg,High,0,0,1,2,None,2022-06-20
P004095,52,F,Bahria Town,Low,1,0,0,0,Private,2021-03-04
P004096,10,M,Wapda Town,Medium,0,0,0,0,None,2022-08-31
P004097,52,M,Valencia,Low,0,0,0,0,None,2020-05-09
P004098,57,F,Wapda Town,Low,0,0,0,0,Government,2022-09-22
P004099,50,M,Samanabad,Low,0,0,0,0,None,2019-05-28
P004100,38,M,Model Town,Medium,0,0,1,0,Government,2023-10-27
P004101,52,M,Green Town,Medium,0,1,0,1,None,2021-03-11
P004102,45,M,Township Sector,Medium,0,0,0,0,None,2019-07-04
P004103,28,F,Gulberg,Medium,0,0,0,0,Government,2022-06-27
P004104,75,F,Allama Iqbal Town,Low,0,0,0,0,Private,2021-03-29
P004105,36,F,Johar Town,Medium,0,0,0,0,,2024-07-06
P004106,56,F,Garden Town,Medium,0,0,0,0,None,2024-08-12
P004107,0,F,Allama Iqbal Town,Low,0,0,0,0,Private,2022-10-29
P004108,65,M,Green Town,Low,0,1,0,0,Government,2024-10-14
P004109,68,F,Defence,,1,0,0,0,Government,2019-08-31
P004110,43,M,Iqbal Town,Low,0,1,1,0,Government,2022-05-08
P004111,52,F,Shalimar,Low,0,0,1,0,None,2023-09-09
P004112,52,F,Iqbal Town,Low,1,1,0,2,None,2020-10-19
P004113,30,M,Allama Iqbal Town,High,0,0,0,0,Private,2021-09-13
P004114,52,M,Model Town,,1,0,0,4,None,2024-02-08
P004115,27,F,Model Town,Medium,0,0,0,0,,2024-04-25
P004116,31,M,Askari,Medium,0,0,0,0,None,2024-05-05
P004117,62,F,Shalimar,High,1,0,0,1,,2023-04-27
P004118,60,F,Bahria Town,,0,1,0,0,Government,2020-10-13
P004119,29,F,EME Society,Medium,0,0,0,0,None,2019-10-17
P004120,29,M,EME Society,Medium,0,1,1,0,None,2023-05-27
P004121,30,F,Defence,,0,0,0,0,Private,2019-04-05
P004122,55,M,Township,Medium,0,0,0,4,Private,2024-09-14
P004123,24,F,Garden Town,Low,0,0,0,0,Government,2020-04-16
P004124,48,F,Wapda Town,Medium,1,1,0,0,None,2021-08-04
P004125,55,M,Iqbal Town,Low,0,0,0,0,Private,2024-12-28
P004126,40,F,Askari,Low,0,0,1,0,Private,2019-06-28
P004127,60,F,Township Colony,Medium,0,0,0,0,Private,2022-07-12
P004128,37,F,Township,,0,0,0,0,Private,2023-12-31
P004129,38,F,Bahria Town,Low,0,0,0,0,Government,2019-12-16
P004130,24,F,Allama Iqbal Town,Low,0,0,0,0,,2023-01-15
P004131,60,F,Garden Town,Medium,1,0,0,0,None,2023-06-23
P004132,28,M,Shalimar,Low,0,0,1,0,Private,2023-07-19
P004133,48,F,Samanabad,High,0,0,0,0,None,2020-04-23
P004134,41,F,Township Sector,Medium,0,0,0,3,,2022-12-16
P004135,23,M,Allama Iqbal Town,,0,0,0,0,Private,2022-05-11
P004136,31,F,Samanabad,Low,0,0,0,0,None,2021-07-08
P004137,67,M,Wapda Town,High,0,0,0,0,Government,2021-12-07
P004138,46,M,Wapda Town,High,0,1,0,0,Private,2024-10-13
P004139,24,F,Iqbal Town,Low,0,1,0,0,Private,2019-03-16
P004140,47,F,Cantt,Medium,1,0,0,0,Government,2022-09-25
P004141,39,F,Samanabad,Medium,1,0,0,0,Government,2022-05-28
P004142,95,F,,Low,0,1,0,0,None,2022-02-24
P004143,47,F,Township Sector,Medium,0,0,0,0,Government,2024-04-25
P004144,35,M,Faisal Town,High,1,0,0,0,None,2022-05-03
P004145,68,M,Allama Iqbal Town,Medium,0,0,0,0,Government,2023-12-12
P004146,9,F,Cantt,High,0,0,0,0,Government,2023-07-31
P004147,44,M,Faisal Town,Low,0,0,0,0,None,2023-11-20
P004148,78,F,Model Town,High,0,0,0,0,None,2022-08-26
P004149,40,M,Iqbal Town,High,1,0,0,0,Private,2019-02-07
P004150,11,M,Shalimar,Low,0,0,0,0,,2019-06-11
P004151,35,F,Bahria Town,Medium,0,0,0,0,Private,2022-02-10
P004152,68,F,Defence,Medium,0,0,0,0,None,2020-08-30
P004153,49,F,Iqbal Town,High,0,0,0,0,None,2020-06-26
P004154,27,M,Township Colony,Low,1,1,0,0,None,2022-01-28
P004155,30,F,Johar Town,Low,0,1,0,0,Government,2021-10-30
P004156,32,M,Johar Town,Medium,1,0,0,0,Private,2019-12-28
P004157,49,F,Cantt,Medium,0,0,0,0,None,2021-09-28
P004158,66,F,Faisal Town,Medium,1,0,0,0,None,2024-02-18
P004159,61,M,Green Town,Medium,1,0,0,0,None,2019-11-16
P004160,50,F,Bahria Town,High,0,0,0,0,Government,2023-08-28
P004161,18,F,Cantt,Low,1,0,0,0,Private,2023-10-08
P004162,18,M,Iqbal Town,,0,0,0,0,None,2023-07-15
P004163,52,F,Bahria Town,Medium,0,0,0,0,None,2019-12-04
P004164,18,M,Township,,0,1,0,0,None,2021-10-21
P004165,38,M,Iqbal Town,Low,0,0,0,0,,2024-07-18
P004166,47,F,Allama Iqbal Town,Medium,1,0,1,0,Government,2020-09-27
P004167,22,F,Township Sector,High,0,0,0,0,Government,2021-12-28
P004168,24,F,Model Town,Medium,0,0,1,0,Private,2024-01-10
P004169,40,M,Wapda Town,Low,1,1,0,0,Government,2022-06-21
P004170,51,M,Iqbal Town,Medium,0,0,0,0,None,2021-02-11
P004171,61,M,EME Society,Low,0,0,0,0,Private,2019-09-17
P004172,53,M,Johar Town,Low,1,0,0,0,Government,2022-05-08
P004173,43,F,Cantt,Medium,0,0,0,0,Government,2021-12-15
P004174,29,F,Township,High,0,0,0,0,None,2020-10-03
P004175,23,F,Faisal Town,Medium,0,0,0,0,None,2020-11-19
P004176,33,,Green Town,Low,0,1,0,0,Private,2024-11-21
P004177,49,F,Askari,Low,0,0,0,0,None,2022-09-14
P004178,48,F,,Low,0,1,0,0,None,2023-03-30
P004179,4,F,Valencia,Low,0,0,0,0,None,2019-05-17
P004180,28,F,Township Sector,High,0,0,0,0,Private,2024-10-13
P004181,64,F,Johar Town,Low,0,0,0,0,Government,2020-11-17
P004182,43,F,Wapda Town,Low,1,0,0,2,None,2024-10-04
P004183,16,M,Cantt,Medium,0,0,0,0,Government,2024-09-07
P004184,84,M,Cantt,Low,0,0,0,0,Government,2020-04-03
P004185,41,F,Township,,0,0,0,0,Government,2020-12-27
P004186,49,M,Valencia,Medium,0,0,0,0,Government,2023-05-20
P004187,49,F,Township Colony,,0,0,0,0,Private,2021-12-31
P004188,35,M,Gulberg,Medium,0,0,0,2,Private,2021-10-16
P004189,29,F,EME Society,Medium,0,1,0,0,Government,2021-06-07
P004190,80,M,EME Society,Medium,1,0,0,0,None,2022-10-12
P004191,60,F,Faisal Town,Low,0,0,0,0,None,2022-12-25
P004192,57,F,Wapda Town,Low,0,0,0,0,Government,2021-10-17
P004193,52,M,Johar Town,Medium,1,0,0,0,None,2022-06-13
P004194,24,M,Faisal Town,Low,0,0,0,0,Government,2019-05-06
P004195,65,M,Bahria Town,Low,0,1,0,0,None,2021-04-12
P004196,27,F,Green Town,Low,0,0,0,0,,2023-01-31
P004197,47,F,Johar Town,Low,0,0,0,0,None,2023-07-12
P004198,12,M,Township,Low,0,0,0,0,Government,2021-12-03
P004199,5,F,Wapda Town,High,0,0,0,1,Government,2023-01-16
P004200,48,F,Township Colony,Medium,1,0,0,0,None,2019-10-20
P004201,27,F,Valencia,Medium,0,0,1,0,None,2022-09-10
P004202,6,F,Green Town,Low,0,0,0,1,Private,2022-12-05
P004203,52,F,Township,Low,0,0,0,0,Government,2022-04-27
P004204,80,F,Iqbal Town,Medium,1,1,0,0,None,2019-12-16
P004205,67,M,Garden Town,Medium,0,1,0,0,None,2024-06-09
P004206,37,M,Township,High,0,0,0,0,None,2024-04-03
P004207,42,M,Gulberg,,0,0,1,0,Government,2024-09-08
P004208,58,M,Valencia,Low,1,0,0,0,None,2019-02-16
P004209,62,F,Defence,,0,0,0,1,None,2019-06-11
P004210,36,M,Model Town,Low,0,0,0,0,None,2021-07-10
P004211,43,M,Green Town,,1,1,0,0,Government,2024-10-10
P004212,47,F,Allama Iqbal Town,Low,1,0,1,0,Government,2021-01-20
P004213,52,F,Samanabad,Low,0,1,0,0,Private,2020-11-30
P004214,40,M,Johar Town,High,0,0,0,0,None,2024-04-18
P004215,40,M,Iqbal Town,High,0,0,0,0,Private,2019-03-22
P004216,67,M,Bahria Town,Medium,1,0,0,0,None,2023-06-17
P004217,64,M,Samanabad,Medium,0,0,0,0,Government,2022-05-11
P004218,51,M,,,1,1,0,0,None,2020-08-02
P004219,73,M,Faisal Town,Medium,1,1,0,0,Government,2022-12-31
P004220,35,M,Allama Iqbal Town,Medium,1,0,0,0,None,2021-01-12
P004221,71,M,Township Sector,Medium,0,0,0,0,None,2023-12-30
P004222,52,M,Allama Iqbal Town,High,0,0,0,0,None,2022-10-25
P004223,95,F,Johar Town,Low,0,0,1,0,Private,2019-01-21
P004224,21,M,Samanabad,Medium,1,0,0,2,Private,2024-10-20
P004225,30,F,Bahria Town,Medium,1,0,0,0,None,2023-07-22
P004226,50,F,Iqbal Town,,0,0,0,0,None,2021-06-09
P004227,49,F,,High,0,0,0,0,None,2022-09-17
P004228,77,F,Cantt,Medium,1,0,1,0,Private,2024-01-02
P004229,30,F,Township Sector,Medium,0,0,0,0,None,2021-12-05
P004230,58,F,Bahria Town,Low,0,0,0,0,,2023-04-22
P004231,63,F,Township Colony,Medium,0,0,0,0,None,2023-11-30
P004232,55,M,,Low,0,1,0,0,Private,2023-03-27
P004233,25,M,Model Town,Medium,0,1,0,0,None,2021-12-05
P004234,67,M,Township,High,0,0,0,0,None,2020-06-06
P004235,64,F,Model Town,Medium,1,1,0,1,None,2020-05-06
P004236,53,F,Garden Town,Medium,0,0,0,0,None,2019-03-07
P004237,46,M,Johar Town,,0,0,0,0,Private,2021-09-27
P004238,46,F,Bahria Town,Medium,0,0,0,0,None,2021-10-25
P004239,41,M,Allama Iqbal Town,Low,0,0,0,0,None,2021-03-09
P004240,54,M,Gulberg,Low,1,0,0,0,None,2022-08-26
P004241,43,F,Cantt,High,1,1,0,1,Government,2020-11-13
P004242,27,F,Shalimar,Medium,0,0,0,0,None,2021-11-11
P004243,23,F,Cantt,Low,1,1,0,0,Government,2023-08-24
P004244,28,F,,Medium,0,0,0,0,Government,2021-04-21
P004245,46,F,Model Town,Low,1,0,0,0,Private,2019-05-28
P004246,42,M,Township Colony,Medium,1,1,0,0,None,2020-09-23
P004247,46,M,Township Sector,Low,1,0,0,0,Private,2021-07-01
P004248,51,F,Faisal Town,Low,0,0,0,1,None,2024-02-26
P004249,31,F,EME Society,Medium,0,0,0,0,None,2019-05-16
P004250,68,F,Gulberg,Medium,0,1,0,0,None,2020-01-07
P004251,37,F,Gulberg,Medium,0,0,0,1,None,2020-08-17
P004252,34,M,EME Society,Medium,0,1,0,0,Government,2019-01-12
P004253,51,M,Shalimar,High,0,0,0,0,Government,2024-06-27
P004254,9,M,Garden Town,Medium,0,0,0,0,Government,2019-08-25
P004255,28,F,Township,High,0,0,0,0,None,2022-10-29
P004256,60,F,Valencia,High,0,0,0,0,,2021-08-27
P004257,11,M,Samanabad,,0,0,0,0,,2024-01-31
P004258,62,M,Cantt,Low,0,0,0,0,None,2022-05-11
P004259,69,M,Faisal Town,Low,1,0,0,0,None,2024-04-20
P004260,35,F,Faisal Town,,0,0,1,0,None,2023-03-08
P004261,47,M,Garden Town,High,0,0,0,2,Government,2023-12-11
P004262,62,F,Shalimar,Medium,0,0,1,1,None,2022-05-13
P004263,34,F,Valencia,Medium,0,0,0,0,Private,2019-06-26
P004264,58,M,Cantt,Medium,0,1,0,0,Government,2022-10-22
P004265,30,F,Iqbal Town,Medium,0,0,0,2,Government,2021-04-16
P004266,33,M,Garden Town,,1,0,0,3,None,2019-09-13
P004267,28,F,Garden Town,Low,1,0,0,0,None,2021-08-14
P004268,48,F,Iqbal Town,Medium,0,0,0,0,Government,2021-08-19
P004269,63,F,Defence,Low,0,0,0,0,Private,2024-12-18
P004270,39,M,Township,Low,1,0,0,1,Private,2023-04-04
P004271,19,M,Defence,Medium,0,0,0,0,Government,2023-09-01
P004272,23,F,Defence,Low,0,0,0,0,None,2020-12-11
P004273,49,F,Township Colony,High,0,0,0,0,,2021-08-03
P004274,75,F,Township Sector,Medium,0,0,0,0,Government,2020-07-17
P004275,49,F,Gulberg,Medium,0,1,0,4,None,2022-02-02
P004276,35,M,Township,Low,1,0,0,0,None,2020-08-27
P004277,56,F,Iqbal Town,,0,0,0,0,Government,2020-11-06
P004278,38,F,Township Colony,,1,0,0,0,None,2021-04-10
P004279,35,F,Cantt,,0,0,0,0,Government,2024-09-08
P004280,25,M,,Medium,0,0,0,0,Private,2019-01-09
P004281,67,M,Samanabad,Medium,1,0,0,0,None,2024-03-12
P004282,0,M,Wapda Town,Medium,0,0,0,0,None,2024-06-03
P004283,56,M,Model Town,Medium,0,0,0,0,Government,2020-07-03
P004284,34,M,Township,Medium,0,0,0,0,None,2020-03-26
P004285,35,F,,Low,0,0,0,0,None,2020-07-21
P004286,72,M,Shalimar,High,0,0,0,0,None,2024-02-20
P004287,29,M,Township Colony,Low,0,0,0,0,Government,2019-11-24
P004288,30,F,Valencia,Low,1,0,0,0,Government,2019-05-03
P004289,40,M,Faisal Town,Low,0,1,0,0,Government,2019-12-09
P004290,49,M,Wapda Town,Low,0,0,1,0,Government,2020-09-03
P004291,34,M,Defence,Low,0,0,0,3,None,2023-02-03
P004292,14,F,Faisal Town,High,0,0,0,0,Government,2022-04-04
P004293,26,F,Gulberg,Medium,1,0,0,0,None,2021-11-30
P004294,65,M,Allama Iqbal Town,High,0,0,1,0,Private,2019-11-13
P004295,43,F,Green Town,,0,0,0,0,Government,2023-07-21
P004296,50,F,Model Town,Medium,1,0,0,0,Private,2024-12-02
P004297,37,F,Shalimar,Low,0,0,0,0,None,2021-04-23
P004298,30,F,,Medium,0,0,0,0,Government,2022-05-14
P004299,72,M,Cantt,,0,0,0,0,None,2020-10-15
P004300,39,M,Allama Iqbal Town,Medium,0,0,0,0,Government,2023-11-03
P004301,34,M,Shalimar,Medium,0,0,0,0,,2022-06-16
P004302,62,F,Iqbal Town,Low,1,0,0,0,,2020-08-31
P004303,29,F,Township Sector,Low,0,0,0,0,None,2020-11-10
P004304,31,F,Shalimar,Medium,1,0,0,0,Private,2020-02-21
P004305,42,F,Township,Low,1,0,0,0,None,2024-08-25
P004306,42,M,Allama Iqbal Town,Medium,1,0,0,0,,2024-01-30
P004307,47,F,Samanabad,Medium,1,0,0,0,Government,2021-07-28
P004308,80,F,Johar Town,Medium,1,0,0,0,Government,2020-04-28
P004309,48,M,Model Town,High,1,0,0,0,Private,2020-03-13
P004310,0,M,Township,Low,0,0,0,0,None,2021-04-18
P004311,48,F,Gulberg,High,1,1,0,0,None,2019-06-29
P004312,43,M,,Medium,1,0,0,0,Government,2023-06-10
P004313,43,F,Wapda Town,Low,0,0,0,0,Private,2019-07-09
P004314,46,M,Township Sector,High,0,0,0,2,Private,2020-05-26
P004315,41,M,Model Town,Medium,0,0,0,0,,2021-05-20
P004316,41,F,Garden Town,Medium,1,0,0,0,Government,2022-12-05
P004317,53,F,Shalimar,Medium,1,0,0,0,Private,2021-07-25
P004318,32,F,Cantt,High,0,0,0,0,None,2024-09-24
P004319,25,M,Green Town,Medium,1,0,0,0,Private,2021-03-26
P004320,95,F,Township,Medium,1,1,0,0,Private,2022-03-24
P004321,29,M,Cantt,Low,0,0,0,0,Private,2021-11-12
P004322,44,F,Gulberg,High,1,0,0,0,None,2020-08-14
P004323,15,F,Cantt,Medium,1,0,0,0,Private,2022-08-29
P004324,44,F,Gulberg,Medium,0,1,0,0,None,2024-08-20
P004325,25,F,Township Colony,High,1,0,0,2,None,2020-02-23
P004326,34,F,Bahria Town,Low,1,1,0,0,None,2024-06-29
P004327,61,F,Valencia,Low,1,0,0,0,None,2023-12-18
P004328,50,M,Johar Town,High,1,0,0,0,None,2022-09-29
P004329,52,F,Iqbal Town,High,0,0,0,0,Government,2023-05-26
P004330,10,M,Johar Town,,0,1,0,0,None,2023-07-03
P004331,75,F,Faisal Town,Medium,0,0,0,1,Government,2021-01-19
P004332,21,M,Samanabad,Low,0,0,0,0,,2023-07-05
P004333,70,F,Cantt,,0,0,0,0,None,2021-08-21
P004334,60,M,Samanabad,Medium,0,1,0,0,None,2021-09-01
P004335,52,F,Valencia,High,0,0,0,0,None,2024-07-10
P004336,27,F,Gulberg,Medium,0,0,0,0,Private,2020-08-03
P004337,45,F,Cantt,Medium,0,0,0,0,,2019-06-22
P004338,34,F,Garden Town,Medium,0,1,0,0,None,2019-05-26
P004339,43,F,Askari,High,0,1,0,0,,2021-06-10
P004340,38,F,Johar Town,Medium,0,0,0,1,None,2019-04-14
P004341,5,M,Bahria Town,Low,0,0,0,0,Private,2024-07-23
P004342,62,F,Faisal Town,Medium,1,0,0,0,Government,2019-04-27
P004343,41,F,Shalimar,Medium,0,0,0,1,Government,2023-09-23
P004344,33,M,Township Colony,Low,0,0,0,0,Government,2020-06-07
P004345,32,M,Faisal Town,,1,0,0,0,Private,2023-05-16
P004346,48,F,Askari,Low,1,0,0,0,Government,2019-09-04
P004347,26,F,Township,Medium,0,0,0,0,None,2024-09-01
P004348,1,F,Gulberg,Medium,0,0,0,0,None,2019-04-15
P004349,49,F,Faisal Town,Medium,0,0,0,0,None,2021-02-21
P004350,51,F,Township,Medium,0,0,0,0,Government,2022-07-01
P004351,38,M,Model Town,Medium,1,0,0,0,Government,2022-10-15
P004352,21,M,Shalimar,Low,0,0,0,0,None,2021-01-14
P004353,44,F,Iqbal Town,Low,1,0,0,0,None,2019-04-18
P004354,16,F,Bahria Town,Medium,0,0,0,1,None,2024-12-28
P004355,24,F,Faisal Town,High,1,0,0,2,None,2024-03-14
P004356,28,F,Township Colony,Low,0,0,0,0,Government,2023-01-02
P004357,57,F,Samanabad,Low,0,0,0,0,None,2020-12-29
P004358,35,M,Cantt,High,0,0,0,0,Government,2024-08-18
P004359,34,F,Valencia,Low,0,0,0,0,Government,2020-01-23
P004360,77,M,Gulberg,High,0,0,0,0,Private,2019-05-22
P004361,48,F,Township,,1,0,0,0,None,2023-10-09
P004362,48,,Askari,Low,0,0,0,2,Private,2020-07-27
P004363,35,F,Wapda Town,Low,0,0,0,0,Government,2023-07-06
P004364,31,M,Shalimar,High,0,0,0,0,None,2023-09-07
P004365,3,F,Allama Iqbal Town,Low,0,0,0,0,Government,2019-10-22
P004366,59,F,Wapda Town,,0,0,0,0,None,2022-09-16
P004367,50,F,,,0,0,0,1,,2021-09-16
P004368,39,M,Green Town,Medium,1,0,0,0,,2021-03-04
P004369,40,M,Wapda Town,High,0,0,0,0,Private,2021-10-24
P004370,55,F,Green Town,Medium,1,0,0,0,Government,2024-01-16
P004371,14,F,Samanabad,Low,0,0,0,0,None,2019-10-18
P004372,31,F,Johar Town,Medium,0,0,0,0,None,2022-01-01
P004373,22,F,Johar Town,Medium,0,1,0,0,Private,2023-05-09
P004374,74,M,Defence,Low,0,0,0,0,None,2024-06-30
P004375,58,F,Bahria Town,Medium,1,0,0,0,Private,2022-05-05
P004376,2,M,Township,,0,0,0,0,None,2022-04-13
P004377,15,M,Defence,Low,0,1,0,0,None,2020-01-28
P004378,40,M,Samanabad,,1,1,0,0,None,2022-07-11
P004379,33,F,Cantt,Medium,1,1,0,0,Private,2024-10-22
P004380,18,M,Samanabad,Low,0,0,0,0,None,2020-11-09
P004381,77,F,Askari,Low,1,1,0,0,Government,2021-12-13
P004382,48,F,Iqbal Town,Low,0,0,1,0,Private,2019-06-25
P004383,51,M,Samanabad,Low,0,0,0,0,Government,2020-09-08
P004384,30,F,Township Colony,,0,0,0,3,Private,2019-01-30
P004385,55,F,Township,Medium,0,0,0,0,Private,2024-04-15
P004386,35,F,Township,Medium,0,0,0,0,,2020-09-24
P004387,37,F,Askari,Low,0,0,0,3,Government,2024-08-07
P004388,53,M,Valencia,,1,1,0,0,None,2024-02-05
P004389,13,M,Askari,Medium,0,0,0,0,Government,2020-01-01
P004390,71,M,Valencia,Medium,0,0,0,0,None,2021-01-10
P004391,45,F,Defence,High,0,0,0,0,Private,2021-08-25
P004392,65,F,Defence,Low,0,0,0,2,None,2023-12-31
P004393,23,F,Cantt,Low,0,0,1,0,Private,2024-10-10
P004394,25,F,Bahria Town,Low,0,0,0,0,Government,2024-12-10
P004395,21,M,,Low,0,0,0,0,Government,2021-10-20
P004396,47,M,,Medium,0,1,0,0,None,2021-08-02
P004397,43,M,Iqbal Town,,0,0,0,1,None,2019-11-08
P004398,34,M,Green Town,Medium,0,0,0,0,None,2021-08-11
P004399,24,F,Township Sector,High,0,0,0,0,Private,2020-02-19
P004400,19,M,Faisal Town,,1,0,0,0,None,2024-02-08
P004401,41,M,Township Colony,Medium,1,0,0,1,Private,2021-03-05
P004402,34,M,Valencia,Medium,0,0,0,3,Government,2022-05-11
P004403,30,F,Iqbal Town,Medium,0,1,0,2,Government,2020-05-12
P004404,70,M,Wapda Town,Medium,0,0,0,4,None,2023-12-28
P004405,41,F,Green Town,Medium,1,1,0,0,None,2023-06-27
P004406,65,M,Wapda Town,Low,0,1,0,0,None,2023-03-18
P004407,32,M,Faisal Town,Low,0,0,0,0,Government,2024-01-23
P004408,46,M,Green Town,Medium,1,0,0,0,Private,2021-03-31
P004409,41,F,Shalimar,Medium,0,0,0,0,Government,2024-09-17
P004410,11,F,Cantt,Low,1,0,0,0,None,2022-11-14
P004411,68,M,EME Society,Low,0,0,0,0,Government,2019-07-28
P004412,40,M,Allama Iqbal Town,Medium,0,0,0,0,None,2019-03-03
P004413,55,M,Township,Low,1,0,0,0,Private,2023-07-17
P004414,28,F,Cantt,Medium,0,0,0,0,None,2022-01-02
P004415,39,M,Gulberg,,0,0,0,1,None,2024-08-12
P004416,26,M,Johar Town,Low,0,1,0,0,None,2019-07-16
P004417,64,F,Township Colony,Medium,1,1,0,0,None,2023-03-30
P004418,48,F,Defence,Low,0,0,0,0,Private,2022-04-23
P004419,49,M,Valencia,Low,0,0,0,0,Government,2019-06-10
P004420,66,F,Bahria Town,,0,1,0,0,Government,2023-11-14
P004421,63,M,Askari,Medium,0,1,0,3,None,2019-05-23
P004422,56,F,Allama Iqbal Town,Medium,0,1,0,0,Private,2019-12-17
P004423,16,F,Township Colony,Medium,0,0,0,0,None,2024-07-06
P004424,29,F,Faisal Town,Low,0,0,0,0,None,2021-05-15
P004425,24,M,Green Town,Low,0,0,0,0,Government,2023-12-27
P004426,55,M,Wapda Town,Medium,0,0,1,0,Government,2022-04-11
P004427,45,M,EME Society,Low,0,0,0,0,Private,2021-11-14
P004428,17,M,Johar Town,Low,0,0,0,2,Private,2020-03-18
P004429,39,M,Iqbal Town,Medium,0,0,0,0,Government,2019-10-07
P004430,15,M,Samanabad,Low,1,0,0,0,Private,2019-03-14
P004431,41,M,Allama Iqbal Town,Low,0,0,0,0,Private,2019-03-09
P004432,12,F,Valencia,Medium,0,0,0,0,Government,2019-01-04
P004433,52,F,Faisal Town,,0,0,0,0,Private,2024-09-12
P004434,49,F,Samanabad,Medium,1,0,0,0,Government,2020-07-13
P004435,76,M,Samanabad,Low,1,0,0,0,None,2024-04-14
P004436,57,F,Township Colony,Medium,1,1,0,0,None,2020-11-02
P004437,34,M,Johar Town,,0,0,0,0,Government,2022-01-23
P004438,57,M,Gulberg,Medium,0,0,0,0,None,2021-10-14
P004439,17,F,Garden Town,High,0,1,0,0,None,2023-12-26
P004440,25,F,Gulberg,Medium,0,1,0,0,Private,2024-02-01
P004441,48,M,Model Town,Low,0,0,0,0,None,2019-09-24
P004442,3,F,Askari,Low,0,0,0,0,None,2021-06-30
P004443,41,M,Iqbal Town,Medium,0,0,0,1,None,2024-04-12
P004444,24,F,Iqbal Town,High,0,0,0,0,Government,2019-07-02
P004445,44,F,Township,Low,1,1,0,0,Private,2023-11-27
P004446,23,M,Shalimar,,0,1,0,0,Private,2020-12-16
P004447,50,F,Faisal Town,High,1,0,0,0,Government,2023-03-19
P004448,42,F,Township Sector,Low,1,0,0,0,None,2020-11-01
P004449,67,F,Model Town,Medium,0,1,0,2,None,2022-03-10
P004450,42,F,Johar Town,Low,0,1,0,0,,2022-06-02
P004451,28,M,Model Town,,1,0,0,0,Government,2020-05-29
P004452,38,F,Green Town,Low,0,0,0,0,Government,2022-11-21
P004453,18,F,Iqbal Town,,1,0,0,0,Government,2019-08-01
P004454,49,F,Gulberg,,0,0,0,0,None,2019-01-02
P004455,53,F,Township,High,0,0,0,0,Government,2023-01-03
P004456,86,F,Shalimar,High,1,0,0,0,None,2022-03-28
P004457,31,M,Faisal Town,Medium,0,0,0,0,,2022-07-17
P004458,37,F,Faisal Town,Low,0,0,0,0,Government,2020-06-23
P004459,32,M,Defence,Medium,0,0,0,0,None,2019-04-07
P004460,200,F,Shalimar,High,0,0,0,0,Private,2023-07-26
P004461,49,F,Bahria Town,Medium,0,0,0,0,Private,2020-09-20
P004462,41,F,Defence,High,1,0,0,0,Government,2021-01-09
P004463,62,M,Allama Iqbal Town,,0,1,0,0,Government,2024-03-26
P004464,31,M,,Low,0,0,0,0,None,2024-06-28
P004465,60,F,Samanabad,Low,0,0,0,0,None,2021-02-24
P004466,52,M,Green Town,Low,0,0,0,0,None,2021-05-20
P004467,42,F,Cantt,Medium,0,0,1,0,Government,2024-11-03
P004468,36,F,Askari,Medium,1,0,0,0,None,2021-02-06
P004469,86,M,Faisal Town,Low,0,0,0,0,None,2022-05-21
P004470,27,F,Askari,Medium,1,1,0,0,Private,2019-10-22
P004471,47,F,EME Society,Low,1,0,0,0,Government,2024-03-29
P004472,28,,Samanabad,Medium,0,1,0,0,None,2020-01-18
P004473,74,M,Gulberg,Medium,0,1,0,0,,2020-11-19
P004474,58,F,Garden Town,Medium,0,0,0,0,None,2023-01-16
P004475,30,M,Faisal Town,Low,0,1,0,2,None,2024-02-29
P004476,51,F,Askari,,0,0,0,0,,2022-06-05
P004477,47,M,Garden Town,High,0,0,0,0,None,2024-02-14
P004478,33,F,Garden Town,Medium,0,0,0,0,Private,2022-04-19
P004479,56,M,EME Society,,0,0,0,0,Private,2021-11-07
P004480,49,F,EME Society,Low,0,0,0,0,Private,2019-10-19
P004481,46,F,Township Colony,Low,0,1,0,0,None,2021-03-11
P004482,41,F,Samanabad,Low,0,0,1,0,None,2019-08-20
P004483,50,M,Iqbal Town,Medium,0,1,0,0,None,2020-08-03
P004484,46,F,Model Town,Low,0,0,0,0,None,2021-08-17
P004485,43,M,Valencia,High,0,0,0,2,Private,2024-08-22
P004486,30,M,Green Town,Medium,0,0,0,2,,2024-09-18
P004487,72,F,Gulberg,Medium,1,0,0,0,Government,2022-06-16
P004488,23,F,Bahria Town,Medium,0,1,0,0,Government,2021-07-09
P004489,50,F,Shalimar,Medium,1,0,0,0,Private,2021-02-05
P004490,36,F,Model Town,Medium,0,0,0,0,None,2024-06-02
P004491,74,F,Defence,Medium,1,0,0,0,None,2021-03-20
P004492,26,M,Township Colony,Medium,0,0,0,0,None,2024-10-19
P004493,29,F,Defence,Low,1,0,0,0,Private,2021-09-24
P004494,25,F,Bahria Town,High,0,0,0,2,None,2019-09-01
P004495,48,M,Township Colony,Medium,0,0,0,0,None,2021-06-03
P004496,17,F,Johar Town,Medium,0,0,0,0,Government,2024-07-17
P004497,33,M,Township Sector,Low,1,1,0,1,Private,2021-04-30
P004498,3,M,Garden Town,,0,0,0,0,Private,2023-04-29
P004499,46,F,Askari,Low,0,1,0,1,None,2024-12-16
P004500,33,F,Valencia,Medium,0,0,0,0,None,2019-07-28
P004501,15,M,Gulberg,Low,0,0,0,0,None,2024-04-24
P004502,62,M,Defence,High,1,0,0,1,Government,2023-05-13
P004503,18,M,Model Town,High,0,0,0,0,Private,2022-12-13
P004504,56,M,Wapda Town,Low,1,1,0,1,None,2021-12-16
P004505,29,F,Township Colony,,0,0,0,0,Government,2023-02-08
P004506,71,F,Defence,Low,0,0,0,0,None,2019-11-03
P004507,55,M,,Low,0,0,0,0,None,2024-07-27
P004508,24,M,Cantt,Low,0,0,0,0,None,2020-06-05
P004509,25,M,Model Town,High,0,0,0,0,Government,2019-12-01
P004510,53,F,Township,High,0,0,0,0,,2023-04-01
P004511,37,M,Bahria Town,Low,0,1,0,1,None,2019-06-18
P004512,39,F,Johar Town,Low,0,0,0,4,None,2020-11-29
P004513,65,F,Askari,Medium,0,0,0,0,None,2020-06-19
P004514,29,F,Green Town,,1,0,0,2,None,2024-09-15
P004515,44,F,Cantt,Low,0,0,0,0,Private,2020-07-07
P004516,59,M,Samanabad,,0,0,0,4,Government,2023-12-02
P004517,57,F,Shalimar,High,1,0,0,0,None,2022-06-25
P004518,39,M,,Medium,0,0,0,0,Government,2022-04-28
P004519,37,F,Valencia,High,0,0,0,4,Private,2023-02-13
P004520,11,F,Green Town,,0,0,0,0,None,2022-10-02
P004521,23,F,Valencia,Medium,0,0,0,0,None,2020-07-21
P004522,48,F,Green Town,Medium,1,0,0,1,None,2024-07-05
P004523,40,M,Township Colony,Medium,1,0,0,0,Government,2019-03-21
P004524,43,F,Allama Iqbal Town,Medium,0,0,0,0,None,2020-12-03
P004525,61,F,Wapda Town,Low,1,1,0,0,Private,2020-10-28
P004526,21,F,Township,Medium,0,0,0,0,,2023-11-07
P004527,38,F,Garden Town,Low,0,0,0,0,Government,2021-11-26
P004528,45,F,Valencia,Low,0,0,0,0,Private,2021-09-09
P004529,29,M,Township Sector,Medium,0,0,0,0,Private,2019-01-31
P004530,68,F,Askari,Medium,0,0,0,0,Government,2024-03-23
P004531,58,F,Defence,Low,0,1,0,1,,2021-06-07
P004532,47,M,Iqbal Town,Low,0,0,0,0,None,2019-05-23
P004533,74,M,Garden Town,High,0,1,1,1,Private,2020-08-06
P004534,15,F,Faisal Town,Medium,0,0,0,0,Government,2023-04-22
P004535,42,M,Wapda Town,Low,1,0,1,2,None,2019-02-16
P004536,49,M,Township,,1,0,0,0,None,2023-11-06
P004537,26,F,Defence,Medium,0,0,0,0,None,2021-10-06
P004538,47,F,Wapda Town,Low,0,0,0,0,None,2022-09-05
P004539,22,M,Cantt,Medium,0,0,0,1,Government,2023-06-19
P004540,54,M,Township Sector,Low,0,0,0,0,None,2020-10-04
P004541,61,M,Johar Town,Medium,0,1,0,0,None,2022-03-07
P004542,47,F,Wapda Town,Medium,1,0,0,2,Private,2019-11-21
P004543,9,M,EME Society,Low,0,0,0,0,None,2022-01-09
P004544,25,F,Iqbal Town,Medium,1,0,0,0,None,2023-06-07
P004545,52,M,Township,Low,1,0,0,0,Government,2019-11-22
P004546,42,M,Defence,Medium,0,0,0,1,Government,2019-10-08
P004547,0,F,Garden Town,Low,0,0,0,0,Government,2019-08-23
P004548,64,F,EME Society,Medium,0,0,0,0,None,2024-01-24
P004549,44,M,Wapda Town,Medium,1,0,0,0,None,2024-04-10
P004550,27,M,Cantt,Low,0,0,0,0,Government,2022-01-02
P004551,60,F,Allama Iqbal Town,Medium,0,0,0,0,Private,2022-05-17
P004552,30,M,Cantt,,0,0,0,1,None,2021-04-16
P004553,30,F,Faisal Town,Medium,0,0,0,0,None,2022-01-28
P004554,48,F,Township Sector,Medium,1,0,0,2,None,2020-06-02
P004555,74,F,Iqbal Town,Low,1,1,0,0,Government,2021-10-25
P004556,71,M,Valencia,,0,0,0,3,,2019-02-05
P004557,48,F,Iqbal Town,Low,1,0,0,0,Private,2022-02-09
P004558,50,M,Askari,Medium,0,0,0,0,None,2024-06-05
P004559,56,F,Iqbal Town,Medium,0,0,0,0,None,2023-03-23
P004560,19,M,Samanabad,Low,0,0,0,0,None,2022-08-16
P004561,54,M,Cantt,Low,1,0,1,1,Private,2020-06-03
P004562,29,F,Bahria Town,High,0,0,0,0,Private,2023-03-15
P004563,48,F,Allama Iqbal Town,Low,0,0,0,1,None,2024-07-31
P004564,38,F,Green Town,Low,0,0,0,0,Private,2024-11-02
P004565,51,F,Gulberg,Medium,1,0,0,0,Private,2024-09-09
P004566,44,M,Garden Town,Low,0,1,0,0,Government,2020-04-23
P004567,0,M,Allama Iqbal Town,High,0,0,0,4,None,2020-04-26
P004568,45,F,Allama Iqbal Town,Low,0,0,0,0,Government,2019-05-18
P004569,54,M,Bahria Town,High,0,0,0,1,Private,2024-06-11
P004570,50,F,Johar Town,Low,0,0,0,0,None,2021-11-27
P004571,40,F,Askari,Low,1,1,0,0,None,2022-06-14
P004572,72,F,Samanabad,,0,1,0,0,,2021-07-11
P004573,48,F,Iqbal Town,High,1,0,0,0,Private,2023-01-01
P004574,50,M,Faisal Town,Medium,1,1,0,0,Private,2019-05-20
P004575,61,F,Askari,Low,0,0,0,0,Government,2020-12-17
P004576,49,F,Wapda Town,High,0,0,0,0,Government,2021-10-31
P004577,26,F,Wapda Town,Low,0,0,0,0,Private,2019-11-27
P004578,0,M,Shalimar,Low,0,0,0,0,Private,2022-03-31
P004579,33,F,,Low,0,0,0,0,None,2023-02-28
P004580,56,F,Township Sector,Medium,0,0,0,0,None,2019-09-13
P004581,36,F,Gulberg,,1,0,0,0,None,2023-12-18
P004582,56,F,Township,Low,1,0,0,0,None,2023-03-03
P004583,45,F,Gulberg,High,0,1,0,0,None,2019-06-10
P004584,65,F,EME Society,Medium,1,1,0,0,None,2021-01-27
P004585,37,M,Samanabad,Low,1,0,0,3,Private,2023-06-24
P004586,50,F,,Medium,0,1,0,0,Government,2022-05-20
P004587,51,M,Valencia,,0,0,1,1,Government,2019-02-20
P004588,69,M,Garden Town,Medium,1,0,0,0,,2022-10-27
P004589,11,F,Defence,Low,0,1,0,2,Private,2020-10-04
P004590,34,M,Model Town,Medium,0,0,0,0,Government,2021-02-23
P004591,57,F,Valencia,Medium,1,0,0,0,Government,2019-04-22
P004592,70,M,Iqbal Town,Low,0,1,0,0,,2023-05-30
P004593,46,M,,,0,0,0,3,Government,2020-09-10
P004594,37,M,EME Society,Low,1,0,0,0,None,2022-12-06
P004595,56,F,,Medium,1,1,0,0,Government,2021-08-04
P004596,58,M,Gulberg,Medium,0,0,0,1,Government,2019-05-07
P004597,36,F,Defence,Medium,0,0,0,0,None,2019-08-27
P004598,48,F,Green Town,High,0,1,0,1,None,2019-10-21
P004599,63,F,Garden Town,Medium,0,1,1,0,None,2019-03-09
P004600,76,F,Township,,1,1,0,0,None,2019-04-09
P004601,55,M,Defence,Medium,0,0,0,0,Private,2019-02-25
P004602,43,M,Shalimar,Low,1,1,0,0,Government,2024-03-19
P004603,41,,Gulberg,Medium,0,0,0,0,None,2024-07-21
P004604,52,F,Defence,Low,1,0,0,1,Private,2021-02-03
P004605,40,M,Garden Town,Low,0,0,0,0,Government,2019-07-01
P004606,45,M,Samanabad,Low,1,0,0,0,,2022-03-08
P004607,23,M,Garden Town,Low,0,0,0,0,,2023-04-06
P004608,65,F,Green Town,Medium,0,1,0,0,Government,2022-03-03
P004609,21,F,Iqbal Town,Low,0,0,0,0,None,2021-06-16
P004610,34,M,,Low,0,0,0,3,Government,2021-11-01
P004611,44,F,Township,High,0,0,0,3,Government,2019-08-07
P004612,78,,Faisal Town,Medium,1,0,0,0,None,2021-05-25
P004613,34,M,Model Town,Low,0,0,0,0,Private,2019-08-28
P004614,30,M,Township Sector,Low,0,0,0,0,None,2021-01-26
P004615,32,F,,Low,0,0,0,0,Government,2019-09-18
P004616,72,M,Allama Iqbal Town,High,0,0,0,0,Private,2020-07-21
P004617,0,M,Johar Town,Low,0,0,0,4,None,2020-03-19
P004618,24,F,,High,0,0,0,0,Government,2020-06-01
P004619,91,F,Township Sector,Low,1,0,0,0,None,2019-12-03
P004620,53,F,Shalimar,Medium,0,0,0,0,None,2022-11-15
P004621,22,F,Gulberg,Low,0,0,0,0,Government,2020-08-29
P004622,41,M,Shalimar,,0,0,0,1,,2023-03-19
P004623,43,,Township Colony,Low,0,0,0,0,Government,2022-01-16
P004624,57,F,Township Sector,Low,0,0,0,0,None,2020-06-17
P004625,75,F,Iqbal Town,,0,0,0,2,None,2020-03-13
P004626,49,F,Township,Medium,0,0,0,0,Private,2019-10-27
P004627,32,F,Township Sector,Low,0,0,1,0,None,2024-03-14
P004628,56,F,Cantt,Medium,0,0,0,0,Government,2023-08-18
P004629,29,M,Allama Iqbal Town,Low,0,0,0,4,None,2022-06-11
P004630,23,M,Township Colony,High,0,0,0,4,Government,2019-06-11
P004631,10,M,Cantt,Medium,0,0,0,3,Government,2022-06-02
P004632,14,M,Garden Town,Low,0,0,0,0,,2022-04-23
P004633,26,F,Wapda Town,Low,0,1,0,1,Private,2024-10-03
P004634,21,M,,,0,0,0,0,Government,2021-11-29
P004635,48,F,Defence,High,0,0,0,0,Private,2019-08-15
P004636,20,F,Township Colony,Low,0,1,1,0,None,2023-03-06
P004637,0,F,Askari,Low,1,0,0,0,None,2021-09-26
P004638,23,F,Bahria Town,Medium,0,0,0,0,Private,2023-10-10
P004639,34,F,Garden Town,Low,0,0,0,1,Private,2024-12-01
P004640,31,F,Faisal Town,Low,0,0,0,4,None,2024-07-12
P004641,69,F,Valencia,Medium,1,1,0,0,None,2022-07-15
P004642,31,M,Township Sector,Low,0,0,0,0,Private,2020-08-22
P004643,58,F,Faisal Town,High,0,1,0,0,Government,2022-04-25
P004644,42,F,Allama Iqbal Town,Medium,0,1,0,0,None,2019-03-26
P004645,41,M,Gulberg,Low,0,0,0,1,Private,2022-11-29
P004646,27,M,Township Colony,Medium,0,0,0,0,,2022-05-31
P004647,41,F,Askari,Low,0,1,0,0,None,2024-02-14
P004648,28,M,Shalimar,Medium,0,0,0,2,None,2021-04-18
P004649,45,F,Samanabad,Medium,0,0,0,0,None,2023-07-06
P004650,38,F,,Medium,0,0,0,0,Private,2021-08-30
P004651,25,F,Shalimar,Medium,1,0,0,0,None,2022-05-20
P004652,60,F,Faisal Town,Medium,0,0,0,0,None,2024-01-16
P004653,50,M,Shalimar,Low,0,0,0,0,None,2021-01-06
P004654,34,F,Defence,High,0,0,0,0,None,2021-03-01
P004655,45,M,Johar Town,,0,0,0,0,Private,2021-08-24
P004656,40,M,Green Town,High,0,0,0,0,Private,2022-03-27
P004657,26,M,,Medium,0,1,0,0,None,2019-04-23
P004658,43,F,Johar Town,Low,0,0,0,0,None,2019-10-25
P004659,31,F,Bahria Town,Low,0,0,1,0,None,2022-03-10
P004660,25,M,Askari,High,0,1,0,0,,2023-10-02
P004661,13,M,Gulberg,High,1,0,0,0,Private,2019-05-18
P004662,36,F,Cantt,Medium,0,0,0,0,None,2021-12-08
P004663,52,F,Township,Low,1,0,0,0,Private,2023-12-10
P004664,29,M,Johar Town,,0,0,0,0,None,2020-12-15
P004665,87,M,Iqbal Town,Low,1,0,0,0,None,2024-10-11
P004666,58,M,Iqbal Town,Medium,1,1,0,0,None,2021-08-15
P004667,65,M,Defence,Low,0,0,0,0,None,2023-02-24
P004668,56,F,Samanabad,Medium,1,1,0,0,None,2020-06-09
P004669,75,F,,Medium,0,0,0,0,Government,2024-05-06
P004670,28,,,Medium,0,1,0,0,None,2022-05-16
P004671,0,M,Gulberg,Medium,0,0,0,3,None,2021-10-16
P004672,34,F,Township Colony,Low,0,0,0,0,Government,2020-05-08
P004673,52,M,Johar Town,Low,0,1,0,0,Government,2023-09-01
P004674,45,F,Green Town,Low,0,0,0,0,None,2021-02-24
P004675,47,F,Model Town,Low,1,0,0,2,Private,2024-09-08
P004676,66,M,Defence,Low,1,0,0,2,None,2019-07-09
P004677,49,F,Askari,,0,1,0,0,Private,2024-12-17
P004678,56,F,EME Society,Medium,1,0,0,0,None,2020-10-19
P004679,25,M,Defence,Medium,0,0,0,0,None,2019-01-21
P004680,22,,Township,High,0,0,0,0,None,2021-04-15
P004681,71,F,Township Sector,High,0,0,0,2,None,2020-12-26
P004682,44,M,Defence,,1,0,0,0,Private,2023-09-01
P004683,31,F,Model Town,Medium,0,0,0,0,None,2024-11-06
P004684,31,M,Township,,0,0,0,0,Government,2022-11-21
P004685,30,F,Valencia,,1,0,0,2,Private,2022-09-04
P004686,29,F,Valencia,,0,0,0,1,,2019-09-16
P004687,19,M,Allama Iqbal Town,High,0,0,0,0,None,2020-06-18
P004688,15,F,Shalimar,Medium,0,0,0,1,None,2022-08-11
P004689,38,M,Gulberg,High,0,0,0,0,None,2023-01-20
P004690,31,M,Bahria Town,,0,0,0,3,None,2021-08-27
P004691,62,M,Green Town,Low,0,1,0,0,None,2023-12-25
P004692,47,F,Allama Iqbal Town,Medium,0,1,0,0,None,2021-06-29
P004693,47,,Bahria Town,,0,0,0,0,Government,2024-03-25
P004694,29,M,Allama Iqbal Town,Low,0,1,0,0,None,2019-08-16
P004695,40,F,Allama Iqbal Town,Low,1,0,0,0,Government,2024-03-06
P004696,48,M,Allama Iqbal Town,,0,0,0,0,,2022-07-04
P004697,55,M,Township Colony,,1,0,0,1,None,2024-09-25
P004698,40,F,Askari,Medium,0,0,0,0,None,2020-01-18
P004699,61,F,Defence,High,1,1,0,4,Government,2019-09-13
P004700,42,M,Valencia,Low,0,0,0,0,None,2020-09-03
P004701,56,M,Gulberg,Medium,0,0,0,0,Private,2022-06-07
P004702,33,F,Samanabad,Low,0,0,0,0,None,2023-11-30
P004703,9,M,Township Sector,High,0,0,0,0,None,2023-09-24
P004704,47,M,Johar Town,Medium,1,0,0,0,None,2019-05-06
P004705,55,F,Township Sector,Medium,0,0,0,0,Private,2021-09-11
P004706,52,F,Valencia,Low,0,1,1,0,Private,2023-09-04
P004707,50,M,Shalimar,,0,0,0,0,Private,2023-07-07
P004708,36,M,Township,Low,0,0,0,0,None,2021-05-03
P004709,27,M,Bahria Town,Medium,0,0,0,0,Private,2021-06-06
P004710,52,F,Allama Iqbal Town,Low,0,1,0,0,Private,2020-09-15
P004711,50,M,Model Town,Medium,0,1,0,0,None,2020-08-29
P004712,32,M,Shalimar,Low,0,1,0,0,Government,2022-01-09
P004713,62,M,Model Town,Medium,0,0,0,3,Government,2021-10-07
P004714,26,F,Township,Low,0,0,0,0,Government,2020-08-04
P004715,31,F,,Low,1,0,0,0,,2019-04-12
P004716,71,F,Model Town,Medium,0,0,0,0,None,2024-01-21
P004717,58,F,Township Sector,Low,0,0,0,2,Government,2023-11-06
P004718,36,F,Shalimar,Medium,1,1,0,1,None,2019-04-09
P004719,47,M,Gulberg,Medium,1,0,0,0,Private,2022-07-23
P004720,45,F,Valencia,Low,1,0,0,0,Private,2023-01-08
P004721,0,M,Allama Iqbal Town,Medium,0,0,0,0,Private,2022-05-09
P004722,26,F,Valencia,Medium,1,0,0,0,Private,2023-10-31
P004723,41,M,Samanabad,Low,0,1,0,0,None,2022-10-18
P004724,36,F,,Low,0,0,0,0,Government,2020-04-15
P004725,46,M,Faisal Town,Low,0,0,0,0,Government,2021-03-15
P004726,62,F,Bahria Town,Low,0,0,0,0,Private,2023-08-16
P004727,36,M,Bahria Town,Low,1,0,0,0,Government,2024-12-13
P004728,23,F,Township,Medium,0,0,0,0,None,2021-09-14
P004729,48,F,Iqbal Town,Low,1,0,0,0,Private,2021-05-18
P004730,36,M,Township Sector,High,1,0,1,1,Government,2024-12-05
P004731,39,F,Askari,Medium,0,0,0,1,Private,2020-05-28
P004732,37,M,Cantt,Low,0,0,0,0,Private,2021-04-05
P004733,82,F,Allama Iqbal Town,Medium,0,0,0,0,None,2023-12-17
P004734,2,F,Allama Iqbal Town,Low,0,0,0,0,None,2020-12-06
P004735,35,M,Green Town,Low,0,1,0,0,None,2022-12-03
P004736,42,F,Township,High,0,0,0,0,Private,2024-05-09
P004737,28,M,Bahria Town,Medium,1,0,1,0,None,2024-12-14
P004738,58,F,,Low,0,1,0,0,Government,2022-12-15
P004739,57,M,Model Town,High,1,1,0,0,Private,2019-08-22
P004740,41,M,Samanabad,High,1,1,0,0,None,2023-08-18
P004741,37,F,Valencia,Medium,1,1,0,0,Private,2024-06-08
P004742,40,F,Samanabad,Medium,0,0,0,0,,2021-06-29
P004743,40,F,Township Colony,,0,0,0,0,None,2023-07-10
P004744,41,M,Samanabad,,0,1,0,1,Private,2021-12-14
P004745,39,F,EME Society,,1,0,0,4,None,2024-11-30
P004746,47,M,Iqbal Town,High,1,0,0,0,,2024-11-21
P004747,56,F,Township,Medium,1,0,0,0,None,2022-08-20
P004748,20,M,Valencia,Low,0,0,0,0,Government,2022-03-29
P004749,23,M,Shalimar,Low,0,1,0,1,None,2023-04-25
P004750,11,F,Wapda Town,Low,0,0,0,0,,2023-06-24
P004751,58,F,Township Colony,Low,0,0,0,0,Government,2020-01-29
P004752,47,F,Township Sector,Low,1,0,0,0,Private,2024-11-14
P004753,51,F,Iqbal Town,Medium,1,1,0,1,None,2022-11-28
P004754,16,F,Samanabad,High,0,0,0,0,Private,2023-05-11
P004755,74,M,Faisal Town,Low,1,1,0,0,None,2019-10-28
P004756,31,F,Cantt,Low,0,0,0,0,Private,2023-04-15
P004757,45,F,Valencia,High,0,1,0,3,,2020-04-02
P004758,57,F,Shalimar,Medium,0,0,0,0,Private,2019-09-11
P004759,24,F,Gulberg,Medium,0,1,0,0,None,2023-12-18
P004760,32,M,Garden Town,Medium,0,0,0,0,Government,2020-04-08
P004761,45,F,Samanabad,Medium,0,0,0,0,None,2020-09-20
P004762,93,F,Askari,Low,0,0,0,0,,2023-09-09
P004763,47,F,Iqbal Town,Low,0,0,0,0,None,2021-05-21
P004764,71,M,Samanabad,Medium,0,0,0,0,None,2024-11-22
P004765,64,M,Green Town,Low,1,0,0,0,None,2022-02-11
P004766,49,F,Defence,Low,0,0,0,0,None,2021-08-07
P004767,24,M,Samanabad,Medium,0,0,0,0,,2023-01-13
P004768,61,M,Green Town,Medium,0,0,0,1,Government,2023-07-26
P004769,15,M,Cantt,Medium,0,0,0,0,Private,2022-06-19
P004770,71,F,Township,Medium,0,0,0,0,None,2019-01-25
P004771,46,M,Bahria Town,Medium,0,0,1,0,Government,2020-02-20
P004772,0,M,Bahria Town,Low,0,0,0,3,None,2019-09-29
P004773,36,F,Faisal Town,High,0,0,0,0,None,2022-04-30
P004774,54,F,Township Sector,Medium,0,1,0,0,None,2019-06-22
P004775,38,F,Model Town,Low,1,0,0,0,Government,2024-02-22
P004776,55,F,Bahria Town,Medium,1,0,0,0,Government,2019-08-21
P004777,27,F,Township Colony,Low,0,0,0,1,Private,2022-08-17
P004778,18,M,,High,0,0,0,0,Private,2019-05-07
P004779,41,M,Bahria Town,Medium,0,0,0,0,None,2024-03-22
P004780,43,F,Cantt,Medium,0,0,0,2,None,2019-02-24
P004781,36,F,Cantt,High,0,0,0,0,Private,2023-02-18
P004782,64,M,,Medium,1,0,0,0,None,2023-01-08
P004783,27,F,Model Town,,0,1,0,0,None,2022-02-03
P004784,48,F,Defence,Medium,0,1,0,0,Private,2021-08-21
P004785,43,M,Samanabad,Medium,0,1,0,0,Private,2024-07-11
P004786,14,F,Gulberg,Low,0,0,0,0,None,2022-04-02
P004787,18,F,Samanabad,Medium,0,0,0,0,None,2019-12-01
P004788,42,M,Defence,Medium,0,1,0,1,None,2021-01-16
P004789,78,M,Model Town,Medium,1,1,0,0,None,2022-06-27
P004790,52,F,Gulberg,High,0,0,0,0,Private,2021-05-28
P004791,11,M,Faisal Town,Medium,0,0,0,0,None,2021-03-20
P004792,0,M,Township,Medium,0,0,0,0,Government,2019-12-16
P004793,55,F,Township,Medium,0,1,0,0,None,2020-05-25
P004794,40,M,Township,Low,1,0,0,0,Government,2022-11-07
P004795,63,F,Green Town,Low,0,0,1,0,Private,2024-01-26
P004796,26,F,Cantt,High,0,0,0,0,None,2019-10-20
P004797,48,F,Valencia,Medium,0,0,0,0,Government,2020-05-08
P004798,57,F,Bahria Town,Medium,1,1,0,0,Private,2024-04-13
P004799,34,F,Wapda Town,Low,1,0,0,0,,2021-03-15
P004800,34,M,Defence,Low,0,0,0,1,Government,2020-09-10
P004801,42,F,Iqbal Town,Low,0,1,0,0,Government,2022-03-30
P004802,52,M,Defence,Medium,0,0,0,0,Government,2020-07-25
P004803,42,F,Gulberg,Medium,0,0,0,0,None,2024-04-09
P004804,60,M,Model Town,Low,0,1,0,4,Private,2020-03-07
P004805,34,F,Model Town,Medium,1,0,0,0,Government,2022-08-26
P004806,18,F,Township,High,0,0,0,0,Government,2019-08-24
P004807,78,M,,High,0,0,0,1,None,2024-05-29
P004808,31,M,Johar Town,High,0,0,1,0,Government,2020-07-03
P004809,32,F,Samanabad,Medium,0,0,0,0,,2023-09-07
P004810,41,F,Faisal Town,Medium,1,0,0,0,None,2024-12-24
P004811,43,M,Cantt,Medium,0,0,0,0,None,2022-05-16
P004812,35,M,Green Town,Low,1,0,0,0,Government,2019-02-22
P004813,42,F,Wapda Town,,0,0,0,0,Government,2021-03-16
P004814,41,M,Iqbal Town,Medium,0,0,0,0,,2021-12-15
P004815,45,F,Bahria Town,Medium,0,1,0,0,None,2019-07-24
P004816,0,F,Model Town,Low,0,0,0,0,None,2021-02-15
P004817,76,M,Valencia,Low,0,0,0,0,None,2022-05-24
P004818,39,M,Shalimar,High,0,1,0,0,Private,2023-09-01
P004819,52,F,,Low,0,0,0,0,Private,2020-03-09
P004820,17,F,Wapda Town,Low,0,0,0,1,None,2022-09-09
P004821,34,F,Askari,Medium,1,0,0,0,Government,2023-03-10
P004822,30,M,Gulberg,Medium,1,0,0,0,Private,2019-03-07
P004823,68,F,Green Town,Low,1,0,0,0,None,2021-07-30
P004824,31,F,Township Sector,Low,0,0,0,0,Government,2019-06-25
P004825,56,F,Askari,Medium,0,0,0,4,,2023-12-22
P004826,30,M,Allama Iqbal Town,High,0,0,0,0,Government,2022-12-12
P004827,34,F,Johar Town,Medium,0,0,0,0,None,2022-06-03
P004828,38,M,Township Colony,Medium,0,0,0,3,None,2023-02-20
P004829,65,F,Samanabad,Low,1,1,0,0,None,2024-08-09
P004830,8,F,Green Town,,0,0,0,0,None,2022-10-28
P004831,18,F,EME Society,Medium,0,0,0,0,Government,2020-08-10
P004832,7,F,,High,0,0,0,0,None,2022-12-05
P004833,22,F,Iqbal Town,Medium,0,0,0,0,,2023-10-17
P004834,27,F,Shalimar,Low,1,0,0,0,Government,2024-01-04
P004835,13,F,Askari,Low,1,0,0,4,None,2022-03-07
P004836,29,F,Cantt,Medium,0,0,0,0,Private,2021-04-17
P004837,6,F,Allama Iqbal Town,Low,0,0,0,0,None,2021-09-07
P004838,24,F,EME Society,Medium,0,1,0,0,None,2020-11-28
P004839,64,F,Model Town,,1,0,0,0,Government,2020-04-07
P004840,49,F,Garden Town,Low,0,0,0,0,Government,2023-12-03
P004841,45,M,Township Sector,,0,0,0,0,None,2024-09-14
P004842,24,M,Township,Medium,1,0,0,0,None,2020-12-31
P004843,14,M,Township,,0,0,0,0,,2022-07-08
P004844,21,F,Gulberg,Low,0,0,0,0,Private,2024-09-30
P004845,41,M,Township,Low,0,0,0,0,None,2021-03-21
P004846,58,M,Garden Town,Low,0,0,0,1,Government,2023-04-28
P004847,58,F,Township Colony,Low,0,0,0,0,Government,2023-11-18
P004848,53,F,Askari,Medium,0,1,0,1,,2023-03-18
P004849,29,M,Iqbal Town,Low,0,0,0,2,Government,2022-01-09
P004850,42,M,Valencia,Low,0,0,0,0,None,2024-06-10
P004851,36,M,Model Town,High,1,0,0,0,Government,2021-01-19
P004852,38,M,Model Town,Low,0,0,0,0,None,2023-08-06
P004853,79,M,Askari,,1,0,0,0,None,2020-06-30
P004854,10,M,Valencia,High,0,0,0,0,Government,2019-04-04
P004855,38,F,Bahria Town,Medium,0,0,0,0,,2023-12-13
P004856,64,F,Gulberg,Low,0,1,1,0,Government,2021-09-30
P004857,16,M,Allama Iqbal Town,High,0,0,0,0,Private,2023-01-15
P004858,30,F,Garden Town,Medium,0,1,0,0,Government,2021-04-07
P004859,32,F,Shalimar,Low,0,0,0,0,None,2021-10-21
P004860,38,F,Faisal Town,Low,0,0,0,2,None,2021-07-20
P004861,13,F,Johar Town,High,0,0,0,0,Government,2022-06-30
P004862,53,F,Township,Low,1,1,0,0,Government,2020-09-08
P004863,54,M,Wapda Town,Medium,0,0,0,0,Government,2020-03-31
P004864,51,F,Cantt,Low,0,0,0,0,None,2020-04-29
P004865,26,F,EME Society,Low,1,0,0,0,None,2022-09-03
P004866,44,F,Bahria Town,,0,0,0,2,Private,2022-04-04
P004867,26,M,Township,,1,0,0,0,None,2024-10-24
P004868,36,M,Model Town,Low,0,0,0,0,Private,2023-06-15
P004869,81,M,Garden Town,Low,1,0,0,0,None,2020-07-10
P004870,44,F,Valencia,Medium,1,0,1,1,None,2020-02-08
P004871,21,,EME Society,Medium,0,1,0,0,Private,2020-03-08
P004872,45,M,,Medium,0,0,0,0,None,2020-08-27
P004873,18,M,Cantt,Low,0,0,0,0,Government,2023-07-07
P004874,20,F,Allama Iqbal Town,High,0,1,0,0,Government,2022-12-26
P004875,23,M,Gulberg,Low,0,0,0,0,None,2020-09-08
P004876,34,M,Allama Iqbal Town,Low,0,0,0,0,Private,2023-01-03
P004877,59,F,Johar Town,Low,0,0,0,0,Government,2020-04-02
P004878,52,F,Gulberg,Low,0,0,0,0,Government,2019-07-08
P004879,51,F,Johar Town,Medium,1,0,0,0,Government,2021-05-29
P004880,22,F,EME Society,Low,1,0,0,0,Government,2019-06-19
P004881,32,M,Shalimar,Medium,0,0,0,0,None,2023-11-05
P004882,47,F,Township Sector,,1,0,0,0,None,2021-12-25
P004883,31,M,Shalimar,Low,1,0,0,0,Private,2022-09-22
P004884,37,M,Township Sector,,0,0,0,1,None,2024-01-07
P004885,50,M,Wapda Town,Medium,0,0,0,0,Government,2023-04-16
P004886,36,F,Valencia,Low,0,0,0,0,Government,2020-05-01
P004887,46,F,Defence,Low,0,1,0,0,Private,2021-04-22
P004888,71,F,Garden Town,Medium,1,0,0,0,Private,2024-12-26
P004889,39,M,Township Sector,,0,0,0,1,Government,2021-12-03
P004890,63,F,Township Colony,Medium,0,1,0,0,None,2024-12-27
P004891,52,M,Faisal Town,,1,0,0,0,Private,2022-05-05
P004892,16,F,Model Town,Low,0,0,0,0,Government,2022-08-13
P004893,22,F,Allama Iqbal Town,High,1,1,0,0,None,2022-07-25
P004894,27,M,Defence,Low,1,0,0,0,None,2024-10-04
P004895,27,M,Township Sector,Low,0,0,0,0,None,2022-07-28
P004896,40,F,Allama Iqbal Town,,0,0,0,0,None,2021-05-10
P004897,53,M,Shalimar,Low,0,0,0,4,Government,2021-09-19
P004898,65,F,,Medium,0,0,0,3,Government,2022-01-03
P004899,48,M,Johar Town,Low,1,0,0,0,Private,2020-04-05
P004900,34,F,Samanabad,Medium,0,0,0,0,Private,2023-03-21
P004901,5,F,Faisal Town,,0,0,0,0,None,2021-03-24
P004902,43,F,Faisal Town,Medium,0,0,0,2,None,2019-06-04
P004903,42,F,Model Town,Medium,0,0,0,0,Private,2021-04-26
P004904,45,M,Township,Low,0,0,0,0,None,2023-08-12
P004905,80,F,Valencia,Medium,0,1,0,0,Private,2023-08-02
P004906,64,F,EME Society,,0,0,0,1,None,2024-08-13
P004907,56,F,Township,Medium,1,1,0,0,None,2024-08-31
P004908,25,F,Johar Town,Low,0,0,0,0,Private,2022-06-02
P004909,33,M,Gulberg,Low,0,0,0,2,,2022-05-05
P004910,40,F,Model Town,Low,0,0,0,0,Government,2020-04-24
P004911,28,M,Gulberg,Medium,0,0,0,0,Government,2024-08-19
P004912,51,M,Shalimar,High,0,0,0,0,Private,2019-10-13
P004913,48,F,Samanabad,High,0,0,0,0,None,2024-11-29
P004914,22,M,Township Sector,Medium,0,0,0,0,Private,2020-04-21
P004915,64,F,Township,Medium,0,0,0,0,None,2024-05-10
P004916,44,F,Valencia,Medium,1,0,0,3,None,2020-03-17
P004917,11,F,Model Town,Low,0,0,0,0,,2023-05-23
P004918,41,F,Bahria Town,Medium,0,0,0,0,Private,2024-02-27
P004919,47,F,Green Town,Medium,0,0,0,0,Government,2023-05-08
P004920,60,F,EME Society,Low,0,0,0,0,None,2019-10-28
P004921,36,M,Garden Town,Low,0,0,1,0,Private,2024-09-09
P004922,57,F,Samanabad,Low,0,0,0,0,,2024-10-25
P004923,45,M,Allama Iqbal Town,Medium,0,1,0,2,None,2022-11-28
P004924,18,F,Valencia,Low,0,0,0,0,Government,2023-09-02
P004925,17,M,Bahria Town,Low,0,0,0,0,None,2021-08-03
P004926,62,F,Defence,Low,0,0,0,0,None,2023-05-24
P004927,64,F,Model Town,Medium,0,0,0,0,None,2024-12-06
P004928,48,F,Faisal Town,High,0,0,0,0,None,2022-09-13
P004929,69,M,Bahria Town,High,0,1,0,0,None,2020-08-26
P004930,61,M,Askari,Medium,0,0,0,1,,2019-04-09
P004931,54,F,Johar Town,Low,0,0,0,2,None,2023-01-09
P004932,26,M,Garden Town,Low,1,0,0,0,None,2023-04-24
P004933,73,M,Allama Iqbal Town,Medium,0,1,0,0,None,2023-10-22
P004934,52,M,Defence,Medium,0,0,0,0,None,2021-04-17
P004935,35,F,Iqbal Town,Medium,0,0,0,0,Private,2023-06-03
P004936,30,M,Askari,Low,0,0,0,0,Private,2019-09-28
P004937,47,M,Defence,High,1,1,0,0,,2023-09-04
P004938,12,F,Shalimar,Low,0,0,0,0,None,2023-12-28
P004939,55,F,Township Sector,Medium,1,0,0,0,,2020-09-13
P004940,25,F,Faisal Town,High,0,1,0,0,Government,2020-12-31
P004941,49,M,Gulberg,Medium,0,1,0,0,Private,2023-12-23
P004942,33,F,Askari,,0,0,0,0,None,2022-08-12
P004943,37,F,EME Society,Medium,0,0,0,0,None,2022-01-02
P004944,28,F,Iqbal Town,Medium,0,0,0,0,Private,2019-12-09
P004945,39,M,Valencia,Medium,0,1,0,0,None,2023-11-11
P004946,76,M,EME Society,Medium,1,1,0,0,Government,2019-10-08
P004947,67,F,Iqbal Town,Low,1,0,0,0,Private,2021-07-31
P004948,48,F,Garden Town,Medium,0,0,0,0,Government,2021-09-04
P004949,42,M,Gulberg,Medium,0,1,0,0,None,2023-04-28
P004950,57,F,Garden Town,Medium,1,0,0,0,None,2019-04-05
P004951,62,F,EME Society,Medium,0,0,0,0,None,2019-01-29
P004952,27,M,Green Town,Low,0,0,0,2,None,2022-09-07
P004953,41,F,Model Town,Medium,0,0,0,0,Private,2021-03-01
P004954,9,F,Shalimar,High,0,0,0,0,None,2019-06-22
P004955,62,F,Defence,Low,0,0,0,0,None,2023-08-25
P004956,79,M,Iqbal Town,Low,0,1,0,0,None,2022-02-18
P004957,43,M,Valencia,Low,1,1,0,0,None,2022-09-15
P004958,4,F,Samanabad,Medium,0,0,0,1,,2021-02-28
P004959,53,M,Faisal Town,Low,1,0,0,0,Private,2020-04-25
P004960,26,M,Township Colony,Medium,0,0,0,2,Private,2020-12-09
P004961,30,M,Township Sector,Low,0,0,0,1,None,2024-06-04
P004962,53,F,Gulberg,Low,0,1,0,2,None,2023-08-12
P004963,47,F,Defence,Low,0,0,0,0,None,2024-02-21
P004964,33,M,Samanabad,Low,0,0,0,0,Government,2021-11-04
P004965,30,F,EME Society,Medium,0,0,0,0,Private,2024-04-18
P004966,44,F,Model Town,High,0,0,0,0,,2020-02-28
P004967,35,F,Askari,Medium,0,0,0,0,Government,2022-12-30
P004968,22,M,Valencia,High,0,0,0,0,None,2021-04-28
P004969,36,F,EME Society,Low,0,1,0,0,None,2020-02-21
P004970,48,F,Samanabad,High,0,0,0,0,None,2021-04-25
P004971,39,M,Township Colony,Medium,0,0,0,0,Private,2023-01-07
P004972,17,F,Green Town,Medium,0,0,1,4,None,2022-03-04
P004973,60,F,,Medium,0,0,0,0,Private,2024-05-07
P004974,0,F,Shalimar,,0,0,0,0,Private,2022-11-17
P004975,34,F,Township Colony,,1,0,0,0,Government,2022-04-28
P004976,31,M,,Low,1,0,0,0,None,2020-11-01
P004977,45,F,Defence,,0,0,0,0,Government,2023-10-25
P004978,52,M,Askari,Medium,0,1,0,0,Government,2020-11-19
P004979,62,F,Shalimar,High,1,0,0,0,Private,2019-11-15
P004980,29,F,Green Town,Low,0,0,0,0,Government,2023-10-06
P004981,53,F,Shalimar,Medium,0,0,0,0,None,2023-04-14
P004982,46,F,Bahria Town,Medium,0,0,0,2,Government,2020-01-30
P004983,11,F,Green Town,Low,0,0,0,1,None,2024-11-25
P004984,76,F,Defence,Low,0,0,0,0,,2022-12-03
P004985,16,M,Defence,Medium,0,0,1,0,Private,2022-04-01
P004986,50,F,Allama Iqbal Town,Medium,0,0,0,2,,2024-12-04
P004987,49,M,Township Colony,Low,0,0,0,0,None,2023-05-30
P004988,47,F,Askari,Low,0,1,0,0,None,2023-09-09
P004989,33,F,Johar Town,Low,0,1,0,0,None,2022-06-04
P004990,57,M,Gulberg,High,0,0,0,0,Government,2020-08-07
P004991,14,F,Township Colony,,0,0,0,0,None,2019-05-31
P004992,41,F,Iqbal Town,Low,0,0,0,0,None,2019-03-15
P004993,32,F,Samanabad,Medium,1,0,0,0,Private,2020-06-15
P004994,30,F,Township,High,0,1,0,0,Government,2020-09-24
P004995,50,M,Bahria Town,Low,0,0,0,0,Private,2020-11-24
P004996,61,F,Shalimar,Low,0,0,0,0,None,2019-01-08
P004997,36,M,Allama Iqbal Town,Low,0,0,0,0,Government,2020-10-30
P004998,56,F,Wapda Town,Low,0,0,0,0,Government,2022-07-06
P004999,43,F,Askari,Medium,0,0,0,0,None,2022-02-10
P005000,26,F,Wapda Town,Medium,1,0,0,0,Government,2021-10-01
P005001,37,F,Garden Town,,0,0,0,0,Private,2024-05-13
P005002,37,M,Valencia,,0,0,0,1,Private,2022-08-09
P005003,29,M,Allama Iqbal Town,Medium,1,0,0,0,None,2022-06-18
P005004,50,F,Iqbal Town,Low,0,1,0,0,Government,2023-09-29
P005005,46,F,Bahria Town,Low,0,0,0,0,None,2024-06-11
P005006,13,M,,Low,0,0,0,0,,2020-05-22
P005007,12,F,Samanabad,High,0,0,0,0,Private,2024-03-26
P005008,50,F,Faisal Town,Medium,0,0,0,0,None,2021-03-26
P005009,27,F,Valencia,Medium,0,0,0,0,None,2024-06-09
P005010,47,F,Cantt,Medium,0,0,0,0,None,2021-10-06
P005011,56,F,Township,,0,0,0,0,Government,2023-02-28
P005012,19,F,Garden Town,Medium,0,0,0,0,None,2023-08-12
P005013,17,M,Model Town,Medium,0,0,0,0,None,2021-05-16
P005014,72,F,Shalimar,High,1,0,0,0,Private,2021-09-24
P005015,48,M,EME Society,Medium,0,0,0,0,Private,2021-01-30
P005016,34,M,Green Town,Low,0,0,0,0,Government,2020-04-07
P005017,25,F,Cantt,High,0,0,0,4,None,2024-11-27
P005018,33,F,Iqbal Town,Medium,0,0,0,0,Government,2024-05-15
P005019,21,F,Wapda Town,Low,0,0,0,0,None,2019-06-25
P005020,58,M,Johar Town,Low,0,0,0,0,,2019-05-18
P005021,28,F,Shalimar,Low,0,0,0,0,None,2023-10-25
P005022,62,M,Cantt,Medium,0,1,0,0,Government,2022-11-01
P005023,35,M,Johar Town,Medium,0,0,0,0,None,2023-05-18
P005024,23,M,Askari,Low,0,0,0,0,None,2020-10-31
P005025,34,F,Allama Iqbal Town,Low,1,0,0,0,Government,2022-07-14
P005026,0,F,Bahria Town,,0,0,1,0,Private,2021-12-04
P005027,40,M,Cantt,Medium,1,0,0,0,Private,2019-03-13
P005028,39,M,EME Society,Low,0,0,0,0,Private,2024-10-18
P005029,57,F,Allama Iqbal Town,Low,1,0,0,0,Private,2024-10-18
P005030,8,M,Township Sector,High,0,0,0,0,None,2022-07-25
P005031,63,F,Cantt,High,0,0,0,0,Government,2019-10-05
P005032,57,M,Wapda Town,Low,1,0,0,0,None,2023-01-12
P005033,65,F,Wapda Town,Medium,1,1,0,0,,2020-05-30
P005034,41,F,Wapda Town,,1,1,0,0,None,2022-11-28
P005035,60,M,Johar Town,Low,0,0,0,0,Private,2020-03-11
P005036,16,F,Gulberg,High,0,0,0,0,Government,2023-04-23
P005037,55,F,Valencia,Medium,1,0,0,0,None,2021-09-19
P005038,28,M,Askari,Medium,1,1,0,0,None,2021-08-30
P005039,12,M,Askari,Medium,0,0,0,0,None,2024-12-07
P005040,22,M,Garden Town,,0,0,1,0,Private,2019-02-07
P005041,42,F,Cantt,Medium,0,0,0,0,None,2024-06-16
P005042,27,F,EME Society,Medium,0,0,0,0,None,2024-05-02
P005043,49,M,Wapda Town,Low,0,0,0,0,Government,2024-08-31
P005044,9,F,Askari,Medium,1,0,0,0,None,2022-05-14
P005045,4,F,Askari,High,0,0,0,0,Private,2019-01-09
P005046,67,F,Model Town,High,1,0,0,0,Government,2024-06-23
P005047,58,F,Model Town,Medium,0,1,0,0,None,2023-01-16
P005048,23,M,Model Town,Low,0,0,0,0,None,2023-06-01
P005049,42,F,Iqbal Town,Low,0,1,0,0,None,2020-07-14
P005050,60,F,Model Town,Low,0,0,0,0,Government,2023-07-08
P005051,50,M,,Medium,1,1,0,1,Private,2019-12-24
P005052,45,M,Green Town,Medium,0,0,0,0,None,2022-11-30
P005053,62,F,Faisal Town,High,1,0,0,0,None,2023-03-19
P005054,29,M,Township Sector,Low,0,0,0,0,None,2024-10-06
P005055,43,F,Faisal Town,,1,0,0,3,Private,2024-04-06
P005056,42,M,Valencia,High,0,0,0,0,Private,2023-10-06
P005057,37,F,Township Sector,Medium,0,1,0,0,Private,2023-04-11
P005058,35,F,Valencia,High,0,0,0,0,Government,2021-08-11
P005059,43,F,Iqbal Town,Medium,0,0,0,0,None,2022-09-10
P005060,43,M,,Low,0,1,0,0,Private,2020-08-21
P005061,23,F,Township,Low,1,1,0,0,None,2023-08-26
P005062,56,F,Allama Iqbal Town,Low,1,0,0,0,None,2021-05-15
P005063,24,M,Shalimar,Low,0,0,0,0,Government,2024-02-19
P005064,38,F,Allama Iqbal Town,Medium,0,1,0,0,None,2020-02-03
P005065,37,M,Township Colony,Low,0,0,0,0,Government,2019-07-31
P005066,48,F,Bahria Town,Low,1,0,0,0,Government,2020-06-05
P005067,4,F,Cantt,Low,0,0,0,0,Government,2021-08-31
P005068,58,F,Wapda Town,Medium,0,0,0,0,Private,2019-12-22
P005069,30,F,Johar Town,High,0,0,0,0,None,2022-04-04
P005070,64,F,Shalimar,,0,1,0,0,None,2019-05-05
P005071,33,F,Gulberg,Medium,0,0,1,3,Private,2023-10-04
P005072,41,M,EME Society,High,0,0,0,0,Private,2021-05-10
P005073,76,F,Defence,Medium,0,0,0,0,Government,2023-12-01
P005074,37,F,Johar Town,,1,0,0,0,Private,2023-07-21
P005075,64,M,Model Town,Medium,0,0,0,0,Government,2024-05-30
P005076,43,F,EME Society,High,1,0,0,0,Government,2019-06-01
P005077,49,M,EME Society,Low,1,0,0,0,None,2022-02-27
P005078,43,M,Green Town,Medium,0,0,0,0,,2022-11-06
P005079,57,F,Valencia,Medium,0,1,0,0,None,2020-04-21
P005080,30,M,Green Town,Low,0,0,0,1,Private,2024-11-15
P005081,24,M,Wapda Town,Medium,0,0,0,0,Private,2024-04-12
P005082,31,F,Gulberg,Medium,0,0,0,0,None,2021-09-21
P005083,44,M,Cantt,,1,1,0,0,None,2024-10-06
P005084,38,F,Bahria Town,High,1,0,0,0,Government,2020-08-28
P005085,55,M,Bahria Town,Medium,0,0,0,0,Government,2024-10-10
P005086,65,F,Shalimar,Medium,0,1,0,0,None,2022-09-24
P005087,24,F,Model Town,High,0,1,0,0,Private,2019-02-16
P005088,29,M,Township,,0,0,0,1,None,2023-02-06
P005089,16,F,Faisal Town,Low,0,0,0,1,None,2023-11-21
P005090,79,M,Defence,Medium,1,1,0,0,None,2020-10-04
P005091,47,M,Allama Iqbal Town,Medium,0,0,1,0,Private,2022-11-06
P005092,51,M,Township Sector,Medium,0,0,1,0,,2021-05-23
P005093,18,M,Garden Town,Medium,0,0,0,0,Private,2024-11-27
P005094,42,M,Gulberg,Low,0,1,0,0,None,2024-08-19
P005095,51,M,Township Sector,Medium,0,0,0,3,None,2022-05-28
P005096,37,M,Cantt,Medium,0,0,0,0,Government,2022-02-27
P005097,61,F,Iqbal Town,High,1,1,0,0,Government,2019-06-30
P005098,84,M,Green Town,Low,0,0,0,0,None,2024-12-01
P005099,25,F,EME Society,Medium,0,0,0,0,Private,2022-12-07
P005100,24,F,Cantt,Medium,0,0,0,0,Government,2022-01-19
P005101,26,F,Cantt,Medium,0,0,0,0,Government,2021-02-08
P005102,71,F,Green Town,Low,0,1,0,0,None,2019-12-25
P005103,61,F,Model Town,Low,0,1,0,0,None,2020-05-01
P005104,40,F,Cantt,Low,0,0,0,0,None,2023-10-16
P005105,43,M,Garden Town,Medium,0,1,0,0,Private,2020-09-07
P005106,27,M,Township,Medium,1,0,0,0,Government,2024-02-24
P005107,58,M,Township,Medium,0,0,0,0,None,2024-12-27
P005108,35,M,Johar Town,Medium,0,1,0,0,Government,2019-03-08
P005109,37,M,,Low,1,1,0,0,None,2023-11-04
P005110,53,M,Faisal Town,Low,0,0,0,1,Private,2020-05-26
P005111,39,F,Valencia,Medium,0,0,0,0,Government,2022-01-08
P005112,38,M,Township,Medium,0,0,0,0,Private,2021-09-13
P005113,42,F,Model Town,Medium,0,0,0,0,None,2021-01-17
P005114,56,F,Valencia,Medium,1,1,0,0,None,2024-07-08
P005115,72,F,Faisal Town,High,1,0,0,0,None,2020-04-15
P005116,53,M,Green Town,High,0,0,0,0,Government,2024-04-20
P005117,56,M,Johar Town,,1,0,0,0,None,2024-03-16
P005118,38,F,Gulberg,Low,1,0,0,2,None,2022-12-02
P005119,29,M,Green Town,Low,0,1,0,0,None,2023-05-17
P005120,54,F,Defence,Medium,1,0,0,0,Private,2023-07-31
P005121,45,F,Gulberg,Medium,0,1,0,0,None,2023-02-04
P005122,16,F,Samanabad,Low,1,0,0,0,None,2019-11-13
P005123,36,F,Township,Low,1,0,0,0,,2021-03-25
P005124,41,M,Wapda Town,High,0,1,0,4,,2022-05-27
P005125,33,F,Cantt,Low,0,0,0,0,None,2021-11-26
P005126,69,F,Iqbal Town,,1,0,0,0,None,2023-09-10
P005127,51,F,Wapda Town,High,0,0,0,0,Private,2024-09-06
P005128,67,M,Iqbal Town,,0,0,0,0,None,2020-05-30
P005129,47,M,Bahria Town,Low,0,1,0,0,None,2023-11-16
P005130,43,M,Bahria Town,High,0,0,0,0,None,2019-10-02
P005131,25,M,Johar Town,Medium,0,0,0,0,Government,2024-10-17
P005132,42,M,Askari,Low,0,0,0,0,Private,2022-08-06
P005133,42,F,Askari,Medium,1,0,0,0,None,2024-10-04
P005134,17,F,Gulberg,Low,0,0,0,0,Government,2024-07-07
P005135,32,F,Wapda Town,,1,0,0,0,Government,2019-02-18
P005136,36,F,Allama Iqbal Town,High,0,1,0,0,Private,2024-11-02
P005137,49,F,Gulberg,Medium,0,0,0,0,Government,2024-11-23
P005138,50,F,Township,High,0,0,0,1,None,2021-07-22
P005139,32,F,Township Colony,Medium,0,0,0,0,None,2021-09-14
P005140,50,F,Cantt,High,1,0,0,0,Private,2021-10-20
P005141,39,F,Gulberg,Medium,0,0,0,0,,2022-04-19
P005142,0,F,Askari,Low,1,0,0,0,None,2022-10-03
P005143,33,M,Cantt,High,1,0,0,0,None,2019-06-25
P005144,61,M,Bahria Town,,0,0,0,0,Government,2019-03-24
P005145,12,F,Defence,Low,1,1,0,0,None,2019-05-18
P005146,44,F,EME Society,Medium,1,0,0,0,None,2022-04-03
P005147,71,F,Valencia,Low,0,0,0,3,Government,2022-05-08
P005148,28,F,Shalimar,Low,0,0,0,1,None,2022-10-06
P005149,42,F,Gulberg,,0,1,0,0,Private,2020-06-25
P005150,19,F,EME Society,Medium,0,0,0,0,None,2019-10-01
P005151,71,M,,Low,0,0,0,0,None,2020-08-25
P005152,41,M,Wapda Town,Low,0,0,0,3,None,2023-12-21
P005153,43,M,EME Society,High,0,0,0,0,Government,2021-09-10
P005154,66,M,Cantt,Medium,0,0,0,0,None,2022-03-18
P005155,54,M,Bahria Town,Medium,0,1,0,1,Private,2019-08-25
P005156,26,M,Bahria Town,Low,0,0,0,2,Private,2024-03-16
P005157,30,M,Green Town,Low,1,1,0,0,Government,2020-01-20
P005158,51,M,Askari,Medium,0,1,0,0,None,2022-04-29
P005159,31,M,Garden Town,Low,0,0,0,0,None,2024-12-17
P005160,4,M,Garden Town,Medium,0,0,0,0,Government,2020-11-05
P005161,41,F,Bahria Town,High,1,0,0,0,Government,2021-10-23
P005162,15,F,Cantt,Low,1,0,0,1,None,2021-03-31
P005163,71,F,Township Colony,Medium,1,0,0,0,Government,2020-09-29
P005164,45,F,Johar Town,,0,1,0,0,Private,2024-09-22
P005165,26,F,Township Colony,Low,0,0,0,0,None,2023-05-23
P005166,29,F,Iqbal Town,Medium,0,0,0,3,Private,2021-09-14
P005167,8,F,Iqbal Town,,0,0,0,0,Private,2022-08-10
P005168,22,F,Gulberg,Low,0,0,0,0,Government,2022-01-18
P005169,60,M,Shalimar,Medium,0,0,0,1,None,2024-09-11
P005170,82,F,,Medium,0,0,0,1,None,2023-07-20
P005171,55,F,Wapda Town,Medium,0,0,0,1,Government,2020-11-24
P005172,40,F,Garden Town,High,0,0,0,0,None,2023-11-21
P005173,34,F,Samanabad,,1,0,0,0,,2021-06-22
P005174,25,M,Township Colony,Medium,0,1,0,0,Government,2024-07-08
P005175,79,M,Garden Town,High,0,1,0,0,None,2019-02-15
P005176,39,F,Model Town,Medium,0,1,0,0,None,2023-02-26
P005177,80,F,Allama Iqbal Town,Low,0,1,0,0,,2022-10-19
P005178,67,F,Defence,,1,0,0,0,None,2020-10-14
P005179,11,M,Valencia,Low,0,0,0,0,None,2022-09-12
P005180,30,M,Iqbal Town,Low,0,0,0,0,Government,2019-11-24
P005181,30,M,Allama Iqbal Town,Medium,0,0,0,0,None,2019-12-17
P005182,41,F,Model Town,Low,0,0,0,2,None,2021-10-02
P005183,41,M,Cantt,High,0,0,0,0,None,2024-01-24
P005184,95,M,Shalimar,Medium,1,0,0,0,,2019-07-26
P005185,23,M,Samanabad,Low,0,0,0,0,Private,2020-07-06
P005186,46,F,Gulberg,High,0,1,0,0,None,2024-06-24
P005187,53,F,Gulberg,Medium,1,0,0,0,None,2021-08-25
P005188,42,F,Township Colony,Low,0,1,0,0,Private,2024-11-15
P005189,44,F,Askari,Low,0,1,0,1,Private,2020-03-27
P005190,23,M,EME Society,Medium,0,0,0,0,Government,2022-02-15
P005191,44,F,Defence,,0,1,0,0,Private,2021-02-20
P005192,51,F,Wapda Town,,0,1,0,0,None,2019-03-26
P005193,48,M,Garden Town,High,1,0,0,0,Private,2024-05-11
P005194,52,F,Green Town,Medium,0,0,0,0,None,2020-10-10
P005195,67,M,Allama Iqbal Town,High,1,0,0,0,None,2019-06-07
P005196,59,M,Samanabad,Medium,0,0,0,0,Government,2021-04-30
P005197,43,M,Iqbal Town,,0,0,1,0,None,2022-03-02
P005198,21,M,Township Colony,Low,0,0,0,0,Private,2021-05-05
P005199,31,F,Township,Medium,0,1,0,0,Government,2020-11-14
P005200,38,F,Iqbal Town,Medium,0,0,0,0,,2023-03-20
P005201,47,M,Allama Iqbal Town,Medium,0,1,0,2,,2023-03-19
P005202,33,F,Township Colony,Medium,1,0,0,0,None,2024-11-19
P005203,25,F,EME Society,Medium,1,0,0,0,None,2019-10-17
P005204,21,M,Model Town,Medium,0,0,0,0,Private,2019-02-23
P005205,12,F,Valencia,Medium,0,1,0,0,Government,2024-02-22
P005206,38,F,Faisal Town,Medium,0,0,0,0,,2024-10-15
P005207,16,F,Bahria Town,High,0,0,0,1,None,2022-12-10
P005208,24,F,Green Town,Low,0,1,0,0,Government,2024-07-01
P005209,35,M,Green Town,Medium,0,0,0,0,None,2022-08-21
P005210,18,F,Faisal Town,Medium,0,1,0,0,None,2024-02-18
P005211,49,F,Gulberg,Medium,1,0,0,0,Government,2021-11-23
P005212,55,F,Bahria Town,Medium,1,0,0,0,Private,2021-08-13
P005213,32,M,Askari,High,0,0,0,0,Government,2022-05-10
P005214,34,F,Defence,Medium,1,0,0,0,Private,2021-05-07
P005215,52,F,Bahria Town,High,1,1,0,0,Private,2021-04-19
P005216,29,M,Johar Town,Medium,0,0,0,0,Government,2021-11-16
P005217,28,F,Township Colony,High,0,0,0,0,None,2022-10-31
P005218,64,M,Faisal Town,High,0,0,0,0,Government,2022-12-02
P005219,58,F,Faisal Town,Medium,0,0,0,0,Private,2019-02-09
P005220,53,F,Cantt,High,1,0,0,0,None,2020-07-29
P005221,59,F,Gulberg,Medium,0,0,0,0,None,2020-07-15
P005222,6,M,Askari,Medium,0,0,0,0,None,2021-05-26
P005223,66,F,Green Town,,0,0,0,0,Government,2022-10-28
P005224,49,F,Valencia,Medium,0,0,0,0,None,2024-10-02
P005225,60,F,Iqbal Town,,0,0,0,2,Government,2023-04-25
P005226,49,F,Gulberg,,1,1,0,0,Private,2019-06-11
P005227,43,M,Township Sector,Medium,0,1,0,0,None,2023-01-29
P005228,37,M,Valencia,Medium,0,0,1,0,Private,2020-03-19
P005229,49,F,Green Town,Low,1,1,0,0,Private,2023-04-07
P005230,36,F,Garden Town,,0,0,0,0,None,2019-04-01
P005231,58,F,Wapda Town,Low,1,1,0,0,Government,2021-02-12
P005232,13,M,,Medium,0,0,0,1,Government,2022-07-23
P005233,32,F,Shalimar,Low,1,0,0,2,Government,2020-03-29
P005234,79,F,Township Sector,Low,1,1,0,1,None,2022-02-12
P005235,31,M,Iqbal Town,Low,0,1,0,0,None,2021-08-01
P005236,38,M,Green Town,Low,0,0,0,0,Government,2019-05-24
P005237,26,F,,Low,0,0,0,2,,2021-03-09
P005238,48,F,Defence,Low,0,0,0,1,Private,2021-10-08
P005239,29,M,,Medium,0,0,0,0,,2022-05-27
P005240,39,M,Garden Town,Medium,0,1,0,0,Private,2020-03-03
P005241,57,F,Garden Town,High,0,0,0,0,None,2023-11-15
P005242,29,,Green Town,Low,1,1,0,0,,2022-11-15
P005243,56,F,EME Society,Low,0,1,0,0,Private,2023-08-16
P005244,57,F,,Low,0,0,0,0,Government,2023-11-06
P005245,61,F,Model Town,Medium,1,1,0,0,Private,2023-07-25
P005246,45,M,Defence,Low,0,0,0,0,Government,2019-08-23
P005247,95,F,Johar Town,Low,0,1,1,0,Government,2021-04-14
P005248,61,F,Samanabad,Medium,0,1,0,0,None,2023-07-12
P005249,48,M,Allama Iqbal Town,Low,0,0,0,0,,2021-04-23
P005250,26,F,Township Sector,Medium,0,1,0,0,None,2021-08-23
P005251,40,F,Johar Town,Medium,0,0,0,3,Private,2021-06-04
P005252,68,M,Iqbal Town,High,0,0,0,0,Government,2022-01-28
P005253,73,F,Township,Medium,1,0,0,0,None,2019-03-09
P005254,69,M,Samanabad,Low,0,1,0,0,Private,2021-09-11
P005255,56,F,Gulberg,Medium,0,0,0,0,None,2022-10-25
P005256,19,F,Valencia,Low,0,0,0,0,None,2023-04-19
P005257,51,M,Defence,Low,0,0,1,0,None,2022-08-07
P005258,20,F,Askari,Medium,0,1,1,0,Private,2023-04-09
P005259,15,F,Green Town,Low,0,0,0,0,Government,2019-05-24
P005260,46,F,Model Town,Low,0,1,0,0,Government,2022-07-09
P005261,51,M,,Medium,0,0,0,0,,2022-12-16
P005262,58,F,Askari,Medium,0,1,0,0,None,2020-05-10
P005263,51,M,Valencia,Low,0,1,0,0,None,2021-05-10
P005264,52,M,Garden Town,Medium,0,0,0,0,None,2021-04-12
P005265,24,F,Valencia,High,1,0,1,0,,2019-04-20
P005266,40,F,Cantt,Low,1,1,0,2,Government,2023-11-18
P005267,15,F,Model Town,Medium,0,1,0,0,Government,2022-06-19
P005268,6,M,Shalimar,Low,0,0,0,0,None,2020-11-16
P005269,55,F,Township Colony,High,0,1,0,0,Government,2024-09-28
P005270,28,M,Cantt,Low,0,1,0,0,Private,2024-07-03
P005271,58,F,Valencia,,1,0,0,0,None,2019-05-28
P005272,62,F,EME Society,High,0,0,0,0,None,2020-09-22
P005273,31,M,Samanabad,Medium,0,0,0,0,Government,2024-08-29
P005274,53,F,Township Sector,Low,1,0,0,2,None,2022-04-20
P005275,30,F,Garden Town,Medium,1,0,0,0,Private,2021-06-04
P005276,9,M,Valencia,High,0,0,0,0,None,2022-08-31
P005277,44,M,Township,Medium,0,0,0,0,Government,2023-09-05
P005278,34,,Askari,Low,0,0,0,0,Government,2020-01-05
P005279,34,F,Defence,Low,0,0,0,0,None,2020-05-27
P005280,78,F,Model Town,High,0,0,0,0,,2021-12-14
P005281,15,M,Garden Town,Low,0,0,1,2,None,2020-02-18
P005282,49,F,Allama Iqbal Town,,0,0,0,0,Private,2020-07-25
P005283,24,M,Gulberg,Low,0,0,0,1,Private,2019-10-26
P005284,58,M,Defence,Low,0,1,0,0,None,2020-06-07
P005285,47,M,Gulberg,Medium,1,0,0,0,None,2022-07-30
P005286,49,F,Askari,,0,0,0,0,Government,2021-12-03
P005287,25,F,Township,,1,0,0,0,None,2022-07-13
P005288,28,F,Defence,Low,0,0,0,0,Government,2020-10-14
P005289,59,,Township Sector,Low,1,0,0,0,Government,2023-06-29
P005290,74,F,Askari,Low,0,0,0,0,Government,2022-07-22
P005291,51,M,Gulberg,Low,0,0,0,0,Government,2019-02-21
P005292,26,F,,Medium,0,0,0,0,Private,2023-04-02
P005293,48,F,Green Town,Low,0,0,0,0,None,2022-12-13
P005294,86,F,Cantt,Low,0,0,0,4,Private,2023-05-14
P005295,44,M,Green Town,,0,1,0,0,,2022-07-05
P005296,68,F,Cantt,Medium,0,0,0,0,Private,2020-04-02
P005297,29,M,Defence,,0,0,0,0,None,2023-10-10
P005298,41,M,Johar Town,High,0,1,0,0,None,2021-01-07
P005299,53,F,Defence,Low,0,0,0,0,None,2020-05-02
P005300,49,M,Township,Low,0,0,0,0,None,2024-10-25
P005301,28,F,Faisal Town,Low,0,0,0,0,Private,2022-06-28
P005302,27,F,Cantt,Low,0,1,0,0,Private,2024-06-28
P005303,60,F,Wapda Town,High,1,0,0,1,None,2021-03-04
P005304,63,F,EME Society,Medium,1,0,0,0,Private,2024-07-08
P005305,69,M,Gulberg,Medium,0,1,0,0,None,2024-10-29
P005306,74,M,EME Society,,0,0,0,3,None,2022-08-25
P005307,44,F,Bahria Town,High,0,0,0,0,Private,2020-11-06
P005308,36,M,Township Colony,Medium,0,0,0,0,,2022-05-09
P005309,66,F,Johar Town,High,1,1,0,0,None,2022-07-16
P005310,55,F,Johar Town,Medium,1,0,0,0,Private,2022-03-11
P005311,24,M,Johar Town,Low,0,0,0,0,None,2020-11-29
P005312,23,F,Iqbal Town,Medium,0,0,0,0,None,2023-05-19
P005313,51,M,Green Town,High,0,0,0,1,None,2023-04-24
P005314,39,F,Wapda Town,Medium,0,0,0,0,None,2019-04-12
P005315,42,M,Model Town,Medium,0,0,0,0,,2022-10-15
P005316,61,F,Samanabad,High,1,0,0,0,None,2019-12-18
P005317,56,F,,Medium,0,0,0,3,None,2024-10-01
P005318,66,M,Allama Iqbal Town,,0,1,0,4,Government,2020-08-15
P005319,7,F,Allama Iqbal Town,Low,0,0,0,0,,2022-08-21
P005320,47,F,Township Sector,Low,0,0,0,0,None,2022-11-11
P005321,55,M,Model Town,Low,0,0,0,0,Government,2023-09-20
P005322,15,F,Wapda Town,High,0,0,0,0,Government,2020-08-02
P005323,30,F,Samanabad,High,0,0,0,2,Government,2023-12-03
P005324,27,F,Garden Town,Low,0,0,0,0,Government,2019-11-04
P005325,42,M,Township Colony,Low,0,0,1,0,Government,2019-01-23
P005326,71,M,Township Colony,Low,0,1,0,0,Private,2019-08-01
P005327,78,M,Valencia,Medium,0,1,0,0,Private,2019-04-09
P005328,27,F,Bahria Town,Medium,0,0,0,0,Private,2024-05-16
P005329,51,F,Askari,Medium,1,0,0,1,None,2019-06-25
P005330,52,,Valencia,Low,0,0,0,0,Government,2023-01-19
P005331,49,F,Iqbal Town,Low,0,0,0,0,None,2022-03-06
P005332,49,M,Allama Iqbal Town,High,0,1,0,0,None,2021-07-11
P005333,47,F,Bahria Town,Medium,0,0,0,0,None,2020-01-04
P005334,72,M,Johar Town,Low,1,1,0,0,Government,2019-08-04
P005335,62,M,Bahria Town,Low,1,0,0,0,None,2021-12-23
P005336,23,M,Green Town,Low,0,0,0,0,None,2022-10-24
P005337,56,F,Township Colony,Low,0,0,0,0,Private,2022-11-02
P005338,58,F,EME Society,Low,0,0,0,0,None,2022-09-21
P005339,48,M,Iqbal Town,Medium,1,0,0,0,Government,2021-05-26
P005340,62,M,Township Sector,Low,0,1,0,0,None,2019-01-16
P005341,45,F,Bahria Town,,0,0,0,1,Government,2023-10-28
P005342,46,M,Johar Town,Medium,0,0,0,2,Government,2020-12-04
P005343,44,M,Iqbal Town,Low,0,0,0,0,None,2022-12-25
P005344,6,F,Johar Town,Medium,1,1,0,0,None,2023-08-06
P005345,41,M,Samanabad,High,0,1,0,0,None,2024-12-15
P005346,30,F,Shalimar,,1,0,0,0,Private,2024-03-08
P005347,21,M,Gulberg,Medium,0,0,0,2,None,2024-03-22
P005348,68,F,Johar Town,Low,0,1,0,0,Private,2020-07-09
P005349,51,F,Wapda Town,Low,1,1,0,3,Private,2022-10-15
P005350,41,F,Johar Town,Low,0,0,0,0,Government,2021-09-04
P005351,32,M,Valencia,Medium,1,1,1,0,Government,2021-12-15
P005352,47,M,Cantt,Medium,0,1,0,2,None,2023-08-20
P005353,60,F,Cantt,Medium,0,0,0,0,,2024-09-06
P005354,27,F,Gulberg,,0,0,0,0,Private,2022-07-30
P005355,42,F,Allama Iqbal Town,Medium,1,0,0,0,Private,2019-10-05
P005356,58,F,Allama Iqbal Town,Low,1,0,0,0,Private,2021-02-12
P005357,7,M,Township Sector,Low,0,0,0,0,Private,2020-04-15
P005358,41,F,Askari,Medium,1,0,0,0,None,2024-10-28
P005359,34,M,Iqbal Town,Low,0,1,0,0,None,2024-10-18
P005360,40,M,Defence,Low,1,0,0,0,None,2022-01-22
P005361,33,F,Township,Medium,0,1,0,0,None,2020-03-06
P005362,44,F,Askari,Medium,1,1,0,0,None,2022-10-03
P005363,77,M,Johar Town,,1,0,0,0,Private,2024-08-17
P005364,36,M,Defence,Low,0,0,0,0,Government,2022-01-07
P005365,47,M,Bahria Town,Low,1,1,0,0,None,2020-05-18
P005366,78,F,Defence,Low,1,1,0,1,,2019-10-09
P005367,32,F,Gulberg,Low,0,0,0,0,Private,2022-08-11
P005368,75,M,Wapda Town,Low,1,1,1,0,Government,2022-04-10
P005369,42,F,Allama Iqbal Town,Low,0,0,0,1,,2021-01-19
P005370,74,M,Wapda Town,Medium,1,0,1,0,Private,2020-09-05
P005371,56,M,Defence,Medium,1,1,1,4,,2023-07-29
P005372,48,F,Township,Low,0,0,0,0,Private,2019-02-22
P005373,41,F,Gulberg,Low,0,0,0,0,Private,2023-04-19
P005374,31,F,Samanabad,Low,0,0,0,0,Government,2019-12-21
P005375,43,M,Bahria Town,Low,1,0,0,0,None,2024-11-15
P005376,58,F,Faisal Town,Medium,1,0,0,0,None,2024-07-21
P005377,42,F,Green Town,Low,0,0,0,0,Government,2019-07-09
P005378,36,M,Garden Town,Low,1,0,0,0,Government,2023-10-20
P005379,37,M,Township Sector,High,0,1,0,0,Private,2022-07-18
P005380,60,F,Township,,0,0,0,0,None,2019-02-18
P005381,64,M,Green Town,Low,1,0,0,1,Government,2020-12-23
P005382,30,F,Allama Iqbal Town,Medium,0,0,0,0,None,2022-08-27
P005383,30,M,Askari,Medium,0,0,0,0,Government,2019-11-08
P005384,49,M,Garden Town,,0,0,0,0,None,2022-07-12
P005385,69,F,Samanabad,High,0,0,0,4,None,2020-12-01
P005386,63,F,Model Town,Medium,0,1,0,1,None,2021-10-28
P005387,19,F,Iqbal Town,Low,0,0,1,1,Government,2019-11-22
P005388,37,M,Shalimar,Medium,0,0,0,1,Government,2019-11-12
P005389,25,M,Cantt,Low,0,0,0,0,Government,2024-08-19
P005390,37,F,Township Sector,Medium,0,0,0,0,Private,2024-08-11
P005391,71,M,Askari,High,0,1,0,1,Government,2023-11-10
P005392,16,F,Defence,Low,1,0,0,0,None,2022-02-12
P005393,13,M,Shalimar,High,0,0,0,1,,2024-07-22
P005394,27,M,Samanabad,Medium,0,0,0,0,Government,2023-05-24
P005395,47,F,Faisal Town,Low,0,0,0,0,None,2022-04-03
P005396,53,F,Township Sector,High,0,1,0,0,Private,2024-02-04
P005397,50,M,Faisal Town,Medium,0,0,0,0,Government,2024-03-08
P005398,63,M,Johar Town,Medium,0,0,0,0,Government,2024-10-09
P005399,10,F,Johar Town,Medium,0,0,0,0,Government,2024-12-18
P005400,63,,Green Town,Low,0,0,0,0,None,2019-08-28
P005401,36,F,Faisal Town,Low,1,0,0,0,Government,2024-11-15
P005402,55,F,Cantt,Medium,1,1,0,0,Private,2021-04-21
P005403,18,M,Township,High,0,0,0,0,None,2022-12-09
P005404,42,F,Allama Iqbal Town,Medium,0,0,0,0,Private,2022-02-24
P005405,46,M,Samanabad,,0,0,0,0,Government,2020-11-13
P005406,63,M,EME Society,High,1,0,0,0,None,2022-06-20
P005407,13,F,EME Society,Low,1,0,0,0,Government,2022-06-30
P005408,43,F,Township Colony,Medium,0,0,0,4,None,2024-06-16
P005409,22,F,Township,Medium,0,0,0,0,None,2024-11-24
P005410,51,F,Garden Town,Low,1,1,0,0,None,2021-11-20
P005411,56,M,Township,Medium,0,0,0,0,Private,2019-04-29
P005412,65,F,Allama Iqbal Town,Medium,1,0,0,0,,2023-08-06
P005413,32,M,Allama Iqbal Town,High,0,0,0,0,Government,2024-04-14
P005414,59,F,Iqbal Town,High,1,0,0,0,Private,2021-09-12
P005415,66,F,EME Society,Medium,0,1,0,0,None,2020-11-16
P005416,12,M,Iqbal Town,Medium,0,0,0,0,None,2021-04-21
P005417,53,F,Township Colony,Medium,0,0,0,0,None,2021-06-29
P005418,59,M,EME Society,High,1,1,0,0,None,2020-07-23
P005419,37,M,Gulberg,Medium,1,0,0,0,None,2021-01-30
P005420,20,M,Faisal Town,High,0,0,0,0,Private,2020-10-26
P005421,59,F,Faisal Town,High,1,0,0,2,Private,2019-10-03
P005422,20,F,Valencia,Low,0,0,0,0,,2022-10-25
P005423,39,,Allama Iqbal Town,High,0,0,0,0,Government,2021-04-25
P005424,41,F,Defence,Medium,0,0,0,4,Private,2019-05-02
P005425,55,M,,Low,0,1,0,0,None,2022-09-25
P005426,31,M,Bahria Town,Low,0,0,0,0,Private,2020-11-14
P005427,30,F,Faisal Town,,0,0,0,4,None,2019-11-02
P005428,44,M,Model Town,,0,0,0,0,None,2023-01-17
P005429,60,M,Model Town,,0,0,0,0,None,2023-03-03
P005430,83,F,Askari,Medium,0,0,0,0,Government,2019-07-16
P005431,15,M,Defence,Low,0,0,0,0,None,2023-07-16
P005432,48,M,Defence,Medium,0,0,0,1,None,2022-03-29
P005433,22,F,Township Sector,Medium,1,0,0,0,None,2019-12-05
P005434,60,M,Township,Low,0,1,1,0,Government,2021-10-02
P005435,25,F,Samanabad,Medium,0,0,0,0,Private,2024-12-14
P005436,30,F,,Low,1,0,0,0,Government,2019-05-23
P005437,31,M,Defence,High,0,0,0,1,,2021-12-07
P005438,41,M,Township Sector,,0,0,0,0,Private,2019-06-17
P005439,48,F,Johar Town,Medium,0,0,0,0,Government,2020-03-17
P005440,51,M,Township Sector,Medium,1,0,0,0,None,2022-08-08
P005441,42,F,Township,,0,0,0,0,None,2022-07-09
P005442,18,F,Johar Town,Medium,0,0,0,1,None,2022-03-02
P005443,55,F,Bahria Town,Medium,0,0,0,0,None,2022-06-29
P005444,41,M,Faisal Town,Low,0,1,0,0,Private,2023-04-28
P005445,63,F,Allama Iqbal Town,Medium,0,1,0,0,None,2021-10-23
P005446,29,F,Shalimar,Medium,0,0,0,0,None,2022-09-29
P005447,13,M,Allama Iqbal Town,Medium,0,0,0,0,Government,2024-05-07
P005448,41,F,Gulberg,Low,1,0,0,0,None,2021-12-13
P005449,65,F,Township Colony,Medium,0,0,0,0,None,2019-09-17
P005450,45,F,Cantt,Medium,0,0,0,0,None,2021-08-03
P005451,38,M,Johar Town,Medium,1,1,0,0,Government,2023-03-05
P005452,26,,Green Town,Medium,0,0,0,0,None,2020-11-28
P005453,74,M,Township Sector,Low,0,0,0,0,Government,2021-01-23
P005454,23,F,Defence,Medium,0,0,0,0,None,2019-03-29
P005455,29,F,Cantt,Medium,0,0,0,0,None,2024-08-02
P005456,52,M,Green Town,Medium,0,0,0,0,None,2019-06-21
P005457,9,F,Shalimar,Medium,1,0,0,0,None,2024-03-05
P005458,65,F,Model Town,Low,0,1,0,0,None,2022-06-19
P005459,53,F,Allama Iqbal Town,Low,0,0,1,0,Government,2023-06-12
P005460,58,F,Model Town,Medium,0,1,0,0,Private,2022-06-23
P005461,52,F,Faisal Town,Medium,0,1,0,0,None,2019-07-16
P005462,39,M,Model Town,,0,0,0,0,None,2019-04-09
P005463,23,F,Shalimar,Medium,0,0,0,0,None,2020-08-18
P005464,39,M,Green Town,Low,0,0,0,0,None,2021-08-10
P005465,24,F,Gulberg,,0,0,0,0,Private,2024-10-04
P005466,51,M,Samanabad,Low,1,0,0,0,None,2024-09-10
P005467,57,F,Bahria Town,Medium,0,0,0,0,Private,2019-12-08
P005468,69,M,Township Sector,Medium,1,1,0,0,None,2020-02-16
P005469,49,F,Johar Town,High,0,0,0,0,Private,2024-09-10
P005470,59,M,Faisal Town,High,0,0,0,0,Private,2023-08-10
P005471,37,F,Bahria Town,Medium,0,1,0,0,None,2021-03-26
P005472,33,M,EME Society,Medium,0,0,0,0,None,2022-01-17
P005473,51,M,Defence,,0,0,0,0,None,2019-03-14
P005474,35,M,Garden Town,High,0,1,0,0,Private,2023-08-31
P005475,47,M,Johar Town,Medium,0,0,0,0,Government,2023-11-30
P005476,23,M,Garden Town,Low,0,0,1,1,Private,2020-08-18
P005477,26,M,Township Sector,High,1,0,0,0,Government,2019-06-10
P005478,53,F,Township Sector,Low,0,0,0,0,None,2024-11-25
P005479,58,F,Gulberg,High,1,1,0,0,None,2021-11-21
P005480,24,F,Township Sector,Low,0,0,0,0,Government,2021-02-27
P005481,54,M,Iqbal Town,Medium,0,0,0,0,Private,2019-02-24
P005482,32,F,Shalimar,High,1,1,0,0,None,2022-10-04
P005483,42,F,Township Colony,Medium,0,0,0,0,Government,2024-10-27
P005484,68,F,Johar Town,Medium,1,1,0,0,Private,2023-02-06
P005485,57,F,,Low,0,0,0,0,Government,2024-10-11
P005486,56,F,EME Society,Low,1,0,0,0,Private,2022-12-17
P005487,76,F,Johar Town,,0,1,0,0,Private,2023-03-19
P005488,29,F,Iqbal Town,Medium,0,0,0,0,,2022-03-06
P005489,24,M,Askari,Medium,0,0,0,0,None,2023-11-12
P005490,29,F,Township Colony,Low,0,0,0,0,Private,2023-01-21
P005491,37,F,Iqbal Town,Medium,0,0,0,1,,2022-07-23
P005492,0,F,Faisal Town,High,0,0,0,0,None,2023-01-27
P005493,38,F,Township Sector,High,0,0,0,0,Government,2024-06-22
P005494,32,F,Johar Town,Medium,0,0,0,0,None,2023-06-04
P005495,56,F,Township,High,1,0,0,0,Private,2021-07-01
P005496,48,F,Township,Medium,0,0,0,0,Government,2023-05-10
P005497,31,M,Cantt,,0,0,0,0,Government,2024-05-18
P005498,53,F,Garden Town,Medium,1,0,0,4,None,2023-01-14
P005499,55,F,Bahria Town,High,0,0,0,0,Government,2022-03-01
P005500,28,F,Faisal Town,,0,0,1,0,None,2024-06-17
P005501,33,F,Green Town,Low,0,1,0,0,Private,2021-04-11
P005502,2,F,Valencia,High,0,0,0,0,None,2024-05-21
P005503,22,F,Township Colony,Medium,0,1,0,0,None,2022-03-29
P005504,29,F,Shalimar,Medium,0,0,0,0,None,2019-04-04
P005505,43,F,Garden Town,,0,0,0,0,Government,2019-05-05
P005506,25,M,Bahria Town,Medium,0,0,0,1,Private,2024-11-18
P005507,33,F,Model Town,Low,1,1,0,0,None,2020-08-12
P005508,20,F,,Medium,0,0,0,0,Government,2023-10-06
P005509,45,F,Cantt,Low,1,0,0,1,None,2022-11-22
P005510,50,F,Township Sector,Low,0,0,0,0,None,2022-07-23
P005511,49,M,Gulberg,,0,0,0,0,None,2022-01-29
P005512,42,F,EME Society,,0,0,0,0,None,2022-08-25
P005513,14,F,Model Town,Low,0,1,0,0,Government,2023-09-07
P005514,31,M,Faisal Town,Low,0,0,0,4,None,2021-05-01
P005515,35,F,Faisal Town,High,0,0,0,0,,2022-11-14
P005516,35,F,Green Town,High,0,0,0,0,Private,2021-07-31
P005517,43,M,Allama Iqbal Town,,1,0,0,0,,2023-01-22
P005518,68,M,Gulberg,Medium,0,1,0,0,,2021-04-10
P005519,57,F,EME Society,Medium,0,0,0,0,None,2020-03-12
P005520,24,M,Shalimar,Medium,0,0,0,0,Private,2024-09-09
P005521,54,F,Defence,Low,1,1,0,0,None,2024-10-04
P005522,54,M,Township Sector,Low,1,0,0,0,Government,2022-08-02
P005523,27,F,Gulberg,Medium,1,0,0,0,None,2022-11-15
P005524,57,M,Cantt,Low,1,0,0,0,Private,2019-12-14
P005525,39,F,Model Town,,0,0,0,0,None,2023-06-06
P005526,17,F,,Low,0,0,0,0,Private,2023-08-15
P005527,50,F,,Medium,0,0,0,0,Private,2019-09-20
P005528,46,M,Shalimar,Medium,1,0,0,0,Government,2023-03-01
P005529,38,M,Wapda Town,Medium,0,1,0,0,None,2019-12-21
P005530,41,M,Township,Medium,0,0,1,0,None,2022-10-18
P005531,29,M,Askari,Low,0,0,0,0,Private,2023-09-13
P005532,53,F,Model Town,Low,1,0,0,0,None,2020-08-01
P005533,41,M,Gulberg,Medium,0,0,0,2,None,2024-03-10
P005534,45,F,Model Town,Medium,1,1,1,0,None,2022-09-16
P005535,48,M,Defence,High,1,0,0,0,None,2024-12-04
P005536,21,M,Township Sector,Medium,0,0,0,0,None,2023-11-23
P005537,26,F,Samanabad,Medium,0,1,0,4,None,2022-10-10
P005538,2,F,Model Town,Low,0,0,0,0,Private,2020-01-02
P005539,52,M,Garden Town,Low,0,0,0,0,Government,2024-09-15
P005540,20,M,Wapda Town,Low,0,0,0,0,Private,2022-04-13
P005541,44,M,Johar Town,High,0,0,0,1,Private,2021-07-02
P005542,49,F,Township Colony,Medium,0,1,0,0,Government,2020-04-02
P005543,53,F,Green Town,Medium,1,1,0,2,None,2022-01-29
P005544,20,M,,Medium,0,1,0,2,,2022-04-24
P005545,41,M,Valencia,Low,0,1,0,0,None,2019-04-08
P005546,72,F,Askari,Low,0,0,0,0,None,2022-11-07
P005547,73,M,Valencia,Low,0,0,0,3,Private,2019-04-02
P005548,60,M,Askari,Low,0,0,0,0,None,2023-11-11
P005549,48,M,Model Town,Medium,1,1,0,0,Private,2022-01-28
P005550,24,F,Model Town,Low,0,0,0,0,Government,2021-12-27
P005551,55,M,EME Society,Medium,1,0,0,0,None,2021-06-01
P005552,39,M,Cantt,High,1,0,0,3,None,2024-07-30
P005553,52,F,Allama Iqbal Town,,0,0,0,3,Private,2023-06-27
P005554,31,F,Johar Town,Low,0,0,0,0,None,2024-06-18
P005555,39,M,Cantt,Medium,1,1,0,0,,2023-12-14
P005556,45,M,Defence,Low,0,0,0,1,None,2023-11-24
P005557,46,F,Bahria Town,Low,0,0,0,0,Private,2024-01-01
P005558,51,M,Johar Town,Medium,1,1,0,0,Private,2022-04-30
P005559,32,F,Bahria Town,Medium,1,0,0,0,None,2020-11-30
P005560,18,F,Samanabad,Medium,0,0,0,0,None,2020-02-19
P005561,71,M,Gulberg,High,1,1,0,0,Government,2020-08-20
P005562,87,M,,Low,1,1,0,0,,2022-11-26
P005563,50,F,Shalimar,High,0,0,0,3,Government,2021-07-10
P005564,18,F,Johar Town,Low,0,0,0,1,Government,2023-03-27
P005565,28,F,Garden Town,High,1,0,0,0,None,2022-06-06
P005566,51,F,EME Society,Medium,0,0,0,0,None,2021-12-19
P005567,66,F,Township Sector,Low,1,0,0,0,None,2020-05-28
P005568,20,F,Johar Town,Medium,0,0,0,0,Private,2024-10-18
P005569,40,F,Johar Town,Low,0,0,0,0,None,2022-03-22
P005570,46,M,Allama Iqbal Town,Medium,1,1,0,1,Private,2019-08-01
P005571,58,M,Township,Low,1,0,0,0,Government,2021-05-06
P005572,36,M,Cantt,Medium,0,0,0,0,Private,2024-02-14
P005573,14,F,Wapda Town,Low,0,0,0,0,Government,2020-11-27
P005574,53,F,Garden Town,High,0,0,0,0,Private,2024-06-02
P005575,62,,Cantt,Low,0,0,0,0,Private,2020-07-14
P005576,41,M,Gulberg,Medium,0,0,0,0,Government,2022-10-07
P005577,49,F,Defence,Medium,1,0,0,0,Private,2022-01-31
P005578,33,M,Gulberg,Low,1,0,0,0,None,2024-04-28
P005579,27,F,Iqbal Town,Low,0,1,0,0,Private,2020-09-04
P005580,60,M,Valencia,Medium,1,0,0,0,Government,2020-04-09
P005581,49,F,Township Colony,Medium,0,1,0,0,,2020-06-01
P005582,51,F,Wapda Town,Medium,0,1,0,0,None,2021-01-26
P005583,69,M,Gulberg,Low,1,0,0,0,Government,2020-08-10
P005584,23,F,Defence,High,0,0,0,3,Private,2020-02-02
P005585,32,M,Valencia,High,0,0,0,1,Private,2022-06-21
P005586,45,F,Township,,0,0,0,0,None,2020-11-17
P005587,32,M,EME Society,Low,0,0,0,0,None,2019-12-08
P005588,56,M,Askari,Low,0,0,0,0,None,2019-12-29
P005589,39,F,EME Society,High,1,1,0,0,Government,2019-09-09
P005590,24,M,Johar Town,Medium,0,0,0,0,Government,2019-12-25
P005591,43,M,EME Society,Medium,0,0,0,0,None,2024-08-23
P005592,45,M,Askari,High,0,1,0,0,,2019-03-09
P005593,59,F,Cantt,Low,0,0,0,0,Government,2024-09-19
P005594,49,F,Askari,Medium,0,0,0,0,Private,2023-06-19
P005595,50,M,Township,Medium,1,0,0,1,None,2020-09-11
P005596,48,F,Samanabad,High,0,1,0,0,Government,2020-10-23
P005597,39,M,Township Sector,Medium,0,0,0,0,,2019-07-21
P005598,29,F,Valencia,Medium,1,0,0,0,Government,2022-08-31
P005599,47,M,Township Colony,Low,0,0,0,0,Private,2019-06-11
P005600,36,F,Cantt,High,0,0,0,0,,2023-03-01
P005601,72,M,Township Sector,Medium,1,0,0,0,Private,2021-09-29
P005602,66,F,EME Society,Low,0,0,0,2,None,2023-01-09
P005603,53,F,,High,1,0,0,0,,2024-09-19
P005604,49,F,Wapda Town,Low,0,0,0,0,None,2024-07-31
P005605,40,M,Allama Iqbal Town,Low,1,0,0,0,Private,2020-02-22
P005606,19,F,Wapda Town,High,0,0,0,0,Private,2023-04-26
P005607,38,M,Johar Town,Medium,0,1,0,2,,2022-04-27
P005608,44,F,Shalimar,,0,0,0,0,Private,2022-09-10
P005609,46,F,Cantt,High,0,0,0,0,None,2019-06-20
P005610,50,M,Samanabad,Medium,0,0,0,0,None,2019-10-17
P005611,59,F,Gulberg,Low,0,0,0,0,Government,2020-01-01
P005612,30,F,Gulberg,High,0,0,0,0,Private,2019-02-16
P005613,30,F,Samanabad,Medium,0,0,0,0,Government,2019-08-04
P005614,68,M,Township Colony,Medium,0,0,0,0,Government,2023-05-08
P005615,56,M,Samanabad,Medium,0,0,0,0,Government,2020-12-08
P005616,35,F,Green Town,Low,0,0,1,0,None,2024-03-14
P005617,40,M,Valencia,Low,0,1,0,0,None,2023-09-11
P005618,40,M,Iqbal Town,Medium,1,0,0,0,None,2022-08-04
P005619,43,M,Johar Town,Medium,0,0,0,0,,2021-03-15
P005620,51,F,Garden Town,Medium,1,0,0,0,Government,2024-12-09
P005621,88,M,Samanabad,Low,1,0,0,1,None,2022-10-16
P005622,45,F,Township Sector,Medium,1,0,0,2,Government,2024-04-28
P005623,54,M,Askari,Medium,0,0,0,0,None,2020-08-14
P005624,12,F,Green Town,Low,0,0,0,0,Private,2024-08-18
P005625,33,M,Valencia,Medium,1,1,0,0,Government,2020-09-04
P005626,64,M,Garden Town,Medium,0,0,0,0,Government,2023-05-20
P005627,49,M,Garden Town,Medium,1,0,0,0,Private,2024-12-24
P005628,0,F,Gulberg,Medium,0,0,0,0,Government,2024-10-11
P005629,54,M,Township Sector,High,0,1,0,0,None,2021-03-02
P005630,77,F,Shalimar,Low,1,0,0,0,Private,2022-08-07
P005631,6,M,EME Society,Low,0,0,0,0,None,2023-05-06
P005632,69,F,Defence,,1,0,0,0,None,2021-10-23
P005633,0,M,Johar Town,Medium,0,0,0,0,Government,2022-01-06
P005634,59,F,Shalimar,High,0,0,0,0,Private,2019-04-11
P005635,42,F,Wapda Town,Medium,0,1,0,0,None,2019-07-04
P005636,0,F,Garden Town,,1,0,0,0,Private,2024-07-11
P005637,50,F,Cantt,Medium,0,0,0,0,Government,2019-06-17
P005638,63,F,Samanabad,Low,0,0,0,0,None,2021-05-14
P005639,49,M,Shalimar,Low,0,0,0,0,Private,2023-08-10
P005640,53,M,Model Town,Medium,0,0,0,0,Private,2019-08-01
P005641,35,M,Township Sector,Medium,0,0,0,2,,2024-03-20
P005642,8,M,Wapda Town,Medium,0,0,0,0,Government,2023-04-10
P005643,54,F,Garden Town,Medium,0,1,0,0,,2021-08-07
P005644,73,F,,Medium,0,0,0,0,Private,2020-12-30
P005645,62,F,Allama Iqbal Town,Low,0,0,0,0,Private,2019-07-22
P005646,6,F,Township,Medium,1,1,0,0,None,2022-04-05
P005647,15,M,Gulberg,Medium,0,0,0,4,Government,2023-08-08
P005648,27,M,Model Town,Medium,0,0,0,0,,2024-12-22
P005649,13,M,Township Colony,Low,0,0,0,0,,2020-08-17
P005650,43,M,Bahria Town,High,0,0,0,0,Private,2022-12-05
P005651,49,F,Bahria Town,,0,1,0,0,None,2019-03-02
P005652,16,M,EME Society,Low,0,0,0,0,None,2019-02-24
P005653,56,F,Bahria Town,Medium,0,1,0,0,,2020-02-20
P005654,53,M,Wapda Town,High,0,0,0,0,None,2019-05-02
P005655,32,F,Faisal Town,High,0,0,0,0,Private,2020-10-23
P005656,39,F,Shalimar,Low,1,0,0,0,Private,2022-06-23
P005657,7,F,Garden Town,Low,0,0,0,1,None,2019-12-24
P005658,36,F,Askari,Medium,0,0,0,0,None,2019-04-22
P005659,42,F,Askari,Medium,0,1,0,0,Private,2021-04-13
P005660,45,F,Valencia,Medium,0,0,0,0,None,2019-01-14
P005661,49,M,Garden Town,Low,0,0,0,0,None,2022-09-30
P005662,46,M,Askari,Medium,0,0,0,1,Private,2020-12-04
P005663,37,F,EME Society,Low,0,0,0,0,Private,2023-08-25
P005664,47,F,Defence,Low,0,0,0,0,Government,2019-05-05
P005665,60,M,Valencia,Medium,0,0,0,0,None,2021-01-23
P005666,40,F,Model Town,Low,0,0,0,0,,2024-02-20
P005667,48,M,Township,Medium,0,0,0,0,Government,2021-02-22
P005668,39,F,Gulberg,Medium,0,0,0,0,Government,2021-03-27
P005669,30,F,Garden Town,Medium,1,0,0,1,None,2019-03-12
P005670,51,F,Valencia,Low,0,0,0,0,Private,2021-11-17
P005671,32,F,Faisal Town,High,0,0,0,0,None,2023-03-26
P005672,49,M,Shalimar,Medium,0,1,0,0,Private,2023-07-20
P005673,43,M,Faisal Town,High,1,0,1,0,None,2019-12-12
P005674,37,F,Township Sector,Medium,0,0,0,0,Private,2020-12-25
P005675,36,M,,Medium,0,0,1,3,None,2019-06-06
P005676,33,F,Allama Iqbal Town,High,0,0,0,0,Private,2020-12-07
P005677,12,F,Township,Low,0,0,0,0,Private,2024-06-12
P005678,49,M,Valencia,Low,0,1,1,0,None,2020-08-11
P005679,46,M,Gulberg,High,0,0,0,0,None,2021-12-27
P005680,57,F,Township Colony,Medium,0,0,0,0,,2024-11-08
P005681,32,F,Valencia,Low,0,0,0,2,Government,2024-09-11
P005682,76,F,Shalimar,High,0,0,0,0,Private,2020-04-03
P005683,35,F,Samanabad,Low,0,0,0,0,Government,2021-07-08
P005684,26,M,Iqbal Town,,0,0,0,0,None,2023-02-07
P005685,24,F,Cantt,Medium,0,0,0,0,Government,2024-12-05
P005686,11,M,Johar Town,Medium,0,1,0,0,None,2022-11-13
P005687,70,F,Township,Medium,1,1,0,4,None,2023-08-07
P005688,67,F,Garden Town,Low,0,0,0,2,None,2021-10-07
P005689,53,F,Faisal Town,High,0,1,0,0,None,2019-10-14
P005690,26,F,Township Sector,Medium,0,0,0,0,Government,2023-07-28
P005691,75,M,EME Society,Low,1,1,0,0,Private,2021-05-19
P005692,36,M,Garden Town,Low,1,0,0,1,Government,2020-01-30
P005693,37,M,Township,Medium,0,0,0,0,Government,2022-01-02
P005694,68,M,Township,Low,1,0,0,0,Government,2019-06-23
P005695,54,F,Askari,Medium,0,0,0,0,None,2023-02-05
P005696,82,M,,High,0,0,0,2,Government,2022-10-31
P005697,46,M,Johar Town,Low,0,0,0,0,Government,2021-09-02
P005698,35,M,Cantt,High,0,0,0,0,Government,2020-07-25
P005699,31,F,Cantt,Medium,1,0,0,0,Government,2021-11-08
P005700,9,F,Iqbal Town,Medium,0,0,0,0,Government,2024-03-29
P005701,37,M,Bahria Town,High,0,1,0,0,None,2020-09-23
P005702,63,F,Valencia,Low,0,0,0,0,None,2022-06-03
P005703,53,F,Cantt,High,1,0,0,0,None,2022-04-18
P005704,42,F,Garden Town,Low,0,0,0,0,None,2020-02-08
P005705,24,F,,Medium,1,0,1,0,,2022-03-13
P005706,46,F,Iqbal Town,Medium,0,1,0,0,None,2020-09-15
P005707,60,M,Bahria Town,Low,0,0,0,3,None,2024-01-22
P005708,50,M,Township,Medium,0,1,0,0,None,2022-07-31
P005709,45,F,Valencia,Medium,0,0,0,0,Private,2022-05-15
P005710,28,F,Garden Town,Medium,0,0,0,0,Private,2024-08-02
P005711,58,M,Green Town,Medium,1,0,0,0,Private,2021-04-10
P005712,0,F,Cantt,Low,0,0,1,2,Private,2021-04-16
P005713,49,F,Township Sector,Low,0,1,0,0,None,2020-06-06
P005714,88,F,Model Town,Low,1,0,1,0,Government,2019-05-11
P005715,15,F,Valencia,High,0,0,0,0,None,2023-11-15
P005716,38,M,Samanabad,Medium,0,0,0,0,None,2023-02-19
P005717,42,F,Gulberg,Medium,0,0,1,0,Private,2023-01-27
P005718,34,M,Shalimar,Medium,0,0,1,1,None,2022-05-03
P005719,61,F,Wapda Town,,1,1,0,0,Private,2022-12-03
P005720,51,M,Gulberg,Low,0,1,0,0,Government,2023-07-10
P005721,45,M,Valencia,Low,0,0,0,0,None,2019-06-24
P005722,56,F,Askari,Medium,0,0,0,0,Private,2022-01-03
P005723,42,M,Samanabad,Low,0,0,0,0,Government,2024-01-26
P005724,95,F,Garden Town,High,0,1,0,2,Government,2021-05-23
P005725,45,M,Defence,Low,0,1,0,0,None,2022-05-16
P005726,46,M,Township,Medium,0,1,0,2,Government,2021-07-31
P005727,11,F,Allama Iqbal Town,Medium,0,0,0,0,None,2024-02-01
P005728,32,F,Township,Medium,0,0,0,0,None,2023-11-14
P005729,63,M,EME Society,High,0,0,0,0,None,2023-10-04
P005730,18,M,Township,Medium,0,0,0,0,None,2021-05-03
P005731,3,F,Wapda Town,Low,0,0,0,0,Government,2024-09-20
P005732,43,F,Cantt,Medium,0,0,0,3,None,2021-10-13
P005733,67,F,Gulberg,Low,0,1,0,0,None,2023-06-07
P005734,43,M,Valencia,Low,0,0,0,0,Government,2020-07-02
P005735,36,M,Johar Town,Medium,0,0,0,0,None,2020-02-02
P005736,9,M,Wapda Town,Low,0,0,0,0,None,2019-02-01
P005737,50,F,Green Town,Low,0,0,0,0,None,2020-09-03
P005738,54,M,Township Colony,Medium,1,0,0,0,Private,2020-04-08
P005739,10,F,Bahria Town,Medium,0,0,0,0,Government,2024-10-10
P005740,62,M,Faisal Town,High,0,0,0,0,None,2023-11-03
P005741,56,F,Garden Town,Low,0,0,0,0,,2024-12-02
P005742,62,M,Shalimar,Medium,1,0,0,0,,2024-06-27
P005743,53,F,Iqbal Town,Medium,0,0,0,0,Government,2022-06-04
P005744,54,M,,Medium,0,1,0,0,Private,2023-06-13
P005745,51,M,Valencia,Low,1,0,0,0,None,2020-04-11
P005746,58,M,Township Sector,Medium,0,1,0,0,None,2021-08-15
P005747,9,F,Valencia,Medium,0,0,0,0,Private,2023-12-13
P005748,15,M,EME Society,,0,0,0,0,None,2023-01-29
P005749,29,F,EME Society,Low,0,0,0,0,,2024-09-29
P005750,40,F,Askari,,0,0,0,3,Government,2019-09-29
P005751,49,M,Township Colony,Low,1,0,0,0,None,2021-10-18
P005752,48,M,Wapda Town,Low,0,0,0,0,None,2019-07-21
P005753,62,F,Allama Iqbal Town,Medium,0,0,0,0,None,2019-12-17
P005754,63,M,Green Town,Low,0,0,0,0,Government,2020-02-15
P005755,26,F,Gulberg,Low,1,0,0,0,Government,2023-05-17
P005756,46,M,,Medium,0,1,0,0,None,2022-08-15
P005757,27,M,Valencia,High,0,1,0,0,Private,2021-11-17
P005758,39,M,Township Colony,Medium,1,0,0,2,None,2021-07-09
P005759,48,M,Township Sector,Low,1,0,1,0,Government,2024-01-05
P005760,0,M,Model Town,Low,0,0,0,0,None,2020-02-05
P005761,85,M,Township,High,1,1,0,0,Private,2021-04-17
P005762,52,F,Gulberg,Medium,0,0,0,0,None,2022-04-09
P005763,31,F,,Medium,1,0,0,1,Government,2021-05-15
P005764,77,M,Cantt,Low,1,1,0,0,Government,2024-06-19
P005765,36,F,Wapda Town,Low,0,0,0,0,Private,2021-05-09
P005766,44,M,Allama Iqbal Town,Low,0,0,0,0,Private,2022-04-22
P005767,33,F,,High,0,0,0,2,Private,2022-07-21
P005768,72,M,Defence,High,0,0,0,0,Government,2022-02-07
P005769,40,F,Green Town,Low,0,0,0,1,Private,2020-03-03
P005770,45,M,Faisal Town,Medium,0,0,0,0,Private,2021-02-16
P005771,64,M,Township Sector,High,1,0,0,0,Government,2024-12-12
P005772,53,F,Garden Town,High,0,1,0,0,,2019-01-28
P005773,41,M,Cantt,Medium,0,0,0,0,None,2024-01-06
P005774,62,F,Bahria Town,Low,0,1,0,0,Government,2020-06-22
P005775,88,M,Model Town,High,1,0,0,0,Government,2022-09-09
P005776,48,M,Allama Iqbal Town,Low,0,0,0,0,Private,2020-12-24
P005777,44,F,Township,Low,0,1,0,0,Government,2019-12-15
P005778,45,F,Bahria Town,Low,0,0,0,0,,2021-09-22
P005779,66,F,Gulberg,Medium,1,0,0,3,,2021-09-07
P005780,31,F,Valencia,Low,1,0,0,0,Government,2024-07-12
P005781,37,M,Faisal Town,Medium,1,0,1,0,Private,2020-02-03
P005782,14,F,Township,High,0,0,0,0,Government,2020-10-20
P005783,21,M,Faisal Town,Medium,0,1,0,0,None,2024-01-18
P005784,33,M,Garden Town,High,0,0,0,0,Private,2020-11-16
P005785,41,M,Wapda Town,High,1,0,0,1,Private,2019-02-08
P005786,74,M,Askari,Medium,0,0,0,0,None,2020-12-03
P005787,52,F,Iqbal Town,Medium,0,1,0,0,Government,2021-09-25
P005788,26,M,Iqbal Town,High,1,0,0,0,Government,2020-04-14
P005789,29,,EME Society,Medium,1,0,0,0,None,2019-12-24
P005790,67,M,Cantt,Low,1,0,0,0,Private,2021-08-05
P005791,62,F,Township Colony,High,0,0,0,0,Government,2019-03-13
P005792,43,F,Valencia,Medium,1,0,0,0,Government,2023-06-26
P005793,34,M,Allama Iqbal Town,,0,0,0,0,,2021-05-16
P005794,62,M,Askari,Medium,0,0,0,0,Government,2023-05-29
P005795,24,F,Valencia,Low,0,0,0,2,Private,2021-12-14
P005796,49,M,Defence,Medium,0,0,0,0,Government,2019-01-09
P005797,83,F,Wapda Town,,0,1,0,0,Private,2024-11-28
P005798,46,F,Allama Iqbal Town,Medium,0,0,0,0,Government,2023-08-10
P005799,28,F,Johar Town,,0,0,0,4,Government,2019-06-06
P005800,49,F,Model Town,Medium,0,0,0,0,,2021-05-10
P005801,34,F,Defence,Low,0,1,0,0,None,2022-12-02
P005802,17,F,Wapda Town,Medium,0,0,0,0,Government,2019-02-12
P005803,55,F,Askari,Low,1,0,1,0,Government,2020-03-11
P005804,62,F,Wapda Town,,1,0,0,0,None,2024-12-10
P005805,36,F,Defence,,0,0,0,0,Private,2023-05-13
P005806,35,M,Wapda Town,Low,0,0,0,0,None,2024-03-28
P005807,25,M,EME Society,High,0,0,0,3,Government,2024-05-20
P005808,39,M,Gulberg,Low,0,0,0,0,None,2021-02-22
P005809,32,F,Township Sector,Medium,0,0,0,0,Private,2023-11-02
P005810,24,F,Iqbal Town,Medium,0,0,0,1,Government,2023-02-02
P005811,76,M,Defence,Low,1,0,0,1,None,2022-09-13
P005812,50,M,Defence,High,0,1,0,0,Government,2022-10-28
P005813,52,,Gulberg,Low,0,1,0,0,Government,2020-03-05
P005814,58,M,Cantt,Medium,0,0,0,0,Private,2024-11-28
P005815,56,M,Wapda Town,Medium,0,0,0,0,Private,2019-12-05
P005816,35,M,Samanabad,Medium,0,0,0,1,None,2020-02-02
P005817,47,F,Defence,Low,0,1,0,0,Government,2024-05-08
P005818,37,M,Shalimar,High,0,0,0,0,,2020-04-11
P005819,50,M,Allama Iqbal Town,High,0,0,0,0,Government,2019-05-31
P005820,48,M,Defence,,0,1,0,0,None,2023-01-07
P005821,35,F,Shalimar,Medium,0,0,1,2,None,2020-11-11
P005822,18,F,Johar Town,Low,1,0,0,0,None,2019-06-14
P005823,45,F,Cantt,Low,0,0,0,0,None,2020-02-18
P005824,38,F,Shalimar,Medium,0,0,1,0,None,2023-12-03
P005825,8,M,EME Society,,0,0,0,0,None,2019-11-27
P005826,51,M,Askari,Medium,0,1,0,0,Private,2020-04-13
P005827,59,F,Cantt,Low,1,0,0,0,None,2022-11-27
P005828,88,M,Valencia,Low,1,0,0,0,Government,2023-08-07
P005829,35,F,Bahria Town,Medium,0,1,0,0,None,2022-05-10
P005830,32,F,Bahria Town,Low,0,0,0,0,,2019-12-03
P005831,22,F,Wapda Town,Medium,0,0,0,0,None,2020-10-18
P005832,46,F,Johar Town,Medium,0,0,0,0,Private,2023-06-10
P005833,46,M,Gulberg,Low,0,0,1,0,None,2021-10-15
P005834,27,M,Faisal Town,Low,1,0,0,0,None,2019-06-25
P005835,39,M,Model Town,Low,0,1,0,0,Private,2024-04-06
P005836,6,F,Samanabad,Medium,0,0,0,0,None,2019-08-16
P005837,59,M,Askari,Low,0,0,0,1,Private,2023-02-07
P005838,28,F,Wapda Town,Medium,0,0,0,0,None,2019-04-17
P005839,41,F,Wapda Town,Medium,0,0,0,4,None,2021-06-25
P005840,16,M,Defence,Low,0,0,0,4,None,2022-12-15
P005841,32,M,Cantt,Low,1,0,0,0,Private,2020-01-03
P005842,37,M,Defence,,0,1,0,1,Private,2019-12-29
P005843,42,F,Faisal Town,Low,0,1,0,0,None,2022-12-04
P005844,51,M,Shalimar,Low,0,0,0,0,Private,2021-03-07
P005845,68,F,Township Colony,High,0,1,0,0,Government,2020-08-27
P005846,55,F,Iqbal Town,Low,0,0,0,0,Government,2024-04-30
P005847,59,M,Iqbal Town,Low,1,0,0,0,Private,2020-10-10
P005848,68,M,Shalimar,High,0,0,0,0,Government,2020-11-25
P005849,52,M,Green Town,High,0,1,0,0,None,2023-10-17
P005850,41,M,Iqbal Town,Medium,0,0,0,1,None,2019-12-27
P005851,60,F,Valencia,,0,0,0,0,None,2021-09-09
P005852,61,M,Township,Low,0,0,0,0,None,2023-01-06
P005853,54,M,Samanabad,Medium,0,0,0,0,,2019-06-02
P005854,16,F,Bahria Town,Medium,0,0,0,1,Government,2019-12-14
P005855,27,F,Iqbal Town,Medium,0,0,0,0,None,2024-07-03
P005856,37,F,Township Colony,,1,1,0,0,Government,2023-05-16
P005857,56,M,Faisal Town,Medium,1,1,0,0,,2020-12-29
P005858,42,M,Gulberg,Medium,0,1,0,0,Government,2021-09-02
P005859,62,M,Township Sector,Low,1,1,0,0,None,2021-03-30
P005860,66,F,Johar Town,Medium,0,0,0,0,None,2024-08-08
P005861,64,F,Johar Town,Low,1,0,0,0,Government,2023-06-16
P005862,64,F,Valencia,Medium,0,1,0,0,None,2020-05-23
P005863,23,F,Township,Low,0,0,0,0,None,2019-07-09
P005864,51,F,Johar Town,High,0,0,0,0,None,2021-12-01
P005865,31,F,Township Colony,Medium,0,0,0,0,None,2023-10-29
P005866,12,F,Iqbal Town,Medium,1,0,0,0,None,2024-02-08
P005867,37,F,Samanabad,Low,0,0,0,0,Private,2019-08-13
P005868,66,M,Iqbal Town,Medium,1,1,0,0,Private,2022-11-22
P005869,50,F,Garden Town,Low,0,0,0,0,Government,2021-10-03
P005870,78,F,Shalimar,Low,0,0,0,0,None,2020-03-24
P005871,45,M,Township Sector,Low,0,1,0,0,None,2022-03-30
P005872,86,M,Cantt,Low,0,1,0,0,Private,2019-06-04
P005873,45,M,Samanabad,,0,0,0,2,Government,2019-05-04
P005874,42,M,Valencia,Low,0,0,0,3,Private,2022-05-13
P005875,19,M,Valencia,,0,0,0,0,Government,2020-01-04
P005876,62,M,,High,0,0,0,0,None,2022-05-30
P005877,33,M,Faisal Town,Medium,0,0,0,0,None,2024-11-13
P005878,30,F,Askari,Low,0,1,0,0,None,2020-04-15
P005879,65,M,Township Colony,Medium,1,0,0,2,None,2023-04-27
P005880,63,F,Bahria Town,High,1,0,0,0,None,2023-09-28
P005881,62,F,Shalimar,Low,0,0,0,0,Government,2019-10-09
P005882,35,F,Township Sector,Low,0,0,0,0,Private,2020-06-01
P005883,41,F,Wapda Town,Low,0,0,0,0,None,2020-04-12
P005884,41,F,EME Society,,0,0,0,0,None,2024-10-29
P005885,56,M,Cantt,Low,0,1,0,0,Private,2022-07-09
P005886,70,F,Valencia,Low,0,1,0,0,Government,2023-04-08
P005887,49,F,Samanabad,Medium,1,0,0,0,Government,2019-09-18
P005888,78,F,Defence,Medium,0,1,0,0,None,2022-08-19
P005889,58,F,Valencia,Low,0,0,0,0,Government,2022-05-08
P005890,38,M,Shalimar,,0,0,0,0,Government,2022-12-05
P005891,57,F,Bahria Town,Low,0,1,0,0,None,2021-09-06
P005892,73,F,Allama Iqbal Town,Low,1,0,1,1,None,2019-01-15
P005893,78,F,Askari,Low,1,1,0,0,Private,2022-12-27
P005894,63,F,Green Town,Low,0,0,0,0,Government,2021-03-01
P005895,42,F,Township,Medium,0,1,0,3,Private,2020-07-27
P005896,38,F,Iqbal Town,Low,0,0,0,0,Government,2024-03-13
P005897,52,M,Defence,,0,0,0,2,Government,2020-01-13
P005898,72,M,Township Sector,High,1,0,0,0,Private,2024-07-11
P005899,50,M,Township Colony,Low,0,1,0,0,None,2021-12-13
P005900,50,F,Shalimar,Medium,0,0,0,0,Government,2020-02-24
P005901,43,F,Faisal Town,Medium,0,0,0,0,None,2024-01-24
P005902,36,M,EME Society,High,0,1,0,0,,2024-05-21
P005903,39,F,Iqbal Town,,1,0,0,0,Government,2024-09-03
P005904,44,M,Shalimar,Medium,0,0,0,1,Government,2021-03-28
P005905,73,F,Garden Town,Low,0,0,0,0,Government,2024-07-17
P005906,38,F,,Low,0,0,0,0,Government,2023-03-05
P005907,43,F,Township Colony,High,0,1,0,0,Private,2021-05-13
P005908,26,M,,Low,1,0,0,0,Government,2024-03-31
P005909,55,M,Defence,Medium,0,0,0,0,Private,2022-02-01
P005910,67,M,Model Town,Low,0,0,0,0,Government,2020-05-01
P005911,71,F,Allama Iqbal Town,High,1,0,0,0,Government,2023-06-30
P005912,46,M,Faisal Town,Medium,0,1,0,1,None,2019-10-25
P005913,52,F,Johar Town,Low,0,1,0,0,None,2020-10-04
P005914,39,F,Valencia,Medium,0,0,0,0,Private,2021-11-01
P005915,52,M,Samanabad,Low,0,0,0,0,,2022-08-06
P005916,48,M,Johar Town,Low,0,0,0,0,Government,2022-09-26
P005917,43,F,Allama Iqbal Town,,0,0,0,0,None,2023-12-04
P005918,44,F,Samanabad,High,0,0,0,0,Private,2022-05-28
P005919,50,F,Township Colony,Medium,0,0,0,1,Private,2022-01-18
P005920,37,F,,Low,1,0,0,0,Government,2023-01-28
P005921,38,F,Township Colony,Low,0,0,0,0,Government,2022-01-30
P005922,73,M,EME Society,Medium,0,1,0,0,None,2024-07-04
P005923,91,F,Township Sector,,1,1,0,0,Government,2021-05-09
P005924,20,M,Shalimar,Medium,0,0,0,0,None,2019-09-09
P005925,19,F,Askari,Medium,0,0,0,0,Government,2022-09-13
P005926,25,F,Township Sector,High,0,0,0,0,Private,2024-10-11
P005927,40,F,Township Colony,,0,0,0,0,Private,2020-03-15
P005928,58,F,Johar Town,High,0,1,0,0,None,2019-12-19
P005929,53,F,Johar Town,Medium,0,1,0,0,Government,2021-07-15
P005930,45,M,Wapda Town,Medium,0,0,0,0,Private,2024-08-04
P005931,52,M,Iqbal Town,Low,0,0,0,0,None,2020-08-29
P005932,30,F,Askari,Medium,0,0,0,0,Government,2023-07-20
P005933,38,M,Township,Low,0,1,0,0,Private,2020-08-13
P005934,42,M,Township Sector,Low,0,0,0,0,Government,2023-11-12
P005935,13,F,EME Society,Medium,0,0,0,0,None,2020-07-15
P005936,21,M,Iqbal Town,Low,0,0,0,0,None,2024-03-30
P005937,22,M,Township Sector,High,0,1,0,0,Government,2021-12-28
P005938,56,M,Johar Town,Medium,0,1,0,0,None,2019-09-04
P005939,46,M,Township Sector,,0,0,0,2,Government,2024-08-22
P005940,53,M,Shalimar,Medium,0,0,0,0,,2022-12-24
P005941,9,F,Allama Iqbal Town,Low,0,0,0,0,Government,2019-01-12
P005942,15,M,Wapda Town,Low,0,0,0,2,Private,2021-01-27
P005943,54,M,Johar Town,Low,0,0,0,0,None,2024-05-05
P005944,0,F,Valencia,Medium,0,0,0,1,Government,2021-04-12
P005945,64,M,Johar Town,Medium,0,0,0,0,None,2024-09-20
P005946,9,F,Wapda Town,,0,0,0,1,None,2022-02-26
P005947,57,F,Model Town,Low,0,1,0,0,Private,2019-09-20
P005948,26,M,Valencia,Low,0,0,0,0,Government,2022-08-04
P005949,61,M,Garden Town,Medium,0,0,0,0,None,2019-05-20
P005950,95,M,Askari,Low,0,1,0,0,None,2023-03-19
P005951,1,M,Township,Medium,0,0,0,0,Private,2019-06-30
P005952,55,F,Township Sector,Low,1,0,0,0,Private,2022-08-30
P005953,9,M,Bahria Town,,0,0,0,0,None,2019-12-19
P005954,50,M,Allama Iqbal Town,Medium,0,1,0,0,Private,2020-05-11
P005955,38,M,Township Colony,High,0,0,0,0,None,2020-03-11
P005956,44,F,,Low,0,0,0,0,Private,2021-03-04
P005957,26,F,Shalimar,Low,0,0,0,0,None,2022-08-17
P005958,56,M,Township,Low,1,1,0,0,None,2024-03-01
P005959,16,F,Green Town,Medium,0,0,0,0,Government,2022-11-17
P005960,64,F,,Medium,1,0,0,1,None,2023-04-13
P005961,35,M,Township,Medium,1,0,0,0,,2024-02-12
P005962,17,M,Bahria Town,Medium,1,0,0,0,None,2021-10-04
P005963,71,M,Defence,,0,0,0,0,Private,2019-08-02
P005964,41,M,Shalimar,Low,0,1,0,0,Private,2020-06-04
P005965,76,M,Green Town,Low,0,0,0,0,Government,2024-12-06
P005966,64,F,,Medium,0,0,0,0,,2023-12-28
P005967,28,M,Valencia,Medium,1,1,0,0,None,2024-12-14
P005968,40,M,Township Sector,Low,0,0,0,0,Government,2020-06-30
P005969,44,M,Wapda Town,High,0,0,0,4,Government,2019-11-24
P005970,69,F,Bahria Town,Medium,1,0,0,0,None,2024-06-03
P005971,50,F,Shalimar,High,0,0,0,0,Private,2024-12-28
P005972,45,F,Garden Town,High,1,0,0,0,None,2021-08-21
P005973,38,M,Valencia,Medium,0,0,0,0,Government,2024-11-16
P005974,41,F,Garden Town,High,0,0,0,0,Government,2022-12-21
P005975,65,M,Gulberg,Medium,0,0,0,0,Private,2024-01-26
P005976,42,M,Bahria Town,Low,0,0,0,0,Government,2020-05-02
P005977,35,F,Faisal Town,Medium,1,0,0,0,Government,2022-06-05
P005978,32,M,Wapda Town,High,0,0,0,3,Private,2019-12-02
P005979,32,F,Township,,0,0,0,0,Government,2023-07-14
P005980,17,F,EME Society,Medium,0,1,0,0,None,2020-06-03
P005981,28,F,Iqbal Town,Low,0,0,0,0,None,2024-02-15
P005982,69,F,Shalimar,High,0,0,0,0,Government,2022-05-05
P005983,38,M,Faisal Town,Medium,0,0,0,0,Government,2023-02-10
P005984,55,F,Township Colony,Medium,1,1,0,0,Private,2023-02-15
P005985,0,F,Green Town,,0,0,0,0,Private,2024-05-31
P005986,52,F,Township Sector,Medium,0,0,0,2,None,2021-11-20
P005987,39,M,Township Sector,,0,0,0,0,None,2021-05-18
P005988,33,M,Samanabad,Medium,1,0,0,1,None,2023-09-21
P005989,45,F,Garden Town,Low,1,0,0,0,Private,2021-05-26
P005990,33,M,Garden Town,Low,0,0,0,0,Government,2019-11-29
P005991,4,F,Gulberg,Low,0,0,0,0,Government,2022-10-15
P005992,59,F,Green Town,Medium,0,0,0,0,Government,2024-08-14
P005993,46,F,Township Colony,Low,0,1,0,0,Private,2022-10-29
P005994,36,M,Askari,Low,0,0,0,0,Government,2022-08-06
P005995,25,M,EME Society,High,0,0,0,0,Private,2020-08-06
P005996,16,F,Cantt,,0,0,0,0,Government,2020-12-28
P005997,46,M,Johar Town,,1,1,0,0,None,2022-08-11
P005998,71,M,Valencia,Medium,0,1,0,0,Government,2022-04-13
P005999,46,M,,Low,1,0,0,2,None,2024-08-27
P006000,17,M,Green Town,Medium,0,0,0,0,None,2021-08-26
P006001,46,M,Bahria Town,Low,1,0,0,0,None,2023-01-21
P006002,41,F,Wapda Town,High,0,0,0,0,None,2023-11-05
P006003,58,F,Shalimar,Low,0,0,0,0,None,2022-12-31
P006004,53,M,Johar Town,,0,0,0,0,Government,2020-09-19
P006005,0,M,Township Colony,Medium,0,0,0,0,Private,2023-12-10
P006006,52,F,Samanabad,High,0,0,0,0,Private,2022-09-28
P006007,24,M,Model Town,Low,0,0,0,0,,2021-11-16
P006008,16,M,Allama Iqbal Town,Medium,0,0,0,1,Private,2023-05-19
P006009,39,M,EME Society,Low,1,1,0,0,Government,2023-12-24
P006010,49,M,Faisal Town,Medium,0,1,0,0,Government,2024-10-30
P006011,12,F,Samanabad,Low,0,0,0,0,Private,2023-06-04
P006012,55,M,Allama Iqbal Town,Medium,0,0,0,0,None,2019-07-18
P006013,56,M,Johar Town,Medium,0,1,0,0,None,2022-07-30
P006014,43,F,Askari,Medium,0,1,0,0,Private,2022-09-23
P006015,26,F,Garden Town,Medium,0,0,0,0,None,2019-06-06
P006016,24,M,Township,Medium,0,0,0,0,None,2021-03-05
P006017,60,F,Iqbal Town,Low,0,0,1,0,None,2019-07-11
P006018,15,F,Samanabad,Medium,0,0,0,1,None,2021-05-10
P006019,61,F,Township Sector,Medium,0,1,0,0,None,2021-08-27
P006020,39,F,Faisal Town,Medium,0,0,0,1,None,2021-07-21
P006021,40,F,Johar Town,Low,0,0,0,0,Private,2023-07-26
P006022,11,M,Township Sector,Medium,0,0,0,0,None,2021-01-06
P006023,39,M,Model Town,,0,1,0,0,Government,2021-03-23
P006024,53,M,Gulberg,High,1,0,0,0,None,2022-03-04
P006025,18,F,Township,,0,1,0,0,None,2019-11-05
P006026,51,F,Valencia,Medium,1,0,0,0,Government,2020-06-18
P006027,44,F,Township Sector,Low,0,0,0,0,None,2022-10-14
P006028,30,M,Township,Medium,0,0,0,0,Government,2024-02-05
P006029,57,M,Askari,Low,0,0,0,0,Private,2022-12-20
P006030,2,F,Township Colony,,0,0,0,1,None,2024-01-05
P006031,48,M,Allama Iqbal Town,Low,0,0,0,0,Private,2020-02-21
P006032,71,F,Township Sector,High,1,0,0,0,None,2019-07-24
P006033,68,F,Defence,Low,0,0,0,4,None,2023-11-20
P006034,49,M,Bahria Town,Low,0,0,0,0,None,2019-06-14
P006035,37,F,Johar Town,High,0,1,0,0,None,2024-04-28
P006036,31,M,Township Colony,Low,0,0,0,0,Government,2021-07-03
P006037,37,F,Township,Low,0,1,0,0,Private,2019-02-27
P006038,52,M,Wapda Town,Medium,1,0,0,0,Government,2023-01-04
P006039,27,F,Garden Town,High,0,0,0,0,Private,2024-12-25
P006040,56,F,Askari,Low,0,0,0,0,Government,2022-08-10
P006041,80,F,Defence,Medium,0,0,0,0,Private,2023-11-01
P006042,41,M,Green Town,Low,0,0,0,0,None,2020-03-29
P006043,18,M,Faisal Town,Medium,0,1,0,0,None,2024-07-22
P006044,18,M,Green Town,Low,0,0,0,0,None,2022-04-21
P006045,56,F,Township Sector,Medium,0,0,0,0,Government,2023-07-23
P006046,41,F,Shalimar,Medium,1,1,0,0,Government,2019-02-14
P006047,58,F,,High,0,1,0,0,Government,2021-02-10
P006048,32,M,Township Colony,Medium,0,0,0,0,Government,2019-12-29
P006049,57,F,Township,Medium,1,0,0,1,None,2024-07-13
P006050,39,F,Township,Medium,1,0,0,0,None,2020-09-04
P006051,29,M,Shalimar,Low,0,1,0,0,None,2022-04-24
P006052,35,M,Bahria Town,Low,0,0,0,0,None,2023-05-20
P006053,20,F,Valencia,Medium,0,0,0,0,Government,2020-07-21
P006054,78,F,Gulberg,Low,0,1,0,3,Private,2023-07-06
P006055,40,F,EME Society,Low,0,0,0,0,,2022-12-10
P006056,54,M,Township,Low,0,0,1,0,Government,2019-09-27
P006057,32,F,Gulberg,Low,0,0,0,0,Government,2020-07-05
P006058,23,M,Samanabad,Low,0,1,0,0,None,2020-01-04
P006059,38,F,Iqbal Town,Medium,0,1,0,0,Private,2020-04-09
P006060,62,M,Township,Medium,0,0,0,0,None,2020-03-05
P006061,33,M,Wapda Town,Low,0,1,0,0,Government,2022-08-24
P006062,26,F,,Medium,0,0,0,0,None,2022-06-03
P006063,45,F,Johar Town,Low,0,0,0,2,None,2021-12-08
P006064,51,F,Gulberg,,1,0,0,0,None,2019-07-06
P006065,72,M,Wapda Town,Medium,0,1,0,0,Private,2023-05-12
P006066,48,F,Faisal Town,Medium,1,0,0,0,Government,2023-09-21
P006067,54,M,Garden Town,Medium,1,0,1,4,Private,2023-08-11
P006068,55,F,Allama Iqbal Town,Medium,0,0,0,0,Government,2023-01-22
P006069,21,F,Samanabad,Medium,0,0,0,0,Private,2022-07-13
P006070,25,M,Johar Town,Low,0,0,0,0,Government,2023-04-07
P006071,22,M,Township Colony,High,0,0,0,1,None,2021-04-03
P006072,18,M,Allama Iqbal Town,High,0,0,0,0,None,2020-10-07
P006073,56,M,Gulberg,Medium,1,1,0,0,,2022-06-04
P006074,47,M,Township Sector,High,0,0,0,0,Private,2022-04-21
P006075,43,F,EME Society,Low,1,0,0,0,Government,2019-12-02
P006076,0,M,Garden Town,Medium,0,0,0,0,Government,2020-10-30
P006077,79,M,Valencia,Medium,1,0,0,0,Private,2019-12-25
P006078,26,M,EME Society,Low,1,0,0,0,None,2021-08-02
P006079,79,M,Township Colony,High,1,0,0,0,Government,2023-08-26
P006080,16,F,Township Colony,High,0,0,0,1,Government,2019-07-15
P006081,27,M,Model Town,High,0,0,0,1,None,2022-09-09
P006082,2,M,Gulberg,Medium,0,0,0,0,None,2020-03-05
P006083,49,F,Shalimar,,0,0,0,0,Government,2022-05-29
P006084,22,M,Shalimar,Medium,0,0,0,2,Government,2019-06-30
P006085,23,F,Garden Town,Low,0,0,0,0,None,2020-02-15
P006086,17,F,Bahria Town,High,1,0,0,0,None,2022-09-18
P006087,56,F,Green Town,Low,0,0,0,2,,2024-09-28
P006088,55,M,Cantt,Medium,0,0,0,0,,2023-10-27
P006089,75,M,Allama Iqbal Town,,1,1,0,0,None,2024-12-17
P006090,30,F,Samanabad,Low,0,0,0,0,Private,2024-11-14
P006091,46,F,EME Society,,1,0,0,0,Government,2022-05-11
P006092,19,F,Allama Iqbal Town,Medium,0,0,0,1,Government,2023-02-10
P006093,36,F,Samanabad,Low,0,0,0,0,Government,2021-07-31
P006094,33,F,Valencia,High,0,1,0,0,Government,2024-02-24
P006095,50,F,,Low,1,0,0,0,None,2020-02-22
P006096,60,M,Allama Iqbal Town,Medium,0,1,0,3,None,2021-01-26
P006097,60,F,,Low,0,0,0,1,None,2024-08-19
P006098,27,M,Township Sector,Low,0,0,0,1,None,2023-10-23
P006099,60,M,Bahria Town,Low,0,0,0,0,None,2019-06-24
P006100,41,F,Garden Town,,1,0,0,0,Government,2020-05-10
P006101,36,M,Iqbal Town,,0,0,0,0,Private,2023-11-13
P006102,29,F,Johar Town,High,0,0,0,0,Government,2022-04-28
P006103,32,F,Garden Town,Medium,1,1,0,0,None,2023-09-09
P006104,73,F,Gulberg,Low,0,1,0,0,Government,2021-04-06
P006105,48,M,Defence,Low,0,0,0,0,None,2023-09-21
P006106,45,M,Askari,Medium,0,0,0,0,Government,2023-02-14
P006107,37,M,EME Society,Low,1,1,0,0,None,2022-05-04
P006108,86,M,Allama Iqbal Town,Low,1,1,0,0,None,2022-07-07
P006109,65,F,Gulberg,Medium,0,1,0,1,Government,2019-04-20
P006110,29,M,Johar Town,Low,0,0,0,0,None,2023-08-31
P006111,37,F,Cantt,Medium,0,0,0,2,Government,2022-09-01
P006112,38,F,Cantt,Medium,0,0,0,0,Government,2020-05-21
P006113,45,M,Gulberg,Medium,0,1,0,0,None,2019-08-15
P006114,29,F,Iqbal Town,Medium,1,0,0,0,Private,2024-05-10
P006115,50,F,Johar Town,Medium,0,0,0,0,None,2021-08-28
P006116,68,F,Garden Town,Low,0,0,1,0,Private,2020-11-18
P006117,18,F,Shalimar,Low,0,0,0,0,,2024-03-27
P006118,22,M,Faisal Town,Low,0,0,0,0,Private,2019-05-30
P006119,33,F,Garden Town,Low,0,1,0,0,None,2024-04-03
P006120,34,M,Bahria Town,,0,1,0,0,Government,2021-05-15
P006121,78,F,EME Society,Medium,0,0,0,0,Government,2023-09-25
P006122,60,M,Gulberg,Medium,1,0,0,0,None,2019-03-14
P006123,59,M,Askari,Low,0,0,0,2,None,2023-07-17
P006124,37,M,Township,Low,0,0,0,0,None,2022-12-09
P006125,37,F,Wapda Town,Low,0,1,0,0,Government,2024-04-24
P006126,16,M,Askari,,0,0,0,0,None,2020-02-17
P006127,56,M,,Low,1,0,0,0,Government,2019-08-17
P006128,51,M,Green Town,Medium,0,1,0,4,None,2023-06-09
P006129,65,F,Garden Town,Low,1,0,0,0,Government,2023-01-02
P006130,38,F,Bahria Town,Medium,0,0,0,0,Private,2024-06-13
P006131,39,M,Askari,Medium,1,0,0,0,None,2023-09-08
P006132,45,F,,,1,0,0,0,Government,2022-07-15
P006133,58,F,EME Society,Medium,0,0,0,0,Government,2023-12-11
P006134,16,M,Garden Town,Medium,0,0,0,0,None,2022-12-25
P006135,55,F,EME Society,Medium,1,0,0,0,None,2019-11-26
P006136,42,F,Samanabad,,1,0,0,0,Private,2021-07-25
P006137,23,M,,High,1,0,0,0,None,2020-04-30
P006138,4,F,Township,Medium,0,0,0,0,None,2019-07-13
P006139,40,F,Iqbal Town,High,0,0,0,0,None,2019-12-21
P006140,68,F,Defence,,0,0,0,0,Private,2021-07-31
P006141,72,F,Askari,Low,1,0,0,0,None,2022-05-26
P006142,48,F,Green Town,Medium,1,1,0,0,Private,2021-06-17
P006143,77,M,Gulberg,Medium,0,0,0,0,Government,2024-11-09
P006144,41,F,Township Colony,Medium,0,0,0,1,Government,2021-04-25
P006145,59,F,EME Society,Medium,0,1,0,0,Private,2021-11-26
P006146,34,M,Cantt,Medium,0,0,0,2,Government,2022-09-30
P006147,33,F,Township,High,0,0,0,1,Government,2020-05-13
P006148,30,F,Garden Town,Low,0,0,0,0,Private,2022-01-27
P006149,5,F,EME Society,Medium,0,0,0,0,None,2020-05-08
P006150,65,F,Gulberg,Medium,0,0,0,0,Government,2024-06-14
P006151,30,F,Cantt,High,0,0,0,0,None,2021-09-23
P006152,28,F,Gulberg,Medium,0,0,0,0,Government,2023-07-17
P006153,21,M,Samanabad,Low,0,0,0,0,Private,2021-09-12
P006154,38,M,Defence,,0,0,0,0,None,2023-04-10
P006155,74,M,Township,Low,0,0,0,0,Government,2019-10-06
P006156,80,F,Allama Iqbal Town,Low,1,0,0,0,None,2024-06-04
P006157,12,M,Township Sector,Low,0,0,0,0,None,2020-11-01
P006158,36,M,Bahria Town,Low,0,0,0,0,None,2021-11-16
P006159,23,F,Askari,High,0,0,0,0,Government,2023-07-21
P006160,60,M,Model Town,Low,1,0,1,0,Private,2024-07-05
P006161,47,M,Garden Town,,0,0,0,0,Government,2022-03-11
P006162,31,F,Gulberg,Medium,0,0,0,0,Private,2021-06-26
P006163,43,M,Valencia,Low,1,1,0,0,Government,2021-11-01
P006164,33,F,Gulberg,Medium,1,0,0,0,None,2020-09-23
P006165,71,F,Samanabad,Medium,0,0,0,0,None,2021-05-03
P006166,52,F,Cantt,Low,1,0,0,0,Government,2023-09-29
P006167,54,F,Bahria Town,Medium,0,0,0,0,None,2023-03-12
P006168,0,M,Askari,Low,0,0,0,0,None,2023-10-20
P006169,41,M,Johar Town,Medium,0,0,0,0,Private,2020-11-07
P006170,79,F,Garden Town,Medium,0,0,0,0,None,2021-06-19
P006171,66,M,Samanabad,Low,1,1,0,0,Government,2019-07-21
P006172,9,M,Wapda Town,Medium,0,0,0,0,Government,2022-10-20
P006173,36,M,Faisal Town,Medium,0,0,0,0,Government,2023-03-23
P006174,20,M,Wapda Town,Low,0,0,0,0,None,2024-03-13
P006175,73,M,Township Colony,Low,1,0,0,0,None,2024-04-14
P006176,46,M,Township Sector,,0,1,0,0,Government,2019-03-04
P006177,28,F,Gulberg,Low,0,0,0,0,Private,2020-01-15
P006178,43,M,Iqbal Town,Medium,0,0,0,0,Private,2023-08-01
P006179,0,F,Gulberg,High,1,0,0,0,None,2021-10-12
P006180,22,,Bahria Town,Medium,0,0,0,3,Private,2021-02-02
P006181,43,F,Township Sector,Low,0,0,0,0,Government,2021-09-26
P006182,57,F,EME Society,Medium,0,0,0,4,Government,2024-07-30
P006183,7,M,Wapda Town,Medium,0,0,0,0,None,2024-09-30
P006184,35,M,Shalimar,Medium,0,0,0,0,Government,2019-11-01
P006185,60,F,Faisal Town,,0,0,0,0,None,2022-11-18
P006186,16,F,,Medium,0,0,0,0,None,2022-11-11
P006187,46,F,Valencia,Low,1,0,0,0,Private,2021-08-04
P006188,43,M,Iqbal Town,,0,0,0,0,None,2023-07-21
P006189,73,F,Township,High,0,0,0,3,Government,2020-02-19
P006190,38,F,Johar Town,Medium,0,0,0,0,Government,2019-11-14
P006191,39,M,Bahria Town,,1,0,0,0,Government,2021-02-06
P006192,57,F,Gulberg,Medium,0,0,0,0,None,2024-03-31
P006193,18,F,Valencia,High,0,1,0,0,Government,2019-03-25
P006194,38,F,EME Society,Medium,0,0,0,0,,2021-06-05
P006195,34,F,Cantt,High,0,0,0,0,None,2022-09-14
P006196,39,M,Garden Town,High,0,0,0,0,None,2019-03-09
P006197,57,F,Bahria Town,High,0,0,0,0,None,2020-08-16
P006198,52,F,Gulberg,High,1,0,1,0,None,2022-12-09
P006199,29,M,Askari,Medium,0,0,0,0,Private,2023-08-20
P006200,44,M,Model Town,Medium,1,1,0,0,None,2019-01-11
P006201,69,F,,,1,0,0,0,,2023-01-25
P006202,27,M,Iqbal Town,Medium,0,0,0,0,Government,2024-08-15
P006203,45,F,Allama Iqbal Town,Medium,0,0,0,0,None,2021-12-25
P006204,39,F,Iqbal Town,Medium,0,0,0,0,,2022-01-27
P006205,41,M,Johar Town,Medium,0,0,0,0,Government,2023-10-03
P006206,13,F,Askari,Medium,0,0,0,0,None,2024-04-05
P006207,67,F,Model Town,High,0,1,0,0,Private,2020-10-08
P006208,28,M,Faisal Town,Medium,0,0,0,0,,2023-01-02
P006209,60,M,Iqbal Town,Medium,1,0,0,0,None,2023-05-11
P006210,31,M,EME Society,,1,1,0,0,None,2024-08-16
P006211,31,M,Askari,Medium,0,1,0,0,None,2021-07-09
P006212,64,F,Allama Iqbal Town,Medium,1,1,0,0,Private,2022-04-01
P006213,60,M,Garden Town,Medium,0,0,0,0,None,2021-04-11
P006214,46,F,Green Town,Medium,1,1,0,0,Private,2020-12-13
P006215,56,M,Cantt,Medium,0,0,0,0,,2021-01-04
P006216,37,F,EME Society,Low,0,1,0,2,None,2019-06-25
P006217,42,F,EME Society,Low,0,0,0,0,Private,2023-06-13
P006218,30,F,Green Town,,1,0,0,0,Government,2020-07-09
P006219,58,M,Shalimar,High,1,0,0,0,None,2022-07-04
P006220,30,F,Township Colony,,1,0,0,0,Government,2024-06-06
P006221,69,M,Allama Iqbal Town,High,1,0,0,0,Government,2021-07-16
P006222,36,M,Township,Medium,0,1,0,0,None,2024-11-23
P006223,42,M,Model Town,Low,0,1,0,0,Government,2019-05-15
P006224,56,F,Bahria Town,Medium,0,1,0,0,None,2019-03-22
P006225,42,F,Garden Town,Low,0,0,0,0,Government,2021-01-08
P006226,37,M,Model Town,Low,0,0,0,0,Private,2020-07-16
P006227,41,M,Bahria Town,High,0,0,0,0,None,2023-08-18
P006228,58,F,Samanabad,Medium,0,0,0,0,Government,2020-03-20
P006229,30,M,Township,Low,1,0,0,0,None,2023-12-15
P006230,40,F,Shalimar,Medium,0,0,0,0,Government,2022-02-02
P006231,42,F,Township Colony,Medium,0,0,0,4,None,2020-06-04
P006232,58,F,Defence,Medium,0,0,0,0,Private,2021-10-01
P006233,40,F,Samanabad,Low,0,0,0,0,None,2022-11-07
P006234,75,F,Valencia,Medium,1,0,0,0,Government,2024-11-19
P006235,39,M,Johar Town,Medium,0,0,0,0,None,2019-05-21
P006236,38,F,Township Sector,Medium,0,0,0,0,Private,2021-02-14
P006237,39,M,,High,0,0,0,0,Private,2021-09-20
P006238,18,M,Samanabad,Medium,0,1,0,0,Government,2022-07-22
P006239,23,M,Defence,High,1,0,0,0,Government,2024-04-13
P006240,32,F,Cantt,High,0,0,0,0,Government,2023-10-09
P006241,62,M,Faisal Town,Low,0,0,0,0,Government,2022-01-20
P006242,41,F,Model Town,Low,0,0,0,0,None,2019-02-03
P006243,33,M,Township Sector,Medium,0,0,0,0,None,2020-06-15
P006244,64,,Askari,High,0,1,0,0,Government,2023-09-28
P006245,70,M,EME Society,Low,0,1,0,0,Government,2021-11-17
P006246,65,F,Model Town,Low,1,0,0,0,Government,2023-02-26
P006247,27,M,Allama Iqbal Town,Medium,1,0,0,0,Private,2023-03-03
P006248,33,F,Samanabad,Medium,0,0,0,0,Government,2024-06-13
P006249,75,F,,Low,1,1,0,4,Government,2020-08-31
P006250,46,M,Township,Low,0,1,0,3,Private,2024-10-12
P006251,37,F,Shalimar,Low,0,1,0,0,None,2023-04-27
P006252,55,M,Bahria Town,High,1,0,0,0,Government,2022-05-25
P006253,60,M,Township Sector,Medium,0,1,0,0,None,2019-10-26
P006254,32,M,Cantt,Medium,0,0,0,0,None,2023-05-27
P006255,46,M,Wapda Town,High,0,0,0,0,None,2024-09-13
P006256,59,M,Garden Town,Medium,0,0,0,0,Private,2024-11-30
P006257,21,M,Defence,High,0,0,0,0,Private,2020-07-12
P006258,42,F,Faisal Town,,0,0,0,1,None,2024-01-22
P006259,22,M,Bahria Town,Low,0,0,0,0,,2024-09-03
P006260,24,M,,Medium,0,0,0,0,Government,2022-06-28
P006261,32,F,Cantt,Low,0,0,0,0,None,2019-06-02
P006262,51,F,Gulberg,High,0,0,0,0,None,2019-11-18
P006263,36,F,Gulberg,Medium,0,0,0,0,None,2023-03-04
P006264,30,M,Green Town,Low,0,0,0,2,Private,2021-03-24
P006265,43,F,Model Town,,0,0,0,0,None,2022-02-03
P006266,21,M,Gulberg,Medium,0,0,0,0,Private,2024-04-04
P006267,50,M,Bahria Town,,1,1,0,0,None,2022-08-20
P006268,62,M,Bahria Town,Low,1,0,0,0,Government,2019-07-02
P006269,41,F,Defence,High,1,1,0,0,None,2021-07-09
P006270,38,M,Township Colony,,0,1,0,2,None,2024-04-26
P006271,49,M,Defence,High,0,1,0,0,None,2023-12-27
P006272,5,F,,,0,0,0,0,None,2022-10-13
P006273,52,F,Valencia,Medium,1,1,0,0,Government,2021-11-12
P006274,95,F,Samanabad,Low,0,0,0,0,Government,2023-11-09
P006275,40,M,Johar Town,Medium,0,1,0,0,Private,2022-03-18
P006276,40,F,Allama Iqbal Town,Low,0,0,0,0,Private,2021-05-30
P006277,55,F,Township,High,0,0,0,2,None,2019-12-09
P006278,72,F,Cantt,Low,0,0,0,0,None,2020-11-02
P006279,60,F,Iqbal Town,Low,0,1,0,0,Private,2023-10-18
P006280,3,F,Township Sector,Medium,0,0,0,0,Private,2024-10-24
P006281,52,M,Garden Town,Medium,0,0,0,0,Private,2022-07-31
P006282,88,F,Model Town,Medium,1,0,0,0,None,2022-07-15
P006283,53,M,Cantt,Medium,1,1,0,0,None,2022-12-11
P006284,21,F,Township Sector,Medium,1,1,0,0,None,2023-02-09
P006285,47,F,Green Town,High,0,0,0,0,None,2022-09-02
P006286,19,M,Green Town,Medium,0,0,0,0,Private,2024-07-23
P006287,64,M,Johar Town,Medium,0,0,0,0,None,2024-04-03
P006288,25,M,EME Society,High,0,0,0,0,Government,2021-11-05
P006289,43,F,Garden Town,Low,1,0,0,0,None,2020-09-14
P006290,27,F,Allama Iqbal Town,Low,0,0,0,2,Private,2019-06-29
P006291,32,M,Faisal Town,Low,0,0,0,0,None,2022-07-24
P006292,69,F,Shalimar,Medium,0,1,0,0,None,2020-06-27
P006293,44,M,Iqbal Town,Medium,0,0,0,0,Private,2020-03-04
P006294,32,F,Askari,Low,0,0,0,0,Government,2022-09-27
P006295,21,F,Bahria Town,Low,0,0,0,0,None,2023-06-23
P006296,8,M,Faisal Town,Low,0,0,0,0,Private,2023-07-29
P006297,19,M,,,0,0,0,0,Private,2021-04-18
P006298,44,M,EME Society,Low,0,0,0,0,None,2022-01-13
P006299,60,M,Samanabad,Medium,0,0,0,4,None,2021-10-04
P006300,32,F,Samanabad,High,1,0,0,0,Government,2022-11-05
P006301,70,M,Iqbal Town,Medium,1,0,0,0,,2021-03-25
P006302,29,M,Cantt,High,0,0,0,0,None,2023-02-01
P006303,38,F,Wapda Town,High,0,0,0,0,Private,2020-03-23
P006304,23,F,Township Sector,,0,0,0,0,Private,2019-04-02
P006305,60,M,Model Town,Medium,0,0,0,0,None,2021-09-11
P006306,80,F,Defence,Medium,1,0,0,0,,2021-11-07
P006307,10,M,Askari,Medium,1,0,0,0,None,2022-05-08
P006308,36,F,Valencia,Medium,0,0,0,2,Government,2024-04-04
P006309,65,M,Allama Iqbal Town,Low,0,0,0,0,None,2020-11-19
P006310,16,M,Valencia,Medium,0,0,0,0,None,2019-05-11
P006311,52,M,Faisal Town,,0,1,0,0,,2020-09-06
P006312,64,M,Bahria Town,Medium,0,1,0,0,None,2023-01-17
P006313,43,F,Shalimar,Medium,0,0,0,0,Private,2024-10-12
P006314,52,M,Gulberg,Medium,0,0,0,0,,2022-04-22
P006315,74,M,EME Society,Medium,0,0,0,0,None,2020-08-22
P006316,77,M,Allama Iqbal Town,Medium,1,0,0,0,None,2023-04-25
P006317,41,M,Askari,Medium,0,0,0,0,Government,2020-09-23
P006318,32,M,Model Town,Low,0,1,0,0,None,2024-05-05
P006319,25,M,Iqbal Town,Medium,1,0,0,0,None,2019-11-10
P006320,60,F,Township Colony,,0,1,0,0,None,2024-04-29
P006321,17,M,Gulberg,Low,0,0,0,0,Private,2022-07-27
P006322,37,M,Gulberg,High,1,0,0,0,None,2023-12-07
P006323,44,F,Township,Low,0,0,0,0,Private,2022-10-24
P006324,33,F,Bahria Town,High,0,0,0,0,,2021-08-05
P006325,47,M,Shalimar,Medium,0,0,0,0,None,2023-02-05
P006326,88,F,Gulberg,,0,1,0,0,None,2020-01-25
P006327,40,F,Township Sector,Medium,1,0,0,0,Private,2020-11-21
P006328,34,F,Township Sector,Medium,0,1,0,0,None,2023-04-23
P006329,60,M,Bahria Town,Medium,1,1,0,0,None,2019-02-24
P006330,46,M,Garden Town,,1,0,0,1,None,2023-07-09
P006331,68,M,Shalimar,Low,0,1,0,0,Private,2019-08-13
P006332,45,M,Valencia,Low,1,0,0,0,Private,2019-11-22
P006333,38,M,Allama Iqbal Town,Medium,1,1,0,0,None,2019-08-20
P006334,10,F,Township Colony,Medium,0,0,0,0,None,2023-06-11
P006335,13,F,Johar Town,Low,0,0,0,0,Government,2019-02-05
P006336,9,F,Samanabad,Medium,0,0,0,0,Government,2023-06-11
P006337,49,F,Township Sector,Low,0,1,0,2,Government,2023-12-21
P006338,17,M,Bahria Town,Low,0,1,0,4,Government,2022-04-02
P006339,65,F,Bahria Town,Medium,1,0,0,0,Government,2019-08-19
P006340,43,M,Defence,Medium,1,0,0,0,None,2024-02-19
P006341,38,M,Township Colony,Low,0,0,0,3,Private,2020-05-15
P006342,27,F,EME Society,High,0,0,0,0,Private,2024-05-29
P006343,53,M,Johar Town,Medium,1,0,0,0,None,2022-09-15
P006344,28,M,Bahria Town,Medium,0,0,0,0,None,2020-01-26
P006345,24,M,Wapda Town,Low,0,0,0,0,Private,2019-07-18
P006346,63,M,EME Society,,0,1,0,0,Government,2020-01-21
P006347,48,M,Valencia,High,0,1,0,0,Private,2022-06-15
P006348,38,M,EME Society,Medium,1,0,0,0,None,2019-07-22
P006349,54,M,Valencia,Low,0,0,0,0,None,2021-09-17
P006350,42,F,Samanabad,Medium,0,1,0,0,Private,2024-07-08
P006351,49,F,Iqbal Town,Medium,1,0,0,0,None,2024-11-16
P006352,27,F,Samanabad,Low,0,0,0,0,Private,2019-12-27
P006353,79,F,Wapda Town,Medium,1,1,0,0,None,2022-09-28
P006354,32,F,Township Colony,Low,1,0,0,0,None,2022-03-17
P006355,70,F,Cantt,Medium,0,1,0,0,Government,2021-11-04
P006356,39,F,Township Sector,Medium,1,0,0,0,Government,2019-07-23
P006357,57,F,Model Town,Medium,0,0,0,0,None,2021-04-15
P006358,55,F,Shalimar,High,0,1,0,0,Private,2022-07-19
P006359,63,M,Wapda Town,Medium,0,1,0,0,None,2022-12-06
P006360,27,M,Cantt,Low,0,1,0,0,Private,2021-07-15
P006361,61,M,Township Sector,Medium,0,1,0,0,None,2024-07-11
P006362,75,F,Wapda Town,Medium,1,0,0,0,Government,2020-05-25
P006363,37,M,Defence,Medium,0,0,0,2,None,2022-04-02
P006364,43,F,Faisal Town,High,0,0,0,1,None,2023-01-30
P006365,33,F,Township Colony,Medium,1,1,0,1,Government,2020-03-28
P006366,36,F,Green Town,High,1,0,0,0,Government,2021-10-25
P006367,73,M,Samanabad,,1,0,0,0,Government,2019-08-17
P006368,24,M,Samanabad,Low,0,0,0,0,None,2021-12-07
P006369,25,M,Iqbal Town,Low,0,0,0,0,None,2022-12-03
P006370,71,M,Township Sector,Medium,0,0,0,0,None,2024-10-19
P006371,53,F,Garden Town,Low,1,0,0,0,None,2019-03-07
P006372,80,M,Gulberg,Low,1,1,0,0,None,2020-11-20
P006373,34,F,Green Town,High,0,0,0,0,None,2020-10-31
P006374,44,F,EME Society,Low,0,0,0,0,Private,2024-12-13
P006375,30,M,Defence,Low,0,0,0,0,None,2024-03-13
P006376,45,M,Cantt,Low,0,0,0,0,,2024-01-11
P006377,10,F,Allama Iqbal Town,Low,0,0,0,1,,2024-02-21
P006378,54,F,Allama Iqbal Town,Low,0,1,0,0,Government,2019-12-19
P006379,48,F,Model Town,Low,0,0,0,0,None,2020-03-12
P006380,41,F,Gulberg,Low,0,1,0,1,None,2021-02-09
P006381,35,F,Township Colony,,0,0,0,2,None,2023-01-19
P006382,26,M,EME Society,Medium,0,0,0,0,,2020-11-19
P006383,55,F,Allama Iqbal Town,Medium,0,0,0,0,Government,2023-11-03
P006384,21,F,Shalimar,Medium,0,0,0,0,Government,2023-05-20
P006385,51,F,,Medium,0,0,0,0,Private,2023-03-27
P006386,79,M,Wapda Town,High,0,0,0,0,None,2020-08-05
P006387,69,F,Shalimar,Medium,1,1,0,0,Government,2022-02-19
P006388,15,F,Township,Low,0,0,0,0,None,2020-09-04
P006389,32,M,Defence,Low,1,0,1,0,Government,2022-09-06
P006390,50,M,Township,Low,0,0,0,0,Government,2023-06-01
P006391,41,,Iqbal Town,,0,1,0,0,Government,2021-09-07
P006392,17,M,Township,,0,0,0,1,,2023-08-26
P006393,49,F,Wapda Town,Low,0,1,0,0,None,2020-09-27
P006394,42,M,Johar Town,Low,0,0,0,0,None,2023-05-29
P006395,76,F,Cantt,,0,0,0,0,None,2020-03-30
P006396,37,M,Wapda Town,,0,0,0,0,Government,2021-12-22
P006397,63,M,Model Town,Low,1,0,0,0,Private,2024-03-24
P006398,19,M,Wapda Town,High,0,0,0,0,Private,2023-06-17
P006399,23,M,Shalimar,Medium,0,0,0,0,Government,2021-11-22
P006400,55,F,Cantt,Medium,0,0,0,2,Private,2022-07-18
P006401,62,M,Gulberg,,0,0,0,0,Government,2022-11-07
P006402,25,F,Allama Iqbal Town,Medium,0,0,0,0,Government,2024-02-21
P006403,42,F,Garden Town,Low,0,0,0,0,None,2020-10-25
P006404,17,F,Cantt,High,0,0,0,0,None,2023-03-29
P006405,39,,Gulberg,Medium,0,0,0,0,None,2024-08-16
P006406,57,M,Defence,Medium,0,0,0,0,,2022-09-04
P006407,34,M,Defence,,1,0,0,0,Private,2023-04-16
P006408,38,F,EME Society,,0,0,0,0,Private,2022-09-17
P006409,22,M,Township,Low,0,0,0,0,Government,2024-08-05
P006410,30,M,Cantt,Low,0,0,0,0,None,2020-10-03
P006411,74,M,Shalimar,Medium,0,1,0,0,None,2024-08-19
P006412,43,F,Shalimar,Low,0,1,0,2,Private,2022-07-19
P006413,24,F,Defence,Medium,0,0,0,0,None,2022-09-01
P006414,36,M,Green Town,Medium,0,0,0,0,None,2024-11-05
P006415,13,M,Iqbal Town,Low,0,0,0,0,Government,2019-05-20
P006416,24,F,Township Sector,Low,0,0,0,0,None,2024-09-03
P006417,66,F,Valencia,,0,1,0,0,Government,2024-08-30
P006418,39,F,Askari,Low,0,0,0,1,Government,2019-09-22
P006419,76,F,Model Town,Low,0,0,0,0,None,2022-10-25
P006420,40,M,Askari,Medium,0,0,0,0,Government,2021-05-12
P006421,41,F,Bahria Town,Low,1,1,0,0,None,2020-04-28
P006422,54,F,Valencia,,0,0,0,0,Private,2020-05-12
P006423,0,M,Township Sector,High,0,0,0,0,Private,2019-01-01
P006424,46,F,Valencia,Medium,0,0,0,0,,2023-08-19
P006425,41,F,Valencia,Medium,0,0,0,0,Private,2020-09-03
P006426,69,M,Model Town,Medium,0,0,0,0,Government,2022-05-11
P006427,59,F,Gulberg,High,0,1,0,3,Government,2021-06-24
P006428,22,M,Samanabad,High,0,0,0,0,None,2024-04-26
P006429,64,M,Samanabad,Medium,0,0,0,0,None,2019-11-05
P006430,37,M,EME Society,Low,0,0,0,0,Government,2019-10-09
P006431,200,F,Samanabad,Low,0,0,0,0,Private,2023-05-11
P006432,46,M,Valencia,Low,1,0,0,0,None,2022-09-22
P006433,38,F,Township,Low,0,0,0,0,None,2022-06-02
P006434,70,M,Johar Town,,0,0,0,0,None,2021-11-27
P006435,48,F,Gulberg,High,0,0,0,0,None,2022-03-18
P006436,46,F,Cantt,Low,1,0,0,0,Government,2022-07-07
P006437,58,F,Gulberg,,0,0,0,0,Private,2024-08-06
P006438,62,M,Askari,,1,1,0,0,None,2023-11-23
P006439,56,M,Cantt,High,1,1,0,2,Government,2024-06-17
P006440,68,F,Iqbal Town,Low,0,0,0,3,Private,2024-01-25
P006441,53,M,Garden Town,Low,1,0,0,0,None,2020-05-05
P006442,45,M,Shalimar,Medium,0,0,0,0,None,2019-01-01
P006443,64,F,Gulberg,High,0,1,0,0,Government,2022-04-18
P006444,40,F,Wapda Town,,1,0,0,0,Private,2024-02-15
P006445,43,M,Green Town,Medium,1,1,0,4,Private,2021-07-01
P006446,73,M,Iqbal Town,Medium,0,1,0,0,Government,2024-11-17
P006447,71,M,Township Sector,Medium,1,0,0,0,Private,2020-07-13
P006448,42,M,Township,Low,0,0,0,0,Government,2023-08-06
P006449,34,M,Iqbal Town,,0,0,1,0,None,2019-09-10
P006450,68,F,EME Society,High,1,1,0,0,Private,2020-03-06
P006451,56,M,Faisal Town,,1,0,0,0,Government,2024-06-13
P006452,48,F,EME Society,Low,0,1,0,0,Private,2020-10-11
P006453,36,M,Shalimar,Medium,0,0,0,0,Government,2024-09-05
P006454,48,M,Valencia,Medium,1,0,0,0,None,2019-08-05
P006455,42,M,Valencia,Low,0,0,0,0,None,2024-05-28
P006456,30,M,Green Town,Low,1,0,0,0,Private,2024-12-06
P006457,44,F,Garden Town,Low,0,1,0,0,None,2024-12-08
P006458,47,F,Township Colony,,0,0,0,0,Private,2021-06-26
P006459,35,M,Defence,Low,0,1,0,0,Private,2021-09-21
P006460,58,F,Wapda Town,Medium,0,0,0,2,Government,2024-05-30
P006461,65,F,Faisal Town,Medium,0,0,0,0,Government,2019-11-06
P006462,59,M,Defence,High,0,0,0,1,Government,2023-08-13
P006463,37,F,EME Society,High,1,0,0,0,Government,2019-07-23
P006464,56,F,Valencia,High,0,0,0,0,None,2021-02-15
P006465,43,F,Allama Iqbal Town,High,0,1,0,1,Government,2023-09-12
P006466,20,M,Samanabad,Medium,0,0,0,3,Government,2020-07-21
P006467,54,F,Samanabad,Low,0,0,0,0,Government,2019-07-10
P006468,45,M,Faisal Town,Low,0,0,0,2,Private,2021-09-24
P006469,89,F,Shalimar,Medium,1,1,0,0,Government,2022-11-30
P006470,68,F,Township Colony,,0,1,1,0,,2021-01-02
P006471,55,F,Iqbal Town,Medium,0,0,0,0,None,2022-12-14
P006472,46,F,Township,Low,0,0,1,0,,2022-05-04
P006473,45,,Johar Town,Medium,0,0,0,2,None,2023-02-25
P006474,24,F,Green Town,Low,0,1,0,0,None,2019-03-06
P006475,11,F,,Low,0,1,0,0,,2020-02-11
P006476,26,F,Garden Town,,0,0,0,0,Private,2022-09-26
P006477,41,F,Iqbal Town,Medium,1,0,0,0,Private,2021-06-05
P006478,4,F,Gulberg,High,0,0,1,0,Private,2024-04-27
P006479,32,F,Valencia,Medium,0,0,0,0,None,2020-08-17
P006480,38,M,EME Society,Medium,0,0,0,2,Private,2020-05-07
P006481,38,F,Township,Low,0,0,0,0,Private,2019-03-12
P006482,30,M,Township Sector,Low,1,0,0,0,,2021-01-23
P006483,36,M,Garden Town,Medium,0,0,0,0,Private,2019-05-27
P006484,73,F,Samanabad,Low,0,0,0,0,Government,2024-06-20
P006485,54,M,Model Town,,0,1,0,0,None,2022-01-03
P006486,32,M,Samanabad,High,0,0,0,0,,2023-03-06
P006487,41,M,Model Town,Low,0,0,0,0,,2022-08-20
P006488,41,M,Bahria Town,,0,0,0,0,Private,2019-01-30
P006489,28,M,Faisal Town,Medium,0,0,0,0,Government,2022-06-12
P006490,28,F,Bahria Town,Low,1,0,0,0,Government,2021-06-18
P006491,60,M,Green Town,Medium,0,0,0,0,None,2023-11-11
P006492,34,F,Gulberg,Medium,0,1,0,0,None,2019-09-23
P006493,22,M,Green Town,High,0,0,0,1,None,2021-08-13
P006494,41,M,Model Town,,0,0,0,0,None,2020-05-31
P006495,44,M,EME Society,Medium,0,0,0,0,None,2021-02-25
P006496,6,M,Township,Low,0,0,0,0,Government,2023-08-09
P006497,41,F,Green Town,Low,1,0,0,0,Private,2019-07-25
P006498,58,M,Askari,,0,0,0,0,Government,2019-07-11
P006499,50,F,Wapda Town,Medium,0,0,0,2,None,2023-09-16
P006500,82,M,Johar Town,Medium,0,0,0,0,None,2020-12-28
P006501,65,M,Cantt,High,0,0,1,0,None,2019-04-22
P006502,68,F,Garden Town,Low,1,0,0,2,Private,2019-12-15
P006503,92,M,Township Colony,Medium,0,1,0,0,Private,2019-07-14
P006504,56,F,Iqbal Town,Low,1,1,0,0,Private,2023-08-11
P006505,45,F,Defence,Medium,0,1,0,0,Private,2023-09-29
P006506,60,M,Iqbal Town,Low,1,0,0,0,None,2021-04-30
P006507,32,M,Bahria Town,Low,1,0,0,0,None,2022-01-27
P006508,44,M,Green Town,Medium,0,0,0,1,Government,2021-11-21
P006509,30,F,Model Town,Low,0,0,0,0,Private,2021-06-08
P006510,49,F,Township Colony,,1,1,0,0,Government,2019-10-25
P006511,30,F,Johar Town,High,0,0,0,0,Government,2019-10-11
P006512,30,F,,,0,0,0,0,,2024-06-10
P006513,49,,Cantt,Medium,0,1,0,1,Private,2020-05-21
P006514,40,F,Defence,,0,0,0,1,Government,2024-03-16
P006515,7,M,Samanabad,Medium,0,0,0,0,Private,2023-07-11
P006516,150,F,Allama Iqbal Town,Low,0,0,1,0,Government,2023-09-24
P006517,21,M,Valencia,Medium,1,0,0,0,Government,2020-05-10
P006518,26,M,Model Town,Medium,0,0,0,0,Private,2023-12-27
P006519,49,F,Samanabad,Medium,1,0,0,0,None,2022-03-14
P006520,46,M,Garden Town,Medium,0,1,0,0,None,2024-12-20
P006521,61,F,Cantt,Low,0,0,0,0,Private,2024-08-09
P006522,56,F,,Medium,1,0,0,0,None,2022-03-26
P006523,61,M,Cantt,Low,1,0,0,0,None,2022-02-19
P006524,53,F,Faisal Town,High,0,0,0,0,None,2024-03-15
P006525,46,F,Askari,Medium,0,0,0,0,Private,2022-05-15
P006526,62,M,Green Town,High,0,0,0,0,None,2024-04-03
P006527,59,F,EME Society,Low,1,0,0,0,Private,2024-02-04
P006528,49,,Allama Iqbal Town,Medium,0,0,0,0,None,2021-11-17
P006529,65,M,Defence,,0,0,0,0,Private,2024-11-27
P006530,0,F,Township,Low,0,0,0,0,None,2020-01-22
P006531,37,M,Gulberg,,0,0,0,0,None,2021-06-24
P006532,36,F,Defence,Medium,0,1,0,0,None,2022-05-28
P006533,63,F,Valencia,Medium,0,0,0,2,Government,2023-12-25
P006534,70,M,Valencia,High,0,0,0,0,None,2023-09-16
P006535,16,F,Johar Town,,0,0,0,1,Private,2019-07-09
P006536,67,M,Wapda Town,Medium,0,1,0,2,Private,2023-01-09
P006537,21,F,Iqbal Town,Medium,0,0,0,3,Government,2020-05-14
P006538,21,F,Defence,Low,0,0,0,1,,2023-04-20
P006539,38,M,Faisal Town,Medium,0,1,0,0,Government,2024-01-09
P006540,36,M,Johar Town,Medium,1,0,0,0,None,2020-02-17
P006541,14,F,Allama Iqbal Town,,0,0,0,0,Private,2021-02-10
P006542,54,M,Township Colony,Medium,0,0,0,0,Private,2019-08-17
P006543,54,F,Cantt,Medium,0,0,0,0,None,2019-10-25
P006544,61,F,Bahria Town,High,0,0,0,0,None,2020-11-04
P006545,34,M,Wapda Town,Low,0,0,0,0,,2020-02-07
P006546,41,M,Township Colony,Medium,1,0,0,0,Government,2022-04-02
P006547,41,F,Model Town,Medium,0,0,0,0,Government,2020-05-18
P006548,72,M,Shalimar,,0,0,0,0,Government,2020-04-15
P006549,0,F,Defence,Medium,0,0,0,0,Private,2024-09-05
P006550,25,M,Township,Medium,1,1,0,0,Government,2020-02-26
P006551,42,M,Cantt,Low,0,0,0,1,,2022-12-31
P006552,22,F,,Medium,0,0,0,0,,2024-11-27
P006553,37,F,Model Town,,0,1,0,0,Government,2024-08-11
P006554,40,M,Township Sector,Low,1,0,0,0,,2023-07-13
P006555,30,M,Shalimar,,0,0,0,0,None,2024-03-19
P006556,43,F,Cantt,Medium,1,1,0,0,Private,2021-02-27
P006557,53,F,Cantt,Medium,1,0,0,0,Private,2024-07-21
P006558,38,F,Defence,Medium,0,0,0,0,,2019-09-27
P006559,34,M,Shalimar,Medium,0,1,0,0,Government,2021-05-13
P006560,39,M,Bahria Town,Low,1,0,0,0,None,2019-11-26
P006561,42,M,Township,Medium,0,0,0,0,Private,2022-08-28
P006562,11,F,EME Society,Low,0,0,0,0,None,2021-05-18
P006563,50,M,Samanabad,High,0,0,0,0,,2023-11-18
P006564,34,F,Shalimar,Medium,0,1,0,0,Government,2020-04-06
P006565,65,F,Iqbal Town,Low,0,0,0,3,None,2020-08-19
P006566,53,F,Askari,Medium,1,1,1,0,None,2019-02-22
P006567,63,F,Gulberg,,1,0,0,1,,2020-03-21
P006568,24,M,,High,0,0,0,0,None,2023-11-04
P006569,35,F,Valencia,Medium,0,0,0,0,None,2020-06-01
P006570,20,F,Wapda Town,Low,0,1,0,0,Private,2020-07-24
P006571,29,M,Samanabad,Medium,0,0,0,0,None,2019-09-15
P006572,65,F,Township Sector,Medium,0,1,0,0,None,2024-02-28
P006573,69,F,Green Town,Medium,1,1,0,0,Private,2021-11-03
P006574,21,F,Defence,Low,0,0,0,0,,2024-08-22
P006575,34,F,Garden Town,High,0,1,0,0,None,2020-01-11
P006576,41,F,Township Colony,Medium,0,0,0,0,Government,2021-11-25
P006577,53,M,Model Town,Low,0,0,0,0,None,2023-03-16
P006578,10,F,EME Society,,0,0,0,0,Private,2020-07-06
P006579,13,F,Garden Town,Low,0,1,0,0,Private,2023-07-05
P006580,51,M,Township,Medium,1,0,0,0,Private,2022-11-05
P006581,7,F,Township Sector,,1,0,0,0,None,2023-08-24
P006582,34,M,EME Society,Medium,0,0,0,0,None,2024-09-09
P006583,45,F,Johar Town,Low,0,0,0,0,None,2023-10-14
P006584,49,M,Shalimar,Low,0,0,0,0,None,2023-07-07
P006585,39,F,Green Town,Low,0,0,0,0,None,2021-10-30
P006586,35,F,Shalimar,Low,0,1,0,0,Government,2019-12-03
P006587,57,M,Askari,,1,1,0,0,Private,2020-07-02
P006588,47,M,Johar Town,Medium,1,0,0,2,Private,2023-12-09
P006589,30,M,Wapda Town,Medium,1,0,0,0,Government,2019-08-28
P006590,43,F,Green Town,Medium,0,1,0,0,None,2022-05-18
P006591,49,F,Township Sector,Medium,1,0,1,0,,2023-09-20
P006592,73,M,Wapda Town,Low,1,0,0,0,None,2021-09-29
P006593,56,M,Township,Medium,0,0,0,0,None,2022-08-16
P006594,64,F,Valencia,Low,0,0,0,0,Private,2020-02-03
P006595,31,F,Township Colony,Medium,0,0,0,0,Government,2023-12-05
P006596,33,M,,Medium,0,0,0,0,None,2022-03-27
P006597,38,M,Valencia,Medium,0,1,0,0,None,2020-07-06
P006598,39,M,Township,Medium,1,0,0,0,None,2023-06-06
P006599,24,M,Valencia,,0,0,0,0,None,2023-11-23
P006600,65,F,Township Colony,Low,0,0,0,0,,2021-04-08
P006601,58,M,Shalimar,High,0,0,0,0,None,2023-04-16
P006602,36,F,Wapda Town,Low,0,0,0,0,,2024-09-18
P006603,54,F,Township,Low,1,0,0,1,None,2023-10-22
P006604,46,M,Defence,Low,0,0,0,0,None,2020-01-07
P006605,55,M,Defence,High,0,0,0,0,Private,2021-03-17
P006606,18,F,Valencia,High,1,0,0,0,Private,2019-02-17
P006607,39,M,Shalimar,Low,0,0,0,4,None,2023-12-07
P006608,41,F,Bahria Town,Low,0,0,0,0,Government,2022-01-15
P006609,53,F,Garden Town,Medium,1,0,0,0,None,2020-01-27
P006610,31,M,EME Society,Low,1,0,0,0,Government,2020-01-10
P006611,0,M,Samanabad,Low,0,0,0,0,None,2019-02-02
P006612,23,F,Green Town,Medium,0,0,0,0,Private,2022-11-07
P006613,41,F,Johar Town,Medium,0,1,1,0,Government,2020-11-13
P006614,43,M,Defence,,0,0,0,0,Government,2021-08-07
P006615,72,F,Shalimar,Medium,0,1,0,0,Private,2020-05-18
P006616,52,M,Garden Town,Medium,0,0,0,0,Private,2021-06-19
P006617,43,F,Shalimar,Medium,0,0,0,0,Government,2021-05-27
P006618,41,M,Township Colony,Low,0,0,0,0,Private,2021-09-23
P006619,62,F,Johar Town,Low,0,1,0,0,None,2021-05-20
P006620,31,F,Green Town,High,1,0,0,1,,2019-09-23
P006621,39,F,Defence,Low,0,0,0,0,Private,2024-02-26
P006622,22,M,Askari,Medium,0,0,0,0,None,2020-08-24
P006623,68,M,Valencia,,1,0,0,0,None,2019-01-02
P006624,49,F,,Low,0,0,0,0,None,2021-09-07
P006625,29,F,Bahria Town,Medium,0,0,0,0,,2020-10-30
P006626,40,F,Samanabad,,0,0,0,0,None,2023-08-01
P006627,51,M,Green Town,Medium,1,0,0,0,None,2021-03-01
P006628,37,F,Bahria Town,Low,0,0,0,0,None,2024-04-21
P006629,32,M,Green Town,Medium,0,0,0,0,Government,2020-10-14
P006630,30,F,Shalimar,Medium,0,0,0,0,Government,2020-08-17
P006631,48,M,Defence,Low,1,0,0,0,None,2019-07-17
P006632,36,M,Township,Medium,0,0,0,0,None,2019-12-11
P006633,34,F,EME Society,High,0,0,0,0,None,2020-10-29
P006634,18,F,Township,Low,0,0,0,0,None,2021-03-11
P006635,43,M,Green Town,Medium,0,0,0,0,None,2020-07-20
P006636,39,F,,Medium,0,0,0,0,Government,2021-03-17
P006637,36,M,Township,Medium,0,0,0,0,None,2019-05-21
P006638,46,M,EME Society,,0,1,0,0,None,2021-09-19
P006639,55,F,Township Sector,Low,0,1,0,0,Government,2019-07-08
P006640,55,M,Bahria Town,,1,0,0,0,None,2022-09-02
P006641,52,F,Township Sector,Low,0,0,0,4,None,2020-05-31
P006642,38,M,Iqbal Town,Low,0,0,0,3,None,2021-07-15
P006643,32,F,EME Society,High,0,0,0,1,Private,2021-11-26
P006644,23,F,Gulberg,Low,0,0,0,0,None,2020-07-10
P006645,31,F,Shalimar,Medium,1,0,0,0,None,2019-12-30
P006646,42,F,Model Town,Low,0,1,0,0,,2019-06-27
P006647,28,F,Shalimar,Medium,1,0,0,0,Private,2024-07-27
P006648,44,F,Township Colony,Medium,0,0,0,2,None,2023-10-26
P006649,25,M,Shalimar,High,0,0,0,0,None,2019-04-02
P006650,12,F,Cantt,,0,0,0,1,,2023-06-07
P006651,57,F,Valencia,Medium,1,0,0,4,None,2021-08-30
P006652,33,F,Model Town,Low,1,1,0,2,None,2024-02-17
P006653,27,F,Askari,High,0,0,0,0,Government,2021-04-11
P006654,22,F,Township Colony,Low,0,0,0,4,None,2020-02-19
P006655,50,F,Faisal Town,Low,0,0,0,0,None,2023-07-26
P006656,67,M,Gulberg,Medium,0,0,0,0,Government,2024-02-05
P006657,35,M,Cantt,,0,0,0,0,None,2019-02-27
P006658,38,M,Wapda Town,Low,0,0,0,0,,2024-06-01
P006659,61,F,Valencia,High,0,0,0,0,Government,2021-03-08
P006660,9,M,Valencia,Low,0,1,0,0,Government,2024-01-26
P006661,77,M,Township,Low,1,1,0,0,None,2022-08-11
P006662,86,M,Township Sector,,0,0,0,0,None,2019-03-25
P006663,0,F,Johar Town,Low,0,0,0,0,None,2024-09-08
P006664,40,F,Model Town,High,0,0,0,0,Government,2021-01-28
P006665,29,F,Samanabad,Medium,0,0,0,0,Government,2019-10-19
P006666,37,F,Allama Iqbal Town,High,0,0,0,0,Government,2024-10-19
P006667,34,M,Valencia,High,1,0,0,0,Government,2021-02-01
P006668,57,F,Samanabad,,0,0,0,0,None,2022-03-25
P006669,40,F,Johar Town,Medium,0,0,0,2,,2021-12-15
P006670,26,,Shalimar,Medium,0,0,0,3,None,2023-08-13
P006671,39,F,Cantt,Medium,0,1,0,0,Government,2020-10-13
P006672,51,F,Iqbal Town,Medium,1,1,0,0,Government,2020-11-07
P006673,21,F,Township,Medium,0,0,0,0,None,2024-08-25
P006674,12,F,Valencia,Medium,0,0,0,0,None,2021-09-06
P006675,78,F,Model Town,Medium,0,0,0,0,Government,2020-01-11
P006676,30,F,Garden Town,Low,1,0,0,0,,2021-04-19
P006677,40,M,Defence,Medium,0,0,0,0,None,2021-06-12
P006678,35,M,Allama Iqbal Town,Medium,0,0,0,0,Private,2023-10-11
P006679,52,M,Johar Town,Medium,0,1,0,0,None,2019-09-19
P006680,74,F,Green Town,Medium,0,0,0,0,Private,2019-11-24
P006681,52,M,EME Society,Medium,0,1,0,0,None,2022-08-04
P006682,15,M,EME Society,,0,0,0,0,None,2021-10-04
P006683,17,F,Township,,0,0,0,0,None,2019-05-06
P006684,35,F,Township Sector,Low,0,0,0,0,Government,2024-04-26
P006685,37,M,Johar Town,Low,0,0,0,0,Government,2019-01-23
P006686,11,F,Iqbal Town,Low,0,0,0,0,None,2024-03-07
P006687,57,M,Johar Town,Low,1,0,0,0,Government,2022-09-24
P006688,22,F,Defence,Medium,0,0,0,0,None,2023-11-20
P006689,69,F,Faisal Town,Medium,0,0,0,0,None,2024-03-28
P006690,75,M,Garden Town,,1,1,0,0,Government,2019-08-20
P006691,38,M,EME Society,High,1,0,0,0,Government,2022-08-09
P006692,50,M,Gulberg,Low,0,1,0,0,Private,2022-06-24
P006693,20,M,Cantt,Medium,1,0,0,1,None,2021-07-28
P006694,53,M,Allama Iqbal Town,Medium,1,1,0,0,Private,2020-12-07
P006695,33,F,Bahria Town,,0,0,0,1,None,2022-10-31
P006696,22,M,Allama Iqbal Town,Low,0,0,0,0,None,2024-10-27
P006697,37,F,Garden Town,Low,0,1,0,0,Private,2024-12-05
P006698,34,F,Garden Town,Low,0,0,0,0,Government,2022-06-18
P006699,36,M,Johar Town,Medium,0,1,0,0,None,2021-11-16
P006700,59,F,,High,0,0,0,0,Private,2024-05-27
P006701,28,M,EME Society,Medium,0,0,1,0,Government,2020-01-17
P006702,73,F,EME Society,Medium,0,0,0,0,Private,2020-01-30
P006703,18,F,Wapda Town,Low,0,0,0,0,Private,2020-06-27
P006704,71,F,Garden Town,Medium,0,0,0,1,None,2023-12-16
P006705,24,M,Askari,High,0,0,0,0,None,2020-03-24
P006706,42,M,Askari,Medium,0,0,0,0,None,2021-06-27
P006707,33,F,Allama Iqbal Town,Medium,0,0,0,0,Government,2019-12-25
P006708,36,F,Garden Town,,0,0,1,0,Private,2021-11-29
P006709,56,F,Johar Town,Low,0,0,0,0,Government,2021-07-28
P006710,69,F,Defence,Low,0,0,0,0,None,2023-12-07
P006711,63,M,EME Society,Medium,1,0,0,1,None,2019-06-09
P006712,35,M,Allama Iqbal Town,Medium,0,0,0,0,Private,2020-03-12
P006713,45,F,Model Town,Low,1,1,0,0,Government,2023-05-26
P006714,28,F,Defence,,0,0,0,0,None,2019-12-23
P006715,24,M,Bahria Town,High,0,0,0,0,Government,2021-05-16
P006716,21,F,Garden Town,Medium,0,1,0,0,,2019-04-24
P006717,34,F,Garden Town,High,0,1,1,0,None,2022-09-30
P006718,46,M,Model Town,High,0,0,0,0,None,2022-03-28
P006719,8,F,Model Town,Low,0,0,0,0,Government,2022-02-15
P006720,41,F,Bahria Town,High,0,0,0,0,None,2023-03-10
P006721,69,,Cantt,Medium,0,1,0,0,,2020-12-16
P006722,62,M,,Low,0,0,0,3,None,2024-07-26
P006723,31,F,Wapda Town,Low,0,0,1,0,None,2024-09-25
P006724,17,M,Gulberg,Medium,0,0,0,0,Government,2023-08-10
P006725,50,F,Green Town,,0,0,0,0,Private,2024-06-10
P006726,0,F,EME Society,Medium,0,0,0,0,None,2022-09-16
P006727,62,M,Township,Medium,1,0,0,0,Private,2024-07-13
P006728,38,F,Valencia,Low,0,1,0,0,None,2022-01-18
P006729,75,F,Askari,High,0,0,0,0,Private,2023-09-29
P006730,11,F,Gulberg,Low,0,0,0,0,None,2021-09-27
P006731,59,M,Iqbal Town,Medium,0,0,0,0,None,2023-05-23
P006732,40,F,Defence,,1,1,0,0,None,2021-08-15
P006733,36,M,Allama Iqbal Town,Low,1,0,0,0,None,2021-01-09
P006734,17,F,Township Sector,High,0,0,0,0,Private,2023-10-31
P006735,53,F,,,0,0,0,0,None,2019-11-22
P006736,54,F,Gulberg,Medium,0,0,0,0,,2021-02-19
P006737,74,F,Bahria Town,Medium,1,0,0,0,None,2024-08-05
P006738,60,M,Wapda Town,High,0,0,0,1,None,2020-11-19
P006739,31,F,Johar Town,,0,0,0,1,,2022-05-17
P006740,24,M,Johar Town,Low,0,0,0,0,Private,2024-05-08
P006741,17,F,Township,Medium,0,0,0,0,None,2024-07-02
P006742,69,F,Garden Town,Medium,1,0,0,0,Government,2024-03-23
P006743,28,F,Defence,Medium,0,0,0,2,Government,2020-03-05
P006744,69,M,Township Colony,Medium,0,0,0,0,Government,2023-06-02
P006745,51,F,Wapda Town,Medium,0,0,0,0,None,2023-07-27
P006746,48,M,,Low,0,0,0,0,Private,2022-12-04
P006747,36,M,Gulberg,,0,0,0,0,Government,2023-10-22
P006748,54,M,Township Colony,Low,0,0,0,1,Government,2021-03-07
P006749,42,F,,Medium,0,1,0,0,None,2023-08-18
P006750,35,M,EME Society,Medium,1,0,0,0,Private,2023-08-06
P006751,55,F,Township Sector,,1,0,0,0,,2024-01-30
P006752,39,F,Township Colony,Medium,0,0,0,0,Private,2023-09-17
P006753,28,F,EME Society,Medium,0,0,0,2,None,2022-06-15
P006754,53,M,Township Sector,Low,0,0,0,0,Private,2022-01-11
P006755,41,F,EME Society,Medium,0,1,0,0,None,2022-07-14
P006756,51,M,EME Society,High,0,0,0,0,None,2021-04-29
P006757,34,,Iqbal Town,,1,0,0,0,None,2024-11-11
P006758,20,F,Garden Town,Medium,0,0,0,0,Government,2019-09-17
P006759,73,F,Township Colony,Low,0,1,0,0,Private,2024-08-08
P006760,70,M,EME Society,Low,0,0,0,0,None,2022-06-21
P006761,58,F,Johar Town,Medium,0,1,0,0,Government,2020-09-02
P006762,35,F,Johar Town,Medium,0,0,0,0,None,2022-02-14
P006763,37,F,Bahria Town,Medium,0,0,0,0,Private,2019-09-16
P006764,67,M,Allama Iqbal Town,High,0,0,0,4,None,2022-10-27
P006765,36,F,Faisal Town,Medium,0,0,0,0,Private,2024-11-14
P006766,31,F,Samanabad,,0,1,1,0,None,2019-01-30
P006767,76,F,Johar Town,Low,1,0,0,2,Government,2021-12-24
P006768,41,F,Defence,Low,1,0,0,0,None,2022-09-29
P006769,74,M,Township Sector,Medium,0,1,0,3,Government,2022-08-07
P006770,17,F,Iqbal Town,Medium,0,1,0,0,Government,2023-12-07
P006771,51,M,Gulberg,Medium,0,0,0,0,Government,2023-04-05
P006772,79,M,,Medium,1,0,0,0,None,2022-07-13
P006773,43,F,Township,Low,0,0,0,1,None,2024-08-26
P006774,37,M,Cantt,Low,0,0,0,0,Private,2021-09-16
P006775,21,M,EME Society,Medium,0,0,0,0,Government,2020-05-23
P006776,61,M,Model Town,High,1,0,0,0,None,2024-12-20
P006777,28,M,Samanabad,Medium,1,0,0,0,,2023-06-21
P006778,40,F,Iqbal Town,High,0,0,0,1,Government,2022-09-06
P006779,20,M,Wapda Town,Medium,0,0,0,0,Government,2021-01-24
P006780,70,F,Iqbal Town,Low,0,0,0,0,Government,2023-10-14
P006781,63,M,Township,Medium,1,1,0,0,None,2019-07-11
P006782,41,F,Garden Town,Medium,0,0,1,1,None,2020-05-01
P006783,21,M,Garden Town,Medium,0,0,0,0,,2024-05-26
P006784,70,M,Johar Town,,0,0,1,0,None,2020-02-29
P006785,35,M,Model Town,Medium,0,0,0,1,None,2019-03-02
P006786,22,F,Bahria Town,Low,0,0,0,0,Government,2024-07-15
P006787,10,M,EME Society,Low,0,0,0,0,Government,2021-01-28
P006788,30,M,Township,Low,1,0,0,0,Government,2024-07-23
P006789,16,M,Garden Town,Medium,0,0,0,0,Private,2019-01-06
P006790,31,M,Cantt,High,1,0,0,0,Government,2019-10-08
P006791,55,M,Faisal Town,Low,1,0,0,0,,2022-03-26
P006792,35,M,Gulberg,Low,0,0,0,0,Government,2024-10-11
P006793,48,F,Cantt,Medium,0,1,1,0,None,2021-09-17
P006794,29,F,Township Colony,High,0,0,0,0,Private,2023-05-16
P006795,43,M,Green Town,Medium,1,0,0,0,None,2019-01-18
P006796,77,,Township,,1,0,0,4,None,2020-10-16
P006797,36,F,Askari,Medium,0,0,0,0,None,2022-01-27
P006798,49,F,Iqbal Town,Medium,0,0,0,0,Private,2020-04-22
P006799,14,F,Green Town,High,0,0,0,0,Private,2020-02-25
P006800,69,M,Garden Town,Low,0,1,0,0,Government,2022-11-27
P006801,33,M,Green Town,,0,1,0,0,Government,2020-06-18
P006802,61,M,EME Society,Medium,1,0,0,0,Government,2019-08-02
P006803,40,F,Township,Medium,0,1,0,0,Government,2020-03-31
P006804,53,F,,Low,0,0,0,0,None,2023-04-06
P006805,54,M,Garden Town,High,0,0,0,0,None,2022-08-05
P006806,34,F,Bahria Town,Medium,0,0,0,0,Private,2023-12-06
P006807,62,F,Valencia,Low,0,1,0,0,None,2019-04-03
P006808,28,F,Garden Town,Medium,0,1,0,0,Private,2022-01-19
P006809,56,M,Bahria Town,Low,1,0,0,0,None,2024-08-19
P006810,35,F,Wapda Town,Low,0,0,0,0,None,2023-12-14
P006811,48,F,Valencia,Low,1,0,0,0,Government,2022-08-25
P006812,34,F,Cantt,Low,1,0,0,0,Private,2023-01-17
P006813,43,M,Allama Iqbal Town,Medium,0,1,0,0,None,2019-06-30
P006814,23,F,Township Colony,,0,0,0,0,Government,2022-06-21
P006815,46,F,Township,,0,0,0,0,Private,2019-08-04
P006816,43,F,Township Colony,Medium,0,0,0,0,Private,2021-07-23
P006817,32,F,Cantt,Low,0,0,0,0,None,2020-11-29
P006818,41,M,Garden Town,Medium,0,0,0,0,Government,2022-11-29
P006819,44,M,Township Sector,Medium,0,1,0,0,Private,2023-09-05
P006820,31,F,Defence,Medium,0,0,0,0,Government,2024-11-03
P006821,40,M,Allama Iqbal Town,Low,0,0,0,0,Government,2024-10-22
P006822,24,F,Garden Town,High,0,0,0,0,,2019-09-16
P006823,84,M,Shalimar,Medium,1,1,0,0,Government,2019-03-25
P006824,61,F,Township Colony,High,1,1,1,0,None,2020-01-05
P006825,47,F,Wapda Town,Medium,1,0,0,0,Government,2023-10-31
P006826,63,M,Green Town,Medium,1,0,0,0,None,2022-12-23
P006827,6,M,Garden Town,High,0,0,0,0,Private,2022-08-22
P006828,0,M,Bahria Town,High,0,0,0,1,Government,2024-11-26
P006829,35,M,Shalimar,Medium,0,0,0,0,Government,2021-11-01
P006830,17,M,Model Town,High,0,0,0,0,None,2021-12-30
P006831,38,M,EME Society,High,1,1,0,0,Government,2023-03-21
P006832,46,F,Model Town,Medium,1,0,0,0,Private,2021-05-17
P006833,59,F,Wapda Town,Low,1,0,0,4,None,2020-01-21
P006834,22,,Valencia,Medium,0,0,0,0,Government,2024-10-04
P006835,49,M,Gulberg,Medium,0,0,0,0,None,2024-10-28
P006836,42,,Wapda Town,Medium,0,0,0,4,Private,2020-09-02
P006837,48,F,Askari,Medium,1,0,0,0,Government,2019-10-13
P006838,33,F,Township,Medium,0,1,0,0,None,2020-12-21
P006839,67,F,Shalimar,High,1,1,0,3,Private,2021-04-29
P006840,40,M,Township,Medium,1,1,0,1,Government,2021-07-13
P006841,74,F,Faisal Town,Low,0,1,0,0,None,2024-11-07
P006842,28,M,Iqbal Town,,0,0,0,0,None,2022-02-11
P006843,55,F,Samanabad,Low,1,0,0,0,Private,2023-10-14
P006844,41,F,EME Society,Low,0,0,0,0,None,2019-04-29
P006845,36,M,Model Town,Medium,0,1,0,0,Government,2019-12-26
P006846,53,F,Cantt,High,0,0,0,0,Government,2021-05-31
P006847,37,M,Bahria Town,Low,0,0,0,1,Government,2019-07-06
P006848,0,F,Bahria Town,Low,1,0,1,0,None,2022-06-30
P006849,0,F,Township Colony,Medium,0,0,0,2,Government,2020-05-31
P006850,65,M,Allama Iqbal Town,Medium,0,0,0,0,None,2019-09-28
P006851,64,M,,,1,0,0,0,Government,2019-09-15
P006852,76,F,Samanabad,Medium,0,0,0,1,Private,2021-10-06
P006853,42,F,Shalimar,Medium,1,1,1,2,None,2020-12-14
P006854,19,M,,High,1,0,0,2,Government,2020-11-03
P006855,34,M,Shalimar,,0,0,0,0,Government,2020-11-06
P006856,42,M,Valencia,Medium,0,0,0,0,Government,2019-09-02
P006857,24,M,Township,Medium,0,0,0,0,Private,2019-09-17
P006858,72,F,,Low,0,0,0,0,Private,2024-06-29
P006859,82,,Wapda Town,Medium,0,0,0,0,Government,2019-08-18
P006860,51,M,Gulberg,Low,0,0,0,1,Government,2021-02-22
P006861,42,M,Gulberg,Low,0,0,0,0,None,2020-03-27
P006862,19,M,Defence,Low,0,0,0,0,Private,2021-12-15
P006863,70,M,Defence,Low,0,0,0,0,None,2023-06-17
P006864,43,M,,Medium,0,0,0,0,Government,2022-02-23
P006865,37,F,Garden Town,Medium,0,0,0,0,Government,2023-08-15
P006866,51,F,,,1,0,0,1,Private,2019-12-30
P006867,31,M,Iqbal Town,Medium,0,0,0,0,Government,2022-09-27
P006868,45,F,Township,Medium,0,0,0,0,Private,2022-05-25
P006869,16,F,Wapda Town,High,1,0,0,0,Private,2019-02-08
P006870,62,F,Township Sector,High,1,0,0,0,None,2020-06-22
P006871,40,M,Green Town,Low,0,0,0,0,Government,2022-02-11
P006872,63,M,,Medium,1,0,0,0,None,2022-08-18
P006873,38,M,Askari,Medium,0,1,1,0,None,2020-03-24
P006874,40,F,Township Colony,Medium,0,0,0,0,Private,2019-09-14
P006875,20,F,Model Town,Low,0,0,0,0,Private,2019-11-08
P006876,56,F,Wapda Town,Low,1,1,0,2,None,2023-10-01
P006877,26,M,Bahria Town,High,1,0,0,0,Government,2019-07-28
P006878,33,F,Model Town,Medium,0,0,0,0,None,2024-03-05
P006879,42,M,Faisal Town,Medium,0,0,0,0,Government,2019-12-03
P006880,44,M,Township Sector,High,0,0,0,1,None,2024-11-17
P006881,11,M,Township,Low,0,0,0,0,Private,2022-10-16
P006882,38,M,Valencia,,0,0,0,1,Private,2024-05-15
P006883,56,M,Samanabad,Medium,0,0,0,0,None,2021-09-16
P006884,35,M,Allama Iqbal Town,Medium,0,0,0,4,None,2022-12-25
P006885,38,F,Bahria Town,Low,0,0,0,0,Government,2021-01-29
P006886,45,F,EME Society,Low,1,0,0,0,None,2019-11-13
P006887,40,F,Bahria Town,Low,0,0,0,0,None,2023-05-31
P006888,23,F,Faisal Town,Low,0,0,0,1,,2019-07-11
P006889,41,M,Township Sector,Low,0,1,0,2,Government,2021-07-12
P006890,60,F,Shalimar,Low,0,0,0,0,None,2019-06-23
P006891,23,M,Iqbal Town,Medium,0,0,0,0,None,2022-02-04
P006892,35,F,Iqbal Town,High,0,0,0,0,Government,2024-01-14
P006893,17,M,Cantt,Low,0,0,0,1,Government,2020-01-28
P006894,59,F,Cantt,Low,1,0,0,0,Government,2023-08-03
P006895,40,F,Defence,Medium,1,1,0,0,None,2020-11-08
P006896,27,F,Bahria Town,Medium,0,0,0,0,None,2020-05-02
P006897,44,M,Model Town,Medium,0,1,0,0,Private,2024-05-27
P006898,20,F,Model Town,High,0,0,0,2,None,2020-06-01
P006899,23,M,Faisal Town,Low,0,0,0,0,Government,2022-06-18
P006900,16,M,Gulberg,Medium,0,0,0,0,Private,2019-07-31
P006901,23,M,Shalimar,High,0,0,0,0,Government,2019-11-25
P006902,66,M,Shalimar,Medium,0,0,0,0,None,2024-10-29
P006903,29,M,Bahria Town,Medium,0,0,0,0,Government,2021-07-29
P006904,50,M,EME Society,High,0,1,0,0,None,2020-07-04
P006905,27,F,Garden Town,Low,0,0,0,0,None,2024-03-31
P006906,56,M,Township,Low,1,0,0,0,None,2024-01-31
P006907,24,F,Model Town,Low,0,0,0,2,Private,2020-06-24
P006908,43,M,Cantt,Medium,0,0,0,0,Private,2023-08-03
P006909,43,F,Township Colony,High,1,0,0,0,,2020-08-21
P006910,84,F,Gulberg,Low,0,1,0,3,Government,2023-10-23
P006911,53,M,Gulberg,Medium,0,0,0,0,None,2020-10-16
P006912,31,F,Cantt,Medium,0,0,0,0,Government,2022-10-08
P006913,54,F,Green Town,Low,0,0,0,0,Private,2024-10-22
P006914,80,F,Iqbal Town,High,1,0,0,0,Government,2020-04-11
P006915,13,M,Allama Iqbal Town,Medium,0,0,0,0,None,2020-04-16
P006916,27,F,Garden Town,High,0,0,0,0,Government,2020-04-27
P006917,38,F,Model Town,Medium,0,0,0,0,Government,2021-11-24
P006918,34,M,Green Town,Low,0,0,0,2,Government,2024-08-06
P006919,36,M,Model Town,Medium,0,0,0,0,Government,2024-01-19
P006920,19,F,Askari,Medium,0,0,0,0,None,2022-04-27
P006921,67,F,Shalimar,Low,1,1,0,1,Government,2021-11-02
P006922,16,F,Shalimar,Low,0,0,0,0,None,2023-01-08
P006923,38,M,EME Society,Medium,0,0,0,0,None,2024-01-09
P006924,61,F,Allama Iqbal Town,Medium,1,0,0,0,Government,2022-03-07
P006925,41,F,Shalimar,,0,0,0,0,Private,2022-02-19
P006926,24,F,Model Town,,0,0,0,0,Government,2021-01-20
P006927,18,M,Township,Medium,1,0,0,0,,2024-07-13
P006928,38,F,Township,,1,0,0,0,None,2023-03-23
P006929,28,M,Faisal Town,Low,0,0,0,0,Private,2022-10-05
P006930,46,F,Johar Town,Low,0,0,0,0,None,2024-02-26
P006931,17,M,Defence,Medium,0,0,0,1,,2022-10-17
P006932,57,M,Cantt,Medium,0,0,0,0,Government,2020-05-26
P006933,44,F,Allama Iqbal Town,Low,0,0,0,0,None,2023-03-01
P006934,45,F,EME Society,High,0,0,0,0,Private,2019-12-22
P006935,68,F,Green Town,Low,1,1,0,3,Private,2020-01-08
P006936,34,M,Wapda Town,High,0,1,0,0,,2019-05-25
P006937,29,F,EME Society,Low,0,0,0,0,Private,2019-10-22
P006938,32,M,Wapda Town,,0,0,1,1,None,2024-05-31
P006939,39,F,Wapda Town,Medium,0,0,0,0,None,2019-03-20
P006940,40,M,Bahria Town,,0,0,0,0,Private,2023-02-14
P006941,27,M,Samanabad,High,0,1,1,4,None,2024-05-07
P006942,6,F,Township,Low,0,0,0,0,None,2023-04-06
P006943,32,F,Wapda Town,Low,0,0,0,0,None,2020-06-29
P006944,48,M,Green Town,Low,1,0,0,2,None,2019-04-30
P006945,44,F,Askari,Medium,1,0,0,0,None,2021-09-30
P006946,64,M,Township,Medium,0,1,0,3,None,2021-05-22
P006947,77,M,Shalimar,,1,1,1,0,Government,2023-07-01
P006948,56,F,Allama Iqbal Town,,1,0,0,0,Government,2019-05-06
P006949,67,F,Samanabad,Medium,0,0,0,0,Private,2023-09-14
P006950,56,F,Gulberg,High,0,0,0,0,None,2023-02-17
P006951,73,F,,Medium,1,1,0,0,Government,2020-12-02
P006952,75,M,Johar Town,High,0,0,0,0,Government,2021-01-19
P006953,59,M,Township Colony,Medium,1,0,0,0,Private,2023-02-20
P006954,55,F,Township,High,0,0,1,0,Private,2024-11-17
P006955,38,M,Wapda Town,Medium,0,1,0,0,None,2021-02-07
P006956,41,F,Green Town,Low,0,1,0,4,Private,2023-04-28
P006957,36,M,Township Colony,Medium,0,0,0,0,None,2022-07-31
P006958,53,M,Bahria Town,,1,0,0,0,None,2019-11-09
P006959,29,F,EME Society,Low,0,0,0,0,None,2023-12-23
P006960,39,M,Allama Iqbal Town,Medium,0,0,0,4,None,2020-02-03
P006961,0,M,Samanabad,High,0,0,0,0,None,2019-07-14
P006962,73,F,Model Town,Medium,0,0,0,0,Private,2019-09-24
P006963,38,F,Shalimar,,0,0,0,0,None,2021-05-05
P006964,50,M,Samanabad,High,0,0,0,2,None,2020-06-30
P006965,68,F,Cantt,Medium,1,0,0,0,Private,2021-09-13
P006966,47,F,Garden Town,Low,0,1,0,0,Private,2024-10-27
P006967,68,F,Bahria Town,Low,1,0,0,0,None,2019-06-12
P006968,20,M,Samanabad,Low,0,0,0,0,Government,2024-11-27
P006969,85,F,Model Town,Medium,0,0,0,0,None,2020-11-25
P006970,62,F,Iqbal Town,Low,1,0,0,0,None,2020-09-20
P006971,46,F,Wapda Town,,0,0,0,2,Private,2019-06-27
P006972,68,F,Model Town,,1,0,0,0,Private,2020-06-18
P006973,21,M,Green Town,,0,0,0,0,Private,2024-11-10
P006974,37,F,EME Society,,0,0,0,1,Private,2020-07-15
P006975,68,M,Wapda Town,Medium,0,0,1,0,Government,2023-10-31
P006976,8,F,Garden Town,Medium,0,0,0,0,,2022-01-12
P006977,52,M,Iqbal Town,Low,0,0,0,0,Private,2019-03-16
P006978,52,F,,High,1,0,0,0,Government,2021-11-20
P006979,77,M,Township Colony,Low,1,0,0,1,Government,2019-07-11
P006980,14,F,Cantt,Low,0,0,0,0,None,2021-09-09
P006981,71,M,Township Colony,Low,0,0,0,0,None,2021-11-18
P006982,32,F,Defence,Low,0,0,0,0,None,2019-06-24
P006983,34,F,Johar Town,Low,0,0,0,0,None,2022-08-13
P006984,20,M,Wapda Town,Medium,0,1,0,0,Private,2020-07-19
P006985,22,F,Township Sector,Medium,0,0,0,0,None,2023-10-11
P006986,49,F,Cantt,Low,0,0,0,0,None,2021-09-21
P006987,22,M,Valencia,Medium,1,0,0,4,Private,2024-03-16
P006988,55,M,Johar Town,Medium,1,0,0,0,Government,2020-04-17
P006989,30,M,EME Society,,0,0,0,3,Government,2022-12-02
P006990,20,M,Cantt,Low,1,0,0,0,Government,2022-09-29
P006991,32,F,Iqbal Town,High,0,0,0,0,Government,2019-01-07
P006992,48,F,Samanabad,Medium,0,0,0,0,,2019-12-04
P006993,37,M,Township Sector,,0,0,0,1,None,2020-09-25
P006994,43,F,Green Town,Low,0,0,0,0,Government,2021-02-25
P006995,55,F,Defence,Medium,0,1,0,1,,2024-04-17
P006996,61,F,Allama Iqbal Town,Low,0,0,0,0,Private,2023-07-21
P006997,36,F,Township,Medium,0,0,0,0,Private,2020-03-19
P006998,23,F,Askari,Medium,0,0,1,0,None,2022-07-19
P006999,43,F,Wapda Town,Low,0,0,0,1,Government,2019-04-13
P007000,50,M,Township Sector,Low,0,0,0,0,Private,2024-06-21
P007001,16,M,Faisal Town,High,0,0,0,1,None,2023-02-18
P007002,26,M,Iqbal Town,Medium,0,0,0,0,Private,2020-09-23
P007003,29,F,Wapda Town,Medium,0,0,0,0,None,2023-01-14
P007004,38,F,Shalimar,High,1,0,0,0,Private,2019-01-23
P007005,28,M,Valencia,Low,0,1,0,0,Private,2020-07-24
P007006,55,F,Gulberg,Medium,0,0,0,1,Private,2022-01-13
P007007,13,F,Garden Town,Medium,0,0,0,0,None,2022-10-13
P007008,14,M,Defence,,0,0,0,2,None,2020-04-29
P007009,36,M,Samanabad,Low,0,0,0,0,Government,2022-06-24
P007010,39,F,Samanabad,High,0,0,0,0,Private,2019-09-27
P007011,16,M,EME Society,Low,0,1,0,0,None,2019-10-31
P007012,31,M,,Low,0,0,0,0,Private,2019-02-09
P007013,35,M,Township Sector,Medium,0,0,0,0,None,2023-08-01
P007014,35,F,Shalimar,Medium,0,0,0,0,Government,2022-07-08
P007015,45,M,Shalimar,Medium,0,0,0,4,Government,2020-04-25
P007016,30,M,Samanabad,Low,0,0,0,0,Private,2021-04-25
P007017,69,F,,Medium,1,1,0,0,Private,2023-09-17
P007018,51,M,Defence,Medium,0,0,0,4,,2020-12-09
P007019,27,M,Valencia,Medium,0,1,0,0,None,2020-08-08
P007020,44,F,Faisal Town,High,0,0,0,0,Government,2021-04-15
P007021,44,F,Johar Town,,0,0,0,0,Private,2020-04-20
P007022,64,F,Samanabad,Medium,1,0,0,0,Private,2023-07-30
P007023,31,M,Green Town,Medium,0,0,0,0,None,2024-04-04
P007024,56,F,Allama Iqbal Town,Medium,0,0,0,0,None,2020-05-23
P007025,43,F,,Medium,0,1,0,1,None,2024-07-09
P007026,69,F,Valencia,Low,1,0,0,2,Private,2022-01-21
P007027,65,M,Valencia,Medium,0,1,0,4,None,2022-12-07
P007028,46,M,Township,,1,0,0,0,None,2024-12-16
P007029,37,F,Askari,Medium,0,0,0,0,Government,2024-06-20
P007030,51,F,Valencia,Low,0,0,0,0,None,2019-04-20
P007031,39,F,Model Town,,1,0,0,3,Private,2019-09-06
P007032,72,F,Faisal Town,Low,0,0,0,0,None,2022-12-11
P007033,43,M,Wapda Town,,0,0,0,0,,2022-09-16
P007034,35,F,Gulberg,Low,1,0,0,2,Government,2023-02-04
P007035,34,M,Model Town,Low,0,0,0,0,Government,2020-01-07
P007036,20,M,Samanabad,Low,0,0,0,0,Government,2021-07-14
P007037,52,M,Iqbal Town,Low,1,1,0,0,Government,2021-11-22
P007038,27,F,Bahria Town,High,0,0,0,0,Private,2023-11-03
P007039,62,F,Iqbal Town,Medium,0,0,0,0,Government,2022-11-16
P007040,19,F,Johar Town,Low,0,1,0,0,Government,2023-01-10
P007041,44,M,Samanabad,,0,0,0,0,Private,2021-01-18
P007042,63,M,Iqbal Town,Medium,0,1,0,1,None,2023-04-09
P007043,3,M,Shalimar,Low,0,0,0,1,Government,2019-07-10
P007044,78,M,Valencia,Medium,1,1,0,0,None,2019-10-11
P007045,34,F,Wapda Town,Low,0,0,0,0,None,2021-07-24
P007046,45,M,Green Town,Medium,1,1,0,0,Private,2022-04-13
P007047,52,M,Model Town,Low,0,0,0,0,Government,2020-09-26
P007048,55,F,Township Colony,Medium,0,0,0,2,None,2020-01-02
P007049,47,M,,Low,0,0,0,0,None,2022-01-09
P007050,60,M,Township,Low,0,0,0,0,Government,2019-06-24
P007051,51,M,Township Colony,Medium,0,0,0,0,Private,2020-04-06
P007052,74,M,Wapda Town,Low,0,1,0,3,Government,2021-07-18
P007053,51,F,Allama Iqbal Town,Medium,1,0,0,0,None,2022-01-05
P007054,77,M,Valencia,Low,0,0,0,0,None,2019-08-05
P007055,58,F,,Medium,1,0,1,4,Private,2023-10-30
P007056,9,M,Township,Medium,0,0,0,0,None,2019-01-01
P007057,89,F,Wapda Town,Medium,1,1,0,0,None,2021-12-30
P007058,32,M,Faisal Town,,0,0,0,0,,2024-10-27
P007059,69,F,Cantt,High,0,0,0,0,Private,2024-05-18
P007060,42,F,Bahria Town,Low,0,0,0,0,Private,2024-04-04
P007061,61,F,Green Town,Medium,0,1,0,0,,2023-04-03
P007062,30,M,Garden Town,Medium,0,0,0,0,None,2020-02-12
P007063,53,F,Township Sector,Low,0,0,1,0,None,2022-10-16
P007064,37,F,Shalimar,,0,0,0,0,Private,2019-11-25
P007065,70,F,Faisal Town,High,0,0,0,0,None,2024-11-11
P007066,50,F,Township,Medium,0,1,0,0,None,2021-01-21
P007067,59,M,Township Colony,Low,1,1,0,0,Government,2019-04-11
P007068,3,F,Gulberg,Medium,0,0,1,0,None,2019-09-04
P007069,40,F,Iqbal Town,Low,0,0,0,0,None,2019-07-28
P007070,49,F,Allama Iqbal Town,Medium,0,0,0,0,None,2021-01-12
P007071,46,F,Askari,Medium,1,1,0,0,Private,2020-01-25
P007072,59,F,Samanabad,Low,0,1,0,0,None,2023-03-25
P007073,35,F,Gulberg,Low,0,0,0,0,Private,2023-03-11
P007074,43,F,Bahria Town,High,0,0,1,0,Private,2020-06-08
P007075,63,F,Garden Town,Low,0,0,0,0,None,2019-08-31
P007076,1,F,Township,,0,0,0,0,Government,2023-09-02
P007077,53,M,Wapda Town,Low,1,0,0,0,Government,2019-04-22
P007078,36,F,Township Colony,Medium,0,0,0,4,None,2024-07-14
P007079,26,M,Samanabad,Low,0,1,0,0,Government,2020-09-22
P007080,48,M,Samanabad,Medium,0,1,0,0,Private,2019-03-25
P007081,64,M,Model Town,Low,0,0,0,0,None,2023-04-12
P007082,61,F,Garden Town,Low,0,0,0,0,None,2022-03-29
P007083,40,M,Township Colony,Low,0,0,0,0,Government,2024-04-09
P007084,58,M,Samanabad,Low,0,0,0,0,None,2019-06-17
P007085,58,M,Township Sector,Medium,0,1,0,0,Private,2021-06-27
P007086,40,M,Township Colony,Low,0,0,0,0,Government,2022-04-21
P007087,30,F,Green Town,Medium,0,1,0,0,None,2020-11-29
P007088,31,M,Township,Medium,0,0,0,0,,2019-03-23
P007089,200,M,Iqbal Town,Low,1,0,0,0,None,2019-09-13
P007090,41,F,Iqbal Town,Low,0,1,0,0,None,2021-12-25
P007091,23,F,Township Sector,Medium,0,0,0,0,None,2022-03-29
P007092,12,M,Faisal Town,Low,0,0,0,1,None,2021-07-24
P007093,57,F,Valencia,Medium,1,0,0,0,None,2022-09-15
P007094,32,M,,Medium,0,0,0,0,Private,2024-09-28
P007095,48,F,Shalimar,Low,0,0,0,0,Private,2019-05-27
P007096,64,M,Johar Town,Medium,1,0,0,0,Private,2020-02-02
P007097,18,F,Allama Iqbal Town,Medium,0,0,0,0,None,2022-01-17
P007098,41,M,Bahria Town,Low,1,0,0,0,Private,2019-08-26
P007099,39,F,Garden Town,Medium,0,0,0,0,Government,2021-05-23
P007100,49,M,Bahria Town,Medium,1,0,0,1,Private,2019-06-09
P007101,64,F,Defence,Medium,0,1,0,0,None,2019-04-18
P007102,18,F,Samanabad,Medium,0,0,0,0,None,2019-11-02
P007103,52,F,Wapda Town,,0,0,0,0,Government,2019-09-03
P007104,61,F,Samanabad,Medium,1,0,0,0,None,2022-07-07
P007105,39,M,,,1,0,0,0,None,2022-07-05
P007106,40,F,Faisal Town,Medium,1,0,0,0,Private,2024-11-01
P007107,50,F,Gulberg,Medium,0,1,0,0,Government,2024-02-16
P007108,48,M,Iqbal Town,Medium,0,0,0,0,None,2022-07-28
P007109,52,F,EME Society,Medium,0,0,0,0,Government,2024-07-02
P007110,52,F,Township Sector,Low,0,0,0,0,None,2022-11-28
P007111,24,M,Wapda Town,Medium,0,0,0,1,Private,2024-08-10
P007112,60,F,Gulberg,Medium,0,0,0,0,None,2022-09-09
P007113,63,M,Township Colony,Low,0,0,0,0,None,2024-02-03
P007114,45,M,Allama Iqbal Town,Low,0,0,0,0,None,2020-01-20
P007115,15,F,Gulberg,Low,0,0,0,0,None,2024-11-01
P007116,40,M,Bahria Town,Medium,0,0,0,0,Government,2024-08-30
P007117,45,M,Model Town,Low,0,0,0,0,,2019-05-10
P007118,21,F,Green Town,High,0,0,0,0,Government,2024-12-12
P007119,36,M,Township Colony,High,0,0,0,0,None,2021-06-24
P007120,17,F,Cantt,High,0,1,1,0,None,2019-12-08
P007121,53,F,Model Town,Low,0,0,0,0,Government,2023-05-13
P007122,45,M,Samanabad,Medium,0,0,1,0,None,2020-06-28
P007123,12,F,,High,0,0,0,0,Private,2023-01-07
P007124,48,F,Johar Town,Medium,1,0,0,4,Government,2022-06-02
P007125,41,F,Iqbal Town,Low,0,0,0,0,None,2022-12-24
P007126,51,M,Iqbal Town,High,0,0,0,0,None,2024-07-05
P007127,35,M,Defence,Medium,1,0,1,0,Government,2023-03-22
P007128,28,F,Allama Iqbal Town,Medium,1,0,0,0,None,2022-06-26
P007129,28,F,Faisal Town,High,0,0,0,0,Government,2020-07-29
P007130,32,M,Garden Town,High,0,0,0,0,Government,2021-04-06
P007131,42,F,Garden Town,,0,0,0,0,None,2019-12-03
P007132,45,F,Township Sector,Low,0,1,0,4,Private,2021-04-12
P007133,39,F,Township Sector,Medium,0,1,0,0,Private,2019-01-30
P007134,34,M,Garden Town,Medium,0,0,0,1,Government,2021-05-26
P007135,36,F,Valencia,Medium,0,0,0,0,,2019-02-01
P007136,87,M,Garden Town,Medium,0,1,0,0,Private,2024-07-31
P007137,28,M,Gulberg,Medium,1,0,0,0,None,2020-07-10
P007138,32,F,EME Society,Medium,0,1,0,0,None,2023-08-16
P007139,95,M,Township Sector,High,0,0,0,0,,2019-11-13
P007140,50,F,Cantt,High,0,0,0,0,None,2023-10-20
P007141,17,F,Faisal Town,Medium,1,0,0,0,None,2019-02-20
P007142,57,M,EME Society,Medium,1,0,0,0,Private,2019-04-05
P007143,26,F,Cantt,Medium,0,0,0,2,Government,2020-09-14
P007144,58,M,Faisal Town,,0,1,0,0,Government,2020-11-08
P007145,38,M,Allama Iqbal Town,Low,0,0,0,0,None,2023-11-05
P007146,34,F,Township,Medium,0,0,0,0,Private,2023-09-13
P007147,71,M,Cantt,Medium,0,0,1,0,None,2022-02-19
P007148,52,F,Township Sector,Medium,1,1,0,0,Private,2019-09-17
P007149,60,F,Bahria Town,High,1,0,0,0,None,2023-10-27
P007150,50,F,Gulberg,High,0,1,0,0,Government,2020-07-26
P007151,34,M,Township,Medium,0,0,0,0,Private,2023-01-02
P007152,53,F,Model Town,High,1,0,0,0,None,2023-12-08
P007153,64,F,Faisal Town,Medium,1,1,0,0,None,2020-06-24
P007154,44,F,Defence,High,0,0,0,0,Private,2022-05-08
P007155,74,F,Garden Town,High,0,0,0,3,None,2023-06-21
P007156,57,F,Askari,Medium,0,0,0,0,None,2022-04-06
P007157,46,M,Iqbal Town,Low,0,1,0,0,None,2021-05-07
P007158,47,M,Samanabad,Low,0,1,0,0,None,2020-10-08
P007159,44,M,Johar Town,Medium,1,0,0,0,Government,2023-01-31
P007160,19,F,Gulberg,Medium,0,0,0,0,Government,2019-07-22
P007161,40,F,Wapda Town,Medium,0,0,0,0,None,2022-05-13
P007162,46,F,Model Town,Medium,0,0,0,1,None,2024-03-09
P007163,35,F,EME Society,,1,0,0,2,None,2020-05-08
P007164,48,M,Township,Low,0,0,0,0,Government,2020-02-02
P007165,42,F,Cantt,Low,0,0,1,0,Government,2022-06-15
P007166,56,M,Iqbal Town,Medium,0,1,0,0,None,2022-02-27
P007167,54,F,Cantt,,0,1,0,0,None,2019-11-22
P007168,45,M,Defence,High,0,0,0,0,None,2022-07-21
P007169,17,M,Green Town,High,0,0,0,0,Government,2019-06-24
P007170,74,M,,Medium,0,0,0,0,None,2021-11-10
P007171,39,M,Faisal Town,Medium,0,0,0,0,None,2019-05-22
P007172,41,M,Valencia,High,0,0,0,0,Private,2023-11-17
P007173,36,M,,High,0,0,0,3,Government,2024-10-22
P007174,33,F,Allama Iqbal Town,Medium,0,0,0,0,Government,2019-01-11
P007175,70,F,Defence,High,1,1,0,0,,2022-11-03
P007176,67,M,Iqbal Town,Medium,0,0,0,0,None,2021-03-04
P007177,50,F,Township Sector,Low,0,0,0,0,Government,2019-08-13
P007178,40,M,Iqbal Town,Medium,0,0,0,0,Government,2023-03-14
P007179,53,F,Cantt,,0,0,0,1,None,2024-04-07
P007180,43,M,Defence,High,0,0,0,0,None,2019-04-16
P007181,39,F,Askari,Low,0,1,0,0,None,2019-11-13
P007182,48,M,Township,Medium,1,0,0,0,None,2024-07-09
P007183,34,F,EME Society,Medium,0,0,0,0,Private,2019-02-21
P007184,47,F,Faisal Town,High,0,1,0,0,Government,2021-04-09
P007185,46,M,Valencia,Medium,0,0,0,0,Private,2024-06-20
P007186,53,F,Green Town,Low,0,0,0,0,Government,2022-07-27
P007187,31,F,Valencia,High,0,0,0,0,None,2020-03-03
P007188,55,M,Allama Iqbal Town,Medium,1,1,0,1,None,2019-01-21
P007189,26,M,Garden Town,High,1,0,0,0,Private,2022-02-22
P007190,32,F,Wapda Town,High,1,0,0,0,Private,2022-03-27
P007191,32,M,Defence,Low,0,1,0,0,None,2022-01-20
P007192,23,F,Johar Town,High,0,0,0,0,None,2020-03-28
P007193,60,F,Faisal Town,Medium,0,0,0,0,None,2024-09-23
P007194,25,M,Shalimar,High,0,0,0,0,None,2021-01-05
P007195,29,F,Gulberg,Low,0,0,0,0,,2024-06-29
P007196,65,F,Green Town,Medium,0,0,0,0,Private,2024-08-15
P007197,32,F,Township Colony,Low,0,0,1,0,Government,2020-03-21
P007198,39,M,Defence,Low,1,0,0,0,Government,2023-04-22
P007199,24,F,Defence,High,0,0,0,4,Private,2021-10-30
P007200,57,F,Valencia,Low,1,0,0,0,None,2022-11-15
P007201,57,M,,Low,0,0,0,3,Government,2022-04-07
P007202,55,M,Model Town,High,1,1,0,0,Private,2024-12-05
P007203,52,F,Model Town,Medium,0,0,0,0,Private,2022-08-01
P007204,43,M,Allama Iqbal Town,Medium,0,1,0,0,None,2020-01-27
P007205,33,F,Johar Town,High,0,1,0,0,None,2024-01-28
P007206,27,F,Model Town,Medium,0,0,1,1,,2019-05-14
P007207,65,F,Faisal Town,Low,0,0,0,0,Government,2023-04-20
P007208,56,F,Samanabad,Medium,1,1,0,0,None,2023-08-11
P007209,30,M,Township Colony,Medium,0,0,0,0,None,2022-03-22
P007210,43,F,Bahria Town,Low,1,0,0,0,Government,2019-02-20
P007211,37,M,Iqbal Town,Medium,0,0,0,0,,2020-12-31
P007212,22,F,Askari,Low,0,1,0,0,Government,2023-09-03
P007213,45,F,Cantt,Low,1,0,0,0,Private,2024-02-16
P007214,35,F,Samanabad,Low,0,0,0,0,Government,2022-01-13
P007215,25,F,Bahria Town,High,1,1,0,1,Private,2021-10-23
P007216,15,M,Samanabad,Low,0,0,0,0,Government,2020-05-11
P007217,14,M,Green Town,Low,0,0,0,1,None,2021-10-23
P007218,35,M,Shalimar,High,0,0,0,0,Private,2022-11-03
P007219,40,M,Allama Iqbal Town,Medium,0,1,0,0,None,2024-08-24
P007220,26,F,Defence,,0,0,0,0,None,2021-12-18
P007221,54,F,,High,0,0,0,0,None,2019-06-14
P007222,41,F,Allama Iqbal Town,Medium,0,0,0,0,None,2020-02-19
P007223,52,M,Samanabad,Medium,0,0,0,0,None,2021-12-14
P007224,39,F,Model Town,Low,1,0,0,0,None,2023-10-31
P007225,28,F,Garden Town,Low,1,0,0,0,Private,2022-07-28
P007226,150,M,Shalimar,Low,0,0,0,0,,2020-09-25
P007227,19,F,Samanabad,Medium,0,0,0,0,,2024-08-27
P007228,52,F,Johar Town,Low,0,0,0,0,Government,2020-06-20
P007229,25,F,Gulberg,,0,0,0,0,Government,2019-02-15
P007230,59,F,Wapda Town,Low,0,1,0,0,None,2023-03-04
P007231,36,F,Allama Iqbal Town,,1,0,0,1,Private,2019-04-25
P007232,61,M,Faisal Town,Low,0,0,0,1,None,2021-07-07
P007233,22,M,Shalimar,Low,0,0,0,0,None,2019-11-27
P007234,30,F,Township Colony,Medium,0,1,0,0,Government,2021-01-22
P007235,49,M,EME Society,Medium,1,0,0,1,Private,2021-01-22
P007236,63,M,Samanabad,Medium,0,0,0,0,None,2022-05-11
P007237,72,M,,Medium,0,0,0,0,None,2024-11-06
P007238,43,M,Defence,,0,0,0,1,Government,2022-12-15
P007239,75,M,Defence,High,0,1,0,1,None,2019-11-23
P007240,37,F,Allama Iqbal Town,Medium,0,0,0,0,Government,2019-09-30
P007241,62,F,Valencia,Medium,0,0,0,1,Private,2021-01-15
P007242,25,F,Model Town,Low,0,0,0,0,None,2024-05-14
P007243,50,F,Garden Town,Medium,0,0,0,1,None,2021-08-17
P007244,0,M,Iqbal Town,,1,0,0,0,None,2021-03-26
P007245,22,M,Johar Town,Low,0,0,0,0,Government,2020-07-26
P007246,50,F,Faisal Town,Medium,1,0,0,0,Private,2020-03-03
P007247,18,M,Cantt,Medium,0,0,0,0,Government,2021-12-20
P007248,50,M,Township Sector,Low,1,0,0,0,None,2019-10-11
P007249,58,F,EME Society,High,1,0,0,0,None,2021-10-24
P007250,33,M,Green Town,Low,0,0,0,0,,2024-05-23
P007251,25,F,Johar Town,,0,0,0,1,None,2019-10-24
P007252,33,F,Green Town,Medium,0,0,0,0,Private,2019-05-20
P007253,25,F,Askari,,1,0,0,1,Private,2020-01-20
P007254,40,M,Model Town,Low,0,0,0,0,None,2023-04-01
P007255,44,F,Samanabad,Medium,0,0,0,0,None,2019-04-28
P007256,36,F,Defence,Medium,0,0,1,1,None,2019-02-14
P007257,72,M,Wapda Town,,1,1,0,0,None,2019-07-11
P007258,29,M,Valencia,Medium,0,0,0,0,None,2024-04-08
P007259,67,F,Township Colony,Low,1,0,0,0,None,2019-01-03
P007260,23,F,Iqbal Town,Medium,0,0,0,0,None,2024-06-16
P007261,43,M,Model Town,High,1,0,0,0,Government,2022-07-31
P007262,63,M,Garden Town,,0,0,0,0,None,2020-08-08
P007263,62,F,Model Town,High,0,1,0,0,Private,2024-05-25
P007264,34,F,Township Colony,Medium,0,0,0,2,Government,2019-05-17
P007265,52,F,Township,Medium,1,0,0,0,Government,2020-02-27
P007266,50,M,Model Town,Medium,0,0,0,0,None,2019-03-27
P007267,32,M,Bahria Town,Low,0,0,0,0,None,2020-09-25
P007268,53,M,Faisal Town,Low,0,0,0,0,Private,2024-09-29
P007269,76,F,Allama Iqbal Town,Medium,1,1,1,0,Private,2022-04-19
P007270,50,M,EME Society,,0,1,0,0,None,2022-11-05
P007271,52,F,Allama Iqbal Town,Medium,0,0,0,0,None,2020-04-17
P007272,54,M,Samanabad,,1,0,0,0,Government,2024-09-17
P007273,16,F,Iqbal Town,,0,0,1,1,Government,2024-08-25
P007274,50,F,Green Town,Medium,0,0,0,0,Government,2021-11-18
P007275,24,F,Township Colony,Medium,0,0,0,0,None,2021-09-22
P007276,31,F,Samanabad,Low,0,0,0,0,Private,2023-10-23
P007277,81,F,Township Sector,Low,1,0,0,0,None,2021-08-15
P007278,37,M,Township,Medium,0,0,0,0,Private,2024-09-08
P007279,29,M,Cantt,Low,0,0,0,0,None,2020-10-08
P007280,63,,Valencia,Medium,0,0,0,0,Private,2020-07-03
P007281,25,F,Cantt,Medium,0,0,0,0,Private,2020-03-11
P007282,34,F,Township Sector,Low,0,0,0,0,Private,2019-07-16
P007283,64,M,EME Society,Medium,0,0,0,0,None,2024-03-29
P007284,43,F,Green Town,Low,0,0,0,0,Private,2020-09-06
P007285,14,F,Iqbal Town,Low,0,0,0,0,Government,2022-02-02
P007286,52,F,Wapda Town,,1,1,0,0,Government,2022-04-15
P007287,35,F,Faisal Town,Medium,1,0,0,0,Private,2019-10-05
P007288,70,M,Askari,,0,1,0,0,Private,2023-03-04
P007289,31,F,Allama Iqbal Town,Low,0,0,0,1,None,2019-12-17
P007290,61,F,Township,Low,0,0,0,0,Government,2024-11-06
P007291,74,M,Bahria Town,High,0,1,0,0,,2021-12-06
P007292,27,F,Iqbal Town,Medium,0,0,0,0,None,2023-09-15
P007293,39,M,Township Sector,Medium,1,0,0,0,None,2022-04-11
P007294,49,F,,Low,0,1,0,0,Government,2019-07-11
P007295,27,M,Johar Town,High,0,0,0,0,Government,2023-10-25
P007296,47,M,Township Colony,Medium,0,0,0,0,Government,2024-07-09
P007297,38,F,Gulberg,Low,0,0,0,0,None,2022-04-01
P007298,38,M,Askari,Medium,0,1,0,0,None,2024-01-25
P007299,43,F,Johar Town,Medium,1,1,0,0,None,2020-11-30
P007300,43,F,Township Colony,Medium,0,0,0,0,Government,2020-04-16
P007301,45,M,Township Sector,Low,0,0,0,0,None,2023-06-02
P007302,31,M,Faisal Town,,0,0,0,0,Private,2024-05-08
P007303,32,F,Shalimar,Medium,0,0,0,0,None,2020-10-01
P007304,40,F,Valencia,Medium,0,0,0,0,Government,2020-05-12
P007305,41,F,Bahria Town,Medium,0,0,0,0,Government,2020-05-08
P007306,34,M,Samanabad,Medium,1,0,0,4,Government,2022-02-22
P007307,48,M,Iqbal Town,Low,1,1,0,2,Private,2023-01-12
P007308,9,F,Allama Iqbal Town,Medium,0,0,0,0,None,2023-08-12
P007309,29,M,Garden Town,Medium,1,0,0,0,Government,2019-11-18
P007310,37,F,Allama Iqbal Town,Medium,0,0,0,2,None,2019-07-29
P007311,27,M,Samanabad,High,0,0,0,1,Government,2023-04-14
P007312,71,M,Samanabad,Medium,0,0,0,0,,2023-03-30
P007313,42,M,Defence,Medium,0,1,0,0,None,2021-06-25
P007314,45,F,EME Society,Medium,1,0,0,0,Private,2022-02-07
P007315,33,F,Model Town,Low,0,0,0,0,None,2020-01-13
P007316,42,F,Faisal Town,High,0,0,0,0,Private,2022-01-21
P007317,20,M,Askari,Medium,0,0,0,0,Government,2020-11-18
P007318,39,M,Valencia,,0,0,0,0,None,2022-09-17
P007319,25,F,Samanabad,,1,0,0,2,None,2024-10-10
P007320,37,F,Model Town,Medium,1,0,0,2,None,2019-06-15
P007321,0,F,Iqbal Town,Low,0,0,0,0,None,2024-06-27
P007322,22,M,Model Town,Medium,0,0,0,4,Government,2019-10-06
P007323,68,M,Garden Town,,0,0,0,0,None,2020-01-04
P007324,57,F,Allama Iqbal Town,High,1,0,0,0,None,2020-01-22
P007325,66,M,Allama Iqbal Town,Medium,0,0,0,0,Government,2019-02-15
P007326,67,F,Township Sector,Medium,0,1,0,0,None,2019-11-29
P007327,54,M,Allama Iqbal Town,Medium,1,0,0,0,None,2023-10-04
P007328,34,F,Green Town,Low,1,0,0,3,None,2021-09-10
P007329,23,F,Green Town,Low,0,1,0,0,Private,2021-08-13
P007330,63,M,Iqbal Town,,1,1,0,1,None,2022-08-07
P007331,43,M,Township,Medium,0,0,0,0,,2020-04-27
P007332,87,F,Defence,Medium,1,1,0,0,,2019-10-21
P007333,35,M,Iqbal Town,High,0,1,0,0,Government,2021-02-21
P007334,78,F,Askari,,1,1,0,0,Private,2023-06-20
P007335,39,F,Shalimar,High,0,0,1,4,Government,2019-12-09
P007336,66,M,EME Society,,1,0,0,0,Private,2024-02-02
P007337,73,M,Garden Town,Low,0,1,0,0,None,2019-01-21
P007338,24,F,Township Colony,Medium,1,0,0,1,Government,2019-07-31
P007339,33,M,Garden Town,Low,0,0,0,0,None,2020-12-22
P007340,23,M,EME Society,Medium,0,0,0,0,Government,2020-01-04
P007341,20,F,Valencia,Low,0,0,0,0,Private,2021-08-10
P007342,54,F,Wapda Town,Low,1,1,0,0,None,2021-03-19
P007343,38,F,EME Society,Medium,0,0,0,0,None,2022-01-03
P007344,43,M,EME Society,Medium,0,0,0,0,,2022-12-09
P007345,52,M,Township,Low,0,1,0,0,None,2020-04-16
P007346,9,F,Bahria Town,Medium,0,0,0,0,None,2019-07-07
P007347,65,F,Johar Town,Low,0,1,0,0,Government,2019-04-21
P007348,36,F,Green Town,Medium,0,1,0,2,Government,2021-01-30
P007349,52,F,Cantt,Medium,0,0,0,0,Government,2023-10-11
P007350,53,M,Garden Town,Low,0,0,0,0,Government,2024-12-09
P007351,67,F,Iqbal Town,High,0,0,0,0,Government,2023-09-07
P007352,40,F,Faisal Town,,1,0,0,0,None,2022-02-13
P007353,4,F,Cantt,Low,0,0,1,0,Government,2022-02-06
P007354,43,M,Garden Town,Medium,0,0,0,2,None,2020-01-15
P007355,46,M,Model Town,Medium,0,0,0,0,Private,2020-11-01
P007356,23,M,Township Sector,Low,0,0,0,0,Private,2022-09-01
P007357,45,F,Faisal Town,Low,1,0,0,0,None,2019-02-19
P007358,36,M,Bahria Town,Medium,1,0,0,0,None,2021-02-19
P007359,18,M,Gulberg,Medium,0,0,0,0,Government,2022-11-26
P007360,54,M,Johar Town,Low,1,0,0,0,Government,2024-05-02
P007361,32,M,Iqbal Town,Medium,0,0,0,2,Private,2024-01-30
P007362,35,M,Allama Iqbal Town,Low,1,0,0,0,None,2024-09-12
P007363,34,F,,Low,1,0,0,0,None,2022-11-05
P007364,64,F,Township Colony,Medium,0,0,0,1,None,2020-05-30
P007365,41,M,Iqbal Town,Low,1,0,0,0,None,2020-05-04
P007366,43,F,Samanabad,Low,0,1,0,0,,2024-07-05
P007367,34,M,Iqbal Town,Low,0,0,0,0,Government,2023-02-21
P007368,50,M,Johar Town,Medium,1,0,0,0,None,2023-08-27
P007369,66,M,Askari,Medium,0,1,0,0,Private,2022-01-09
P007370,54,M,Samanabad,Medium,0,0,0,1,Government,2019-12-07
P007371,54,M,,Medium,0,0,0,0,,2022-07-18
P007372,53,M,Johar Town,Medium,0,0,0,0,Government,2023-12-15
P007373,17,F,Allama Iqbal Town,Low,0,0,0,0,Government,2020-06-18
P007374,26,F,Township,Low,1,1,0,0,Government,2020-01-25
P007375,38,F,Iqbal Town,Low,1,0,0,0,Government,2021-09-11
P007376,29,F,Gulberg,Medium,1,0,0,0,Government,2019-01-22
P007377,23,M,Bahria Town,Low,0,0,0,0,None,2019-07-31
P007378,8,F,Wapda Town,,1,0,0,0,Government,2023-08-31
P007379,18,M,Model Town,Medium,0,0,0,0,None,2024-03-06
P007380,37,F,Township,Medium,0,0,0,0,Private,2021-01-28
P007381,41,F,Askari,Medium,0,0,0,0,Private,2019-06-02
P007382,28,M,Defence,Medium,0,0,0,4,None,2024-07-11
P007383,43,F,,Low,0,0,0,0,Government,2024-06-28
P007384,34,M,Township,Medium,0,0,0,0,Private,2021-08-27
P007385,62,F,Township Sector,,1,0,0,0,None,2024-08-31
P007386,39,F,Samanabad,,0,0,0,0,Private,2022-08-29
P007387,55,F,Township Sector,Medium,1,0,0,0,,2023-01-22
P007388,46,M,Iqbal Town,Medium,0,0,0,0,Private,2023-06-22
P007389,17,F,Model Town,Low,0,0,0,0,,2020-07-05
P007390,40,M,Johar Town,High,0,0,0,1,None,2024-01-24
P007391,20,M,Bahria Town,Medium,1,0,0,0,Government,2019-12-02
P007392,40,F,Askari,,0,0,0,0,Government,2020-01-24
P007393,29,F,Samanabad,Medium,0,1,0,0,None,2019-08-27
P007394,49,F,Township Sector,Medium,1,0,0,0,Government,2020-03-23
P007395,18,M,Township Colony,Low,0,1,0,3,None,2023-08-23
P007396,42,F,Valencia,Medium,1,0,0,3,Government,2024-04-28
P007397,52,F,Faisal Town,Medium,0,1,0,0,Private,2019-09-09
P007398,58,F,,Low,0,0,0,0,None,2020-10-01
P007399,28,F,Township Colony,High,0,0,0,0,Government,2020-06-08
P007400,42,M,Allama Iqbal Town,High,0,0,0,2,None,2022-10-27
P007401,45,F,Cantt,Low,0,0,0,0,None,2024-02-22
P007402,70,F,Valencia,Medium,1,1,0,0,Private,2019-06-05
P007403,15,F,Johar Town,High,1,0,0,0,Private,2021-01-11
P007404,26,M,Shalimar,Medium,0,0,0,0,Government,2023-01-02
P007405,92,M,Green Town,High,0,1,0,0,Private,2024-06-05
P007406,37,F,Askari,,0,0,0,0,,2020-02-12
P007407,8,F,Samanabad,Medium,0,0,0,0,,2022-01-19
P007408,32,M,Defence,Medium,0,0,0,0,None,2023-10-14
P007409,0,F,Samanabad,Low,0,0,0,0,,2023-12-31
P007410,46,,Iqbal Town,Medium,0,0,0,2,Private,2023-06-13
P007411,57,F,Township Colony,Low,1,0,0,0,Government,2023-08-18
P007412,26,F,Township,Low,0,1,0,0,Government,2022-07-11
P007413,34,F,Township,Low,0,1,0,0,None,2019-03-02
P007414,59,F,Faisal Town,Low,0,0,0,0,Government,2019-11-26
P007415,10,M,Shalimar,Low,0,1,0,0,None,2023-10-30
P007416,18,F,Township Colony,,0,0,0,1,Government,2020-08-03
P007417,38,F,Township,Low,0,0,0,0,None,2023-03-13
P007418,28,F,Bahria Town,Low,0,0,0,0,Private,2019-04-03
P007419,37,F,Township Sector,Low,1,1,0,0,,2022-08-01
P007420,19,M,Askari,Medium,1,0,0,0,Government,2020-11-20
P007421,46,M,Wapda Town,Low,0,0,1,0,None,2022-07-12
P007422,39,M,Township Colony,Medium,1,0,0,0,Private,2021-04-13
P007423,52,,Wapda Town,Low,0,0,0,0,Government,2023-07-06
P007424,46,F,Samanabad,,0,0,0,0,,2021-10-15
P007425,46,F,Township Colony,Medium,0,0,0,0,None,2023-09-11
P007426,16,M,Bahria Town,Medium,0,0,0,0,Government,2024-12-22
P007427,51,F,Green Town,Medium,1,0,0,0,Private,2021-07-09
P007428,36,F,Township Colony,Medium,1,0,0,0,Government,2023-05-08
P007429,39,M,Wapda Town,Low,1,1,0,0,Private,2021-10-06
P007430,61,F,Township,Low,0,0,0,0,None,2021-05-10
P007431,29,F,Model Town,Medium,0,0,0,3,Government,2023-02-24
P007432,66,F,Gulberg,Low,0,0,0,0,Government,2024-01-27
P007433,68,M,Township Colony,Medium,0,1,0,2,None,2020-11-12
P007434,56,M,,Medium,1,0,0,0,None,2021-03-13
P007435,24,F,Shalimar,Low,1,0,0,4,None,2021-06-22
P007436,3,M,Bahria Town,Low,0,0,0,0,Government,2021-03-04
P007437,61,F,Township,Low,1,0,0,0,None,2020-02-28
P007438,44,F,Valencia,Medium,0,1,0,0,None,2019-05-20
P007439,29,M,Shalimar,High,1,0,0,0,Government,2020-09-24
P007440,63,M,Bahria Town,Low,1,0,0,3,Private,2023-05-30
P007441,26,M,Gulberg,High,0,0,0,2,Private,2024-07-13
P007442,34,M,Valencia,,0,0,0,0,None,2020-03-19
P007443,51,F,Defence,Low,0,0,0,0,None,2021-06-01
P007444,22,F,Gulberg,Medium,0,0,0,0,None,2020-05-29
P007445,40,F,Township,High,0,0,0,0,None,2024-02-22
P007446,62,F,Green Town,,1,0,0,0,Private,2021-01-28
P007447,46,F,Samanabad,,1,0,0,0,Government,2019-09-14
P007448,64,F,Gulberg,,1,0,0,0,Private,2023-12-06
P007449,62,F,Green Town,High,0,1,0,0,None,2019-12-12
P007450,42,M,Green Town,Medium,0,0,0,1,None,2024-02-28
P007451,0,F,Shalimar,,0,0,0,0,Government,2022-03-28
P007452,22,F,Defence,Medium,0,0,1,0,None,2022-04-21
P007453,56,M,Gulberg,Medium,0,1,1,0,,2021-11-05
P007454,14,M,EME Society,High,1,0,0,0,Private,2024-07-20
P007455,36,F,Valencia,Medium,1,0,0,0,Private,2020-02-07
P007456,48,M,Valencia,Low,1,1,0,0,Private,2021-07-24
P007457,68,M,Wapda Town,High,0,0,0,0,None,2019-05-18
P007458,32,M,Garden Town,Medium,0,1,0,0,Private,2022-08-17
P007459,30,F,Model Town,Medium,0,0,0,0,None,2022-10-23
P007460,41,F,Gulberg,,0,0,0,3,Government,2024-07-28
P007461,48,M,Bahria Town,,1,0,0,0,Private,2022-12-07
P007462,39,F,Samanabad,,0,0,1,0,None,2022-02-15
P007463,61,M,Cantt,Low,0,1,0,0,None,2023-02-09
P007464,28,M,Samanabad,High,1,0,0,0,None,2021-10-06
P007465,44,M,Cantt,Medium,0,0,0,0,Government,2024-09-10
P007466,50,M,Garden Town,Medium,0,0,0,0,Private,2019-03-05
P007467,35,M,Township Colony,Low,1,0,0,0,Private,2021-02-16
P007468,57,M,Samanabad,,1,0,0,0,,2024-04-12
P007469,45,M,Township Colony,Low,1,0,0,0,Private,2022-12-22
P007470,56,F,Township Colony,Low,0,0,0,0,Private,2020-02-18
P007471,45,M,Samanabad,High,0,1,0,0,Government,2023-06-02
P007472,49,M,Township Colony,Medium,0,0,0,0,Government,2021-09-27
P007473,31,M,Bahria Town,High,0,0,0,0,Private,2022-09-01
P007474,31,F,Askari,Medium,0,0,0,0,Government,2023-10-05
P007475,64,F,Defence,Low,0,1,0,0,Private,2023-06-27
P007476,53,M,Defence,Medium,0,0,0,1,None,2022-01-27
P007477,24,F,Johar Town,High,0,0,0,0,Private,2023-10-08
P007478,45,M,Johar Town,Medium,0,1,0,0,None,2023-09-07
P007479,0,F,,Medium,0,0,0,0,Private,2022-03-15
P007480,32,F,Allama Iqbal Town,Low,1,0,0,0,Government,2024-01-07
P007481,59,F,Township Colony,Medium,0,0,1,0,None,2021-07-08
P007482,40,M,Township Colony,High,0,1,0,0,None,2024-02-17
P007483,44,F,Model Town,High,0,1,0,0,Private,2023-07-30
P007484,0,M,Cantt,Low,0,0,0,0,Government,2019-06-24
P007485,35,M,Cantt,Low,0,0,1,4,None,2021-09-14
P007486,48,M,Defence,Low,0,0,0,0,Private,2020-03-28
P007487,50,F,Gulberg,Low,0,0,0,0,Private,2020-04-13
P007488,59,F,Faisal Town,High,0,0,0,0,Government,2024-06-14
P007489,38,M,EME Society,Medium,0,1,0,1,Private,2023-10-19
P007490,39,F,Faisal Town,,0,0,0,0,None,2020-07-29
P007491,18,F,Faisal Town,Medium,0,0,0,0,Government,2022-09-19
P007492,38,M,Township Colony,Medium,0,1,0,0,Private,2023-03-28
P007493,19,F,Faisal Town,Low,0,0,0,0,Private,2019-12-14
P007494,9,F,Shalimar,High,0,0,0,0,Government,2022-03-04
P007495,22,M,Township Colony,Medium,1,0,0,0,None,2022-12-02
P007496,69,F,,Low,0,1,0,0,Government,2024-08-13
P007497,37,F,Askari,High,0,0,0,0,Government,2021-10-25
P007498,46,F,,Low,0,0,0,0,None,2020-07-13
P007499,33,M,Johar Town,High,0,0,0,0,None,2021-12-25
P007500,10,M,Gulberg,Medium,0,1,0,0,Government,2023-11-01
P007501,59,M,Samanabad,,1,0,0,0,,2019-12-21
P007502,3,M,Shalimar,Low,0,0,0,4,Government,2021-06-16
P007503,32,F,Garden Town,Medium,0,1,0,0,Government,2019-08-28
P007504,41,M,Shalimar,,1,0,0,0,Private,2020-06-10
P007505,46,F,Allama Iqbal Town,High,0,0,0,0,None,2019-07-21
P007506,29,M,Defence,High,0,0,0,0,None,2021-12-10
P007507,9,M,Gulberg,Low,1,0,0,0,None,2023-03-03
P007508,28,F,Township,Medium,0,0,0,0,,2022-03-30
P007509,29,M,Garden Town,Medium,0,0,0,1,Private,2019-09-06
P007510,28,M,Green Town,Low,1,0,0,0,,2019-08-30
P007511,59,F,Township Colony,,0,0,0,0,None,2021-09-10
P007512,20,M,Valencia,Medium,0,0,0,0,Private,2020-02-25
P007513,47,M,Iqbal Town,Medium,0,0,0,0,None,2019-11-27
P007514,45,F,,Low,0,0,0,0,Private,2024-06-14
P007515,59,F,Johar Town,Medium,0,1,0,0,None,2021-03-21
P007516,40,M,Wapda Town,High,1,0,0,0,Government,2022-12-28
P007517,56,F,Defence,Low,0,0,1,0,,2021-08-15
P007518,39,F,Township Colony,High,0,0,0,0,Private,2023-03-23
P007519,50,M,Wapda Town,High,0,1,0,2,Government,2021-01-15
P007520,15,M,Allama Iqbal Town,Low,0,0,0,0,Private,2021-02-14
P007521,0,F,Johar Town,Medium,0,0,0,0,None,2024-03-17
P007522,49,F,Township Colony,High,1,0,0,0,,2022-03-28
P007523,50,M,Askari,Medium,0,0,0,0,Government,2023-07-26
P007524,51,F,Defence,,0,0,0,0,None,2019-03-26
P007525,33,M,Faisal Town,Medium,0,1,0,0,None,2020-12-25
P007526,69,M,Bahria Town,Medium,0,0,0,0,Government,2019-11-10
P007527,34,F,Defence,Medium,0,0,0,0,Private,2019-03-21
P007528,50,M,Gulberg,Low,0,1,0,0,Government,2024-11-06
P007529,53,M,Allama Iqbal Town,Low,1,0,0,0,None,2023-11-09
P007530,73,M,EME Society,Medium,0,0,1,4,Private,2020-04-03
P007531,36,F,Shalimar,Medium,0,0,0,0,Government,2020-08-16
P007532,30,F,Shalimar,,0,0,0,2,Private,2021-12-11
P007533,15,M,Gulberg,Medium,0,0,0,0,None,2020-10-18
P007534,70,M,Model Town,Medium,1,0,0,0,Private,2024-07-30
P007535,50,M,Gulberg,Low,1,0,0,0,None,2021-11-20
P007536,50,F,Township Colony,High,0,0,0,0,None,2022-12-01
P007537,95,F,Allama Iqbal Town,High,0,1,0,0,Government,2023-03-20
P007538,48,F,Township Colony,Low,0,0,0,0,None,2019-12-30
P007539,19,M,Green Town,Low,0,0,0,0,None,2022-03-16
P007540,38,M,Bahria Town,High,0,1,1,4,Government,2021-09-10
P007541,24,M,Askari,,0,1,0,0,Private,2023-05-23
P007542,35,F,Samanabad,Medium,0,0,0,0,Private,2021-10-10
P007543,35,M,Allama Iqbal Town,Medium,0,0,0,0,Government,2019-05-06
P007544,31,F,Shalimar,High,1,0,0,0,None,2021-11-07
P007545,17,F,Wapda Town,Medium,0,0,0,0,Government,2024-01-25
P007546,71,F,Gulberg,Medium,0,1,0,0,Government,2024-01-17
P007547,47,F,Green Town,Medium,0,0,0,0,Private,2020-06-20
P007548,38,M,Shalimar,Low,0,0,0,0,None,2022-05-01
P007549,56,M,Valencia,Medium,0,0,0,0,None,2022-11-18
P007550,50,F,Bahria Town,High,0,0,0,0,Government,2023-08-05
P007551,47,F,Johar Town,Low,0,0,0,0,Government,2020-11-13
P007552,54,F,Green Town,Low,0,0,0,0,None,2021-03-10
P007553,44,M,Valencia,Low,1,1,0,0,Government,2024-03-25
P007554,54,F,Valencia,Low,1,0,0,0,Government,2023-03-04
P007555,56,F,Cantt,High,0,0,0,2,Government,2019-11-13
P007556,45,F,Green Town,Medium,0,0,0,0,None,2021-07-26
P007557,38,M,Bahria Town,Medium,0,0,0,0,None,2019-03-07
P007558,70,F,Township Sector,Low,1,0,0,0,Private,2023-08-08
P007559,33,F,Wapda Town,Low,1,0,0,0,None,2021-01-17
P007560,49,F,Model Town,Medium,1,0,0,0,None,2023-05-30
P007561,49,F,Allama Iqbal Town,Low,1,0,0,0,None,2024-08-30
P007562,31,F,Faisal Town,Low,1,0,0,0,Private,2021-01-15
P007563,27,F,,High,0,0,0,2,None,2024-12-07
P007564,36,M,Allama Iqbal Town,Medium,0,0,0,0,None,2021-02-19
P007565,33,F,Township Sector,Medium,0,0,0,0,Private,2020-12-17
P007566,16,F,Township,,0,0,0,0,Private,2023-12-08
P007567,30,M,Township Colony,Low,1,0,0,0,None,2019-04-20
P007568,47,F,Allama Iqbal Town,High,0,1,0,0,Government,2022-08-01
P007569,65,F,Gulberg,Medium,0,1,0,0,Private,2019-12-22
P007570,52,F,Township,Medium,0,1,1,0,Government,2022-09-10
P007571,0,F,Township Colony,Medium,0,0,0,0,Government,2020-08-27
P007572,54,F,Model Town,Low,0,1,0,0,Government,2024-09-30
P007573,32,M,,Medium,0,0,0,0,Private,2020-11-09
P007574,50,,Askari,Low,0,0,0,0,None,2020-05-04
P007575,42,M,Shalimar,Low,0,0,0,0,Government,2023-07-07
P007576,39,,Shalimar,Medium,0,1,1,0,None,2022-02-17
P007577,40,F,Askari,,0,1,0,0,None,2022-12-26
P007578,42,M,Askari,Low,0,0,0,0,Private,2020-03-04
P007579,66,F,Garden Town,Low,1,1,0,3,None,2020-08-02
P007580,42,F,Samanabad,Low,0,1,0,0,None,2020-06-08
P007581,62,M,,High,1,0,0,0,Private,2023-07-03
P007582,59,F,,High,1,0,0,0,Government,2022-08-26
P007583,54,M,Cantt,Low,1,0,0,0,,2020-12-17
P007584,10,M,Township Sector,Low,0,0,0,0,Government,2019-09-10
P007585,62,F,,High,0,0,0,2,Private,2022-08-19
P007586,34,F,Samanabad,Low,1,0,0,0,Government,2019-11-23
P007587,55,M,Wapda Town,Medium,0,0,0,1,None,2024-10-06
P007588,24,F,Garden Town,Low,0,1,0,0,Government,2020-06-17
P007589,21,F,Garden Town,Medium,0,0,0,0,None,2021-02-20
P007590,78,F,Cantt,Low,1,0,0,0,Private,2022-01-17
P007591,25,F,Model Town,Medium,1,0,0,0,None,2020-06-12
P007592,63,,Askari,Medium,1,0,1,2,Private,2024-10-01
P007593,44,F,Cantt,Low,1,0,0,0,None,2022-07-18
P007594,34,F,Defence,Medium,0,0,0,0,,2023-01-31
P007595,41,M,Township Colony,Medium,0,0,0,0,Private,2019-08-25
P007596,19,M,Shalimar,High,0,0,0,0,Private,2022-12-01
P007597,42,M,Johar Town,Medium,0,0,0,0,None,2023-08-23
P007598,23,M,Bahria Town,Low,0,0,0,0,None,2021-03-20
P007599,35,F,Garden Town,Medium,0,0,0,2,Government,2023-08-07
P007600,59,F,EME Society,,0,0,0,0,None,2019-07-15
P007601,47,M,Wapda Town,,0,0,0,0,Government,2022-11-11
P007602,15,F,Valencia,,0,1,0,0,None,2023-10-09
P007603,57,M,Johar Town,,1,0,0,0,None,2022-06-14
P007604,42,F,,Medium,0,1,0,0,None,2019-03-27
P007605,32,M,Valencia,Medium,1,0,0,0,Government,2021-10-28
P007606,55,M,Valencia,Low,0,0,0,0,Government,2023-06-07
P007607,39,M,Bahria Town,Medium,0,0,0,0,,2019-07-30
P007608,21,F,Shalimar,Medium,1,1,0,0,Government,2021-03-06
P007609,75,M,Gulberg,Medium,0,1,0,4,Government,2023-06-15
P007610,42,M,Johar Town,Medium,0,0,0,0,Government,2021-11-09
P007611,41,M,Green Town,Medium,1,1,1,0,Government,2021-09-18
P007612,35,M,Allama Iqbal Town,Medium,0,0,0,2,Government,2022-02-12
P007613,63,F,Bahria Town,,0,0,0,0,,2022-04-24
P007614,33,F,Township Colony,Medium,0,0,0,0,,2020-06-21
P007615,14,F,,Medium,0,0,0,0,Government,2019-08-06
P007616,30,M,Gulberg,Medium,0,0,0,1,None,2023-01-03
P007617,66,M,Gulberg,,1,0,0,0,None,2023-10-31
P007618,57,F,Bahria Town,Medium,0,0,0,0,Government,2020-09-03
P007619,37,M,Township Sector,Medium,0,0,0,0,Private,2020-09-25
P007620,67,F,Garden Town,Low,1,0,0,0,None,2019-11-16
P007621,55,M,Askari,Low,0,0,0,0,Private,2020-06-18
P007622,37,F,Cantt,Medium,0,0,0,0,None,2021-02-27
P007623,39,F,Wapda Town,Low,1,0,0,0,,2023-10-31
P007624,48,F,Samanabad,Medium,1,0,0,0,,2024-01-03
P007625,27,M,Defence,Low,0,0,0,0,None,2024-05-06
P007626,42,M,Garden Town,Medium,0,0,0,0,None,2021-06-30
P007627,48,F,Bahria Town,High,1,0,0,0,None,2019-12-03
P007628,12,F,Township Sector,High,0,0,0,0,None,2024-10-11
P007629,39,M,Model Town,High,0,0,0,1,None,2019-06-29
P007630,37,F,Defence,High,0,0,0,0,Government,2019-03-23
P007631,61,M,Cantt,Low,0,0,0,0,Government,2023-07-28
P007632,9,F,Cantt,Low,1,0,0,0,Government,2019-02-10
P007633,35,M,,Low,0,1,0,0,None,2022-04-22
P007634,33,M,EME Society,,0,0,0,0,,2024-05-16
P007635,59,F,Shalimar,High,0,0,0,2,,2024-08-22
P007636,41,M,Faisal Town,High,1,1,0,0,Government,2020-02-25
P007637,74,F,Allama Iqbal Town,Medium,0,0,1,0,Government,2020-01-07
P007638,54,M,Askari,High,1,0,0,0,Government,2020-04-19
P007639,35,M,Bahria Town,Medium,1,0,0,0,None,2021-09-16
P007640,46,F,Gulberg,,1,1,0,1,None,2023-09-09
P007641,36,M,Gulberg,Low,0,0,0,0,Government,2020-03-10
P007642,57,F,Bahria Town,High,1,0,0,0,None,2020-01-31
P007643,18,M,Valencia,Medium,0,0,0,0,Private,2021-07-10
P007644,27,M,Wapda Town,Low,1,0,0,0,None,2022-09-07
P007645,50,M,Wapda Town,Low,0,0,0,0,Government,2020-10-21
P007646,64,F,Faisal Town,Medium,0,1,0,2,Government,2019-04-08
P007647,2,M,Iqbal Town,Medium,0,0,0,0,Government,2024-08-17
P007648,67,F,Allama Iqbal Town,,1,0,0,2,None,2024-04-02
P007649,39,F,Gulberg,High,0,1,0,0,None,2021-10-31
P007650,8,M,Samanabad,Medium,0,0,0,0,Government,2022-06-04
P007651,0,F,Green Town,High,0,0,0,0,Private,2021-01-28
P007652,14,F,EME Society,Medium,0,0,0,0,None,2021-09-10
P007653,42,F,Faisal Town,Medium,0,0,0,0,Government,2023-09-15
P007654,41,M,EME Society,High,0,0,0,0,Government,2021-03-06
P007655,53,M,Bahria Town,,1,0,0,1,Government,2023-10-05
P007656,32,F,Bahria Town,Low,0,0,0,0,None,2020-11-15
P007657,22,F,Township,High,0,0,0,0,None,2020-05-03
P007658,35,M,Gulberg,Medium,1,0,0,0,Government,2020-08-01
P007659,43,F,Iqbal Town,Low,1,0,0,0,Government,2021-11-12
P007660,46,M,EME Society,Medium,0,1,0,0,Private,2024-11-05
P007661,28,M,Township Sector,Medium,0,1,0,0,Private,2022-12-05
P007662,58,M,Township,,1,1,0,0,Government,2020-10-30
P007663,31,F,Township,Medium,0,0,0,0,,2019-10-07
P007664,26,M,Township,,0,0,0,4,Government,2020-06-04
P007665,32,M,Johar Town,Low,1,0,0,0,Government,2021-05-10
P007666,61,F,Model Town,Medium,0,0,0,0,None,2021-09-29
P007667,40,M,Township Colony,Low,0,1,0,0,Private,2020-05-19
P007668,29,F,Shalimar,Medium,0,0,0,0,None,2020-07-17
P007669,59,M,Shalimar,Medium,1,0,0,0,None,2020-01-29
P007670,81,M,Iqbal Town,Low,0,1,0,1,Private,2020-08-17
P007671,46,F,EME Society,Low,0,0,0,3,None,2024-01-06
P007672,64,F,Model Town,Medium,0,1,0,3,Government,2020-08-04
P007673,61,F,Township Colony,High,1,0,0,0,None,2020-03-08
P007674,31,F,Askari,High,0,1,0,0,,2019-10-29
P007675,42,M,Township,Medium,0,1,0,0,None,2019-04-28
P007676,19,F,Township Sector,,1,0,0,2,Private,2024-04-26
P007677,38,M,Cantt,Medium,0,0,0,0,None,2023-07-10
P007678,31,F,Iqbal Town,Medium,0,0,0,0,Government,2020-02-08
P007679,35,M,Shalimar,Medium,0,0,1,0,Government,2020-07-02
P007680,29,M,Allama Iqbal Town,Medium,0,0,0,2,Government,2019-02-17
P007681,37,M,Samanabad,Medium,0,1,0,0,Government,2019-03-19
P007682,52,M,Wapda Town,Low,0,1,0,0,None,2023-08-30
P007683,40,M,Township,,0,0,0,0,None,2021-03-27
P007684,8,M,Cantt,Medium,1,0,0,0,None,2021-09-15
P007685,29,M,EME Society,Low,0,0,0,0,None,2023-09-13
P007686,15,F,Faisal Town,High,0,0,0,1,None,2021-02-14
P007687,46,F,Township Colony,Low,0,0,0,0,Government,2024-10-30
P007688,51,F,Johar Town,Low,0,0,0,0,Government,2022-03-13
P007689,47,M,Model Town,Low,1,0,0,1,Private,2020-02-09
P007690,28,M,Township,,0,0,0,0,Government,2022-05-04
P007691,46,M,Gulberg,Medium,0,0,0,0,None,2020-11-27
P007692,34,M,EME Society,Medium,0,0,0,0,Private,2021-04-22
P007693,22,F,Township,,0,0,0,0,None,2022-12-31
P007694,55,M,Johar Town,Low,0,0,0,0,Government,2024-02-08
P007695,57,F,Samanabad,Medium,0,0,1,0,None,2022-01-09
P007696,59,F,Township Colony,Medium,1,0,0,3,None,2024-01-20
P007697,31,M,Township Colony,Low,0,1,0,0,None,2021-04-10
P007698,63,F,Johar Town,,0,1,0,0,Private,2021-03-11
P007699,33,M,Township Sector,Medium,0,0,0,0,Private,2024-01-14
P007700,54,M,Faisal Town,Medium,1,1,0,1,None,2020-05-01
P007701,33,M,Valencia,Medium,0,0,0,0,None,2019-12-23
P007702,38,F,Samanabad,Medium,0,0,0,0,Government,2021-12-01
P007703,0,F,Allama Iqbal Town,Low,0,0,0,0,None,2019-09-17
P007704,37,F,,Medium,1,0,0,0,,2019-12-09
P007705,44,F,EME Society,Low,0,1,0,0,Private,2022-10-15
P007706,35,F,Johar Town,,0,0,0,1,None,2020-09-10
P007707,74,F,Allama Iqbal Town,Medium,1,0,0,0,Government,2019-09-28
P007708,21,M,,Medium,0,1,0,0,Government,2021-04-19
P007709,32,M,Green Town,High,0,0,0,0,Government,2024-01-31
P007710,26,M,Samanabad,Low,0,0,0,0,Government,2021-04-18
P007711,32,F,Model Town,Low,0,0,0,4,Government,2020-11-11
P007712,61,M,Iqbal Town,High,0,0,0,0,Government,2020-01-28
P007713,69,F,EME Society,Low,1,0,0,0,Private,2020-10-10
P007714,29,F,Samanabad,Medium,1,0,0,0,Private,2022-01-20
P007715,29,F,Bahria Town,Low,0,0,0,0,Government,2021-04-30
P007716,21,M,Valencia,Medium,0,0,1,0,Government,2022-09-06
P007717,66,M,Allama Iqbal Town,Medium,1,0,0,0,Government,2021-08-30
P007718,62,F,Defence,High,0,0,1,0,Government,2022-09-01
P007719,40,M,Iqbal Town,Medium,0,0,0,0,Government,2023-12-31
P007720,17,M,Valencia,Medium,0,0,0,3,Government,2023-10-23
P007721,18,F,Faisal Town,,0,0,0,0,Government,2024-11-25
P007722,45,M,Gulberg,High,0,0,0,0,None,2019-06-18
P007723,52,F,Samanabad,Low,1,0,0,0,Government,2020-07-13
P007724,5,,EME Society,Medium,0,0,0,0,Private,2019-12-10
P007725,36,M,Garden Town,Low,0,0,0,0,,2023-05-30
P007726,71,F,Township Colony,Low,1,0,0,0,Government,2021-08-14
P007727,38,M,Johar Town,,0,0,0,0,Government,2019-01-24
P007728,69,F,Shalimar,Medium,0,0,1,0,None,2021-11-23
P007729,54,M,Samanabad,High,1,0,0,3,Government,2022-04-10
P007730,22,M,Township Colony,Medium,0,1,0,0,Private,2020-03-25
P007731,37,M,Askari,Low,0,0,0,4,None,2020-11-27
P007732,40,M,Valencia,Low,0,0,0,0,None,2020-10-17
P007733,25,M,Johar Town,Low,0,0,0,0,None,2022-03-03
P007734,25,F,Gulberg,Low,0,0,0,0,Government,2019-12-16
P007735,69,F,Allama Iqbal Town,Medium,1,1,0,0,None,2021-10-31
P007736,24,M,Gulberg,Medium,0,0,0,3,Government,2022-04-03
P007737,61,F,EME Society,Low,0,0,0,0,Private,2022-03-08
P007738,34,F,Gulberg,Low,1,0,0,0,,2021-11-10
P007739,42,M,Shalimar,,0,0,0,0,Government,2023-05-20
P007740,52,F,Wapda Town,Medium,1,0,0,0,Private,2023-02-15
P007741,31,F,Samanabad,Low,0,0,0,0,None,2021-11-21
P007742,52,M,Samanabad,Low,0,0,0,0,Government,2022-10-12
P007743,5,M,,Medium,0,0,0,0,None,2019-07-23
P007744,50,M,Wapda Town,Low,0,1,0,0,None,2020-08-16
P007745,0,F,Askari,Low,0,0,0,0,Government,2020-05-19
P007746,38,F,Shalimar,Medium,0,0,0,2,Government,2023-07-23
P007747,57,M,Allama Iqbal Town,Low,1,1,0,0,Government,2021-06-19
P007748,53,F,Cantt,Low,1,0,0,0,Government,2019-11-29
P007749,19,M,Faisal Town,Low,0,0,0,0,Government,2022-07-26
P007750,21,F,Gulberg,Low,1,0,0,0,Private,2022-10-12
P007751,30,F,Township Sector,High,0,0,0,0,None,2024-02-19
P007752,45,F,Bahria Town,Medium,0,1,0,0,None,2022-09-19
P007753,5,F,Cantt,Medium,0,0,0,0,Government,2024-07-26
P007754,42,F,Township Colony,Medium,0,1,0,2,None,2020-05-30
P007755,48,M,Township Sector,Low,0,0,0,0,None,2021-11-29
P007756,37,M,Township,Medium,0,0,0,0,None,2020-03-03
P007757,51,F,Wapda Town,Low,0,0,0,0,Private,2021-07-15
P007758,46,M,Township,Medium,1,0,0,0,Private,2019-08-22
P007759,32,F,Samanabad,,0,0,0,0,None,2021-03-17
P007760,7,,Model Town,Low,0,0,0,0,Government,2022-09-20
P007761,44,M,Township Colony,Medium,1,0,0,0,,2020-11-30
P007762,25,M,Township Colony,Low,0,0,0,2,Government,2021-03-08
P007763,32,M,Iqbal Town,Low,1,0,0,0,,2022-06-30
P007764,51,F,Bahria Town,Low,0,0,0,0,None,2024-12-27
P007765,68,F,Askari,,1,0,0,0,Private,2020-02-24
P007766,41,M,Samanabad,Low,0,0,0,0,Government,2022-10-22
P007767,52,M,Samanabad,High,0,1,0,2,None,2024-09-03
P007768,16,M,Gulberg,Low,0,0,0,0,Private,2019-01-22
P007769,46,M,Allama Iqbal Town,Low,0,0,0,1,Government,2021-05-12
P007770,41,F,Defence,,0,1,0,0,None,2021-03-29
P007771,64,M,Township,Low,0,1,0,0,Government,2024-10-24
P007772,32,F,Allama Iqbal Town,,0,0,0,0,None,2019-02-01
P007773,38,F,EME Society,Low,0,0,0,0,None,2024-11-16
P007774,61,F,Samanabad,Low,0,0,0,0,Private,2022-10-04
P007775,40,M,Model Town,Low,1,0,0,0,Private,2019-03-03
P007776,22,F,Shalimar,Low,1,1,0,0,Government,2024-07-02
P007777,88,M,Gulberg,Medium,1,0,0,0,Private,2023-09-07
P007778,23,M,Bahria Town,High,0,0,0,0,Private,2023-06-20
P007779,41,F,Johar Town,Low,0,0,0,0,Government,2020-09-28
P007780,48,F,Township Colony,Medium,0,0,0,0,None,2020-08-04
P007781,47,M,Faisal Town,Medium,0,1,0,0,Private,2023-10-16
P007782,39,F,Garden Town,Medium,1,0,0,0,Government,2020-01-27
P007783,39,M,Township Sector,Medium,0,1,0,0,Government,2021-09-22
P007784,38,F,Township Colony,Medium,0,0,0,0,Government,2024-04-05
P007785,22,M,Township Colony,High,0,0,0,0,None,2024-10-05
P007786,81,F,Model Town,Low,1,1,0,0,Private,2019-09-19
P007787,38,F,Faisal Town,Medium,0,0,1,0,None,2023-07-22
P007788,53,M,Cantt,Medium,1,1,0,0,None,2023-04-04
P007789,36,F,Township Sector,,0,0,0,2,Government,2024-02-11
P007790,36,F,,Medium,1,0,0,0,Government,2020-06-19
P007791,34,F,Bahria Town,High,0,0,0,0,Private,2023-10-23
P007792,14,M,Township Sector,,0,0,0,0,Government,2020-10-22
P007793,39,M,Wapda Town,Medium,0,0,0,0,None,2021-06-18
P007794,35,F,Allama Iqbal Town,Medium,0,0,0,0,None,2019-04-13
P007795,63,F,Faisal Town,Medium,0,0,0,0,Private,2023-01-26
P007796,20,F,Wapda Town,Medium,0,0,0,0,None,2020-01-08
P007797,32,M,,Medium,0,0,0,0,None,2021-05-07
P007798,26,F,Gulberg,Low,0,0,0,0,Government,2019-03-28
P007799,68,M,Gulberg,High,0,0,0,0,Private,2022-04-11
P007800,26,F,Model Town,Medium,0,0,0,0,Private,2022-02-13
P007801,52,M,Township,Medium,0,1,0,0,Government,2023-01-05
P007802,59,M,Defence,Low,0,0,0,0,Government,2021-09-12
P007803,39,F,Model Town,Low,0,0,0,0,Government,2023-08-06
P007804,17,M,Valencia,Low,1,0,0,0,None,2022-03-12
P007805,17,F,EME Society,Low,0,0,0,0,None,2019-10-20
P007806,57,M,Iqbal Town,Medium,1,0,0,0,Government,2019-05-24
P007807,19,F,Green Town,High,0,0,0,0,,2020-02-20
P007808,49,F,Johar Town,Medium,0,1,0,1,None,2023-11-01
P007809,44,F,Gulberg,Medium,0,0,0,2,None,2021-06-22
P007810,49,F,Faisal Town,High,0,1,0,0,Government,2019-09-29
P007811,50,M,Iqbal Town,,1,0,0,0,None,2021-05-14
P007812,25,M,Defence,Medium,1,0,0,0,None,2023-12-27
P007813,24,F,Valencia,Medium,0,0,0,0,Government,2023-10-25
P007814,55,F,Township Colony,Medium,0,1,0,0,Private,2020-12-06
P007815,31,M,Iqbal Town,Medium,0,0,0,0,Government,2020-09-02
P007816,0,F,Township,Low,0,0,0,0,Government,2021-08-30
P007817,54,F,Allama Iqbal Town,Medium,0,0,0,0,Private,2020-10-12
P007818,23,M,Green Town,Medium,0,0,0,0,Government,2022-11-30
P007819,50,F,Iqbal Town,Low,0,0,0,0,None,2023-01-16
P007820,67,F,Shalimar,High,0,0,0,0,Private,2022-08-18
P007821,42,F,Gulberg,High,0,1,0,0,None,2024-02-08
P007822,60,F,Garden Town,,0,0,0,0,Private,2022-05-24
P007823,45,M,Township Colony,Low,0,0,0,0,None,2023-01-13
P007824,71,M,Wapda Town,Low,0,0,0,0,None,2021-05-26
P007825,23,M,Samanabad,Medium,0,0,0,0,Government,2020-05-27
P007826,42,F,Shalimar,Medium,0,0,0,0,,2021-11-16
P007827,54,M,Samanabad,Medium,0,0,0,0,Government,2022-11-01
P007828,39,M,Shalimar,Low,0,0,0,1,None,2019-05-24
P007829,63,M,EME Society,Low,0,0,0,0,None,2021-10-30
P007830,34,M,Gulberg,Low,0,1,0,0,Government,2019-12-21
P007831,79,M,EME Society,Medium,0,0,0,0,Government,2020-07-08
P007832,80,M,Green Town,Medium,0,0,1,0,None,2023-05-24
P007833,47,M,Green Town,Low,0,1,0,0,Private,2021-01-06
P007834,52,M,Faisal Town,Medium,0,0,0,0,Government,2023-01-12
P007835,63,F,Garden Town,High,0,0,0,0,Government,2022-03-02
P007836,21,M,Faisal Town,Medium,0,0,1,0,Government,2021-01-07
P007837,18,M,Valencia,Low,0,0,0,0,Government,2021-11-08
P007838,65,F,Cantt,Medium,0,1,0,0,None,2023-10-02
P007839,47,F,Township,High,1,0,0,3,Government,2022-04-30
P007840,38,F,,Low,0,0,0,0,None,2023-11-01
P007841,42,M,Gulberg,,0,0,0,0,None,2020-10-15
P007842,0,F,Faisal Town,,0,0,0,0,Government,2022-03-01
P007843,39,F,Bahria Town,Low,1,0,0,0,None,2020-11-08
P007844,28,F,Faisal Town,High,0,0,0,0,,2024-11-15
P007845,59,F,Cantt,Medium,0,0,0,0,None,2024-04-09
P007846,60,M,Defence,Low,1,0,0,0,Government,2020-08-06
P007847,52,F,EME Society,High,0,0,0,0,None,2020-02-29
P007848,49,F,Cantt,Medium,1,1,0,0,Private,2020-10-07
P007849,15,F,Faisal Town,Medium,0,0,0,0,Private,2019-05-17
P007850,53,M,Johar Town,Low,1,1,0,0,Private,2019-01-21
P007851,53,M,Township Colony,Medium,1,0,0,0,None,2019-03-03
P007852,64,F,EME Society,,0,0,0,0,Government,2019-11-25
P007853,80,F,Wapda Town,,1,0,0,0,Private,2023-02-12
P007854,12,M,Township,Low,0,1,0,0,None,2023-11-27
P007855,35,M,Wapda Town,High,0,1,0,2,None,2019-04-23
P007856,29,M,Township Colony,Medium,0,0,0,0,None,2022-10-10
P007857,45,F,Bahria Town,Low,0,0,0,0,Government,2022-06-27
P007858,42,M,Shalimar,Low,0,0,0,0,None,2020-02-21
P007859,38,M,Green Town,Medium,0,0,0,2,None,2022-12-06
P007860,60,F,Township Sector,Medium,0,0,0,0,Private,2023-01-23
P007861,22,M,EME Society,Low,0,1,0,0,Government,2024-09-25
P007862,23,M,Green Town,Low,0,0,0,2,Government,2019-12-25
P007863,24,M,Defence,Medium,0,0,0,0,Private,2019-03-19
P007864,36,M,Bahria Town,Medium,0,0,0,0,Government,2021-06-09
P007865,20,F,Johar Town,Low,0,0,0,0,Government,2023-03-20
P007866,41,F,Garden Town,Medium,0,0,0,0,None,2024-12-25
P007867,39,F,,Medium,1,0,0,0,None,2022-09-03
P007868,28,M,Gulberg,Low,1,0,0,0,None,2020-11-23
P007869,58,F,Garden Town,Low,0,0,0,0,Private,2020-05-15
P007870,41,F,Johar Town,,0,0,1,0,Private,2023-01-27
P007871,61,M,Cantt,High,0,0,0,0,,2023-03-13
P007872,38,F,Faisal Town,Low,0,0,0,0,None,2019-01-14
P007873,42,M,EME Society,High,0,0,0,1,None,2024-06-21
P007874,32,F,Shalimar,Medium,1,1,0,0,Government,2020-10-17
P007875,42,F,Samanabad,High,0,0,0,0,Private,2022-04-14
P007876,55,F,Valencia,High,0,1,0,2,None,2020-10-31
P007877,35,F,,,0,1,0,0,None,2020-11-27
P007878,51,F,Iqbal Town,Medium,1,0,0,0,None,2024-01-10
P007879,27,F,Township Sector,Low,0,0,0,0,Government,2022-01-06
P007880,56,M,Allama Iqbal Town,Medium,0,0,0,4,None,2020-01-09
P007881,32,F,Gulberg,Medium,0,0,0,0,None,2021-01-10
P007882,57,F,Bahria Town,Medium,1,1,0,1,None,2020-12-06
P007883,43,F,Bahria Town,Low,0,1,0,0,None,2023-07-17
P007884,69,F,Gulberg,High,0,0,0,0,None,2019-12-24
P007885,21,F,Shalimar,High,0,0,0,1,None,2021-05-07
P007886,15,F,Defence,Low,0,0,0,0,,2021-11-09
P007887,31,M,Valencia,Medium,0,0,0,0,Private,2019-08-22
P007888,17,M,Garden Town,Medium,0,0,0,0,Government,2020-08-18
P007889,17,M,Township Sector,Medium,0,1,0,1,Private,2022-05-08
P007890,53,M,Wapda Town,,0,0,0,0,Private,2020-01-26
P007891,42,F,Township Colony,Medium,0,1,0,0,None,2022-06-12
P007892,33,F,Iqbal Town,Low,0,0,0,0,None,2021-08-03
P007893,35,F,Garden Town,Medium,0,0,0,1,None,2024-03-09
P007894,31,M,Gulberg,Medium,0,0,0,1,None,2021-11-01
P007895,72,F,Valencia,Low,0,0,0,0,None,2021-12-06
P007896,29,F,Garden Town,Medium,0,0,0,0,,2020-11-07
P007897,18,M,Model Town,Medium,0,0,0,0,Government,2019-05-08
P007898,56,F,Valencia,Low,0,0,0,0,None,2024-10-18
P007899,38,F,Township Colony,,1,0,0,2,None,2020-08-29
P007900,79,M,Defence,Low,0,0,0,0,None,2019-11-15
P007901,33,F,Valencia,Medium,0,0,0,0,Government,2019-07-11
P007902,57,F,Allama Iqbal Town,Medium,0,0,0,0,None,2023-04-13
P007903,61,F,Faisal Town,Low,0,0,0,0,Government,2021-05-02
P007904,33,F,Samanabad,Medium,0,0,0,0,Government,2022-02-28
P007905,29,M,Township Sector,High,1,0,0,2,Government,2019-08-28
P007906,55,M,Wapda Town,,0,0,0,0,Government,2021-04-22
P007907,52,F,Shalimar,Medium,0,1,0,0,Government,2020-11-30
P007908,17,F,Gulberg,High,0,0,0,0,None,2023-01-16
P007909,22,F,Green Town,Low,0,0,0,0,None,2023-04-05
P007910,0,M,Green Town,,0,0,0,0,None,2019-12-03
P007911,53,F,Bahria Town,Low,0,0,0,0,None,2024-03-05
P007912,37,F,Wapda Town,Medium,0,0,0,0,None,2024-07-29
P007913,39,M,Bahria Town,Low,0,0,0,4,None,2019-07-11
P007914,12,M,,Medium,0,0,0,0,None,2023-12-30
P007915,22,M,Iqbal Town,Medium,1,0,0,1,None,2023-10-22
P007916,33,M,EME Society,Low,0,0,0,0,Government,2023-06-18
P007917,30,F,Shalimar,Medium,1,0,0,0,None,2024-12-25
P007918,44,M,Valencia,Low,0,0,0,0,Private,2024-09-29
P007919,53,M,Township Sector,Medium,1,0,0,0,Government,2021-03-29
P007920,83,F,Allama Iqbal Town,Low,1,1,0,0,Government,2024-08-22
P007921,42,F,Model Town,Low,1,0,0,0,Private,2020-01-05
P007922,62,F,Valencia,Low,1,0,0,0,None,2020-03-18
P007923,27,M,Township Sector,Medium,0,0,0,1,Private,2023-05-30
P007924,12,M,Johar Town,Low,0,0,0,0,None,2024-04-25
P007925,36,M,Defence,Medium,1,0,0,0,Government,2020-03-19
P007926,13,F,Township Sector,Medium,0,0,0,0,Government,2023-09-29
P007927,42,M,Faisal Town,,1,0,0,0,None,2023-09-16
P007928,28,F,Township,Low,1,0,0,0,Government,2021-08-07
P007929,7,F,Faisal Town,Medium,0,0,0,0,None,2024-03-26
P007930,73,M,EME Society,,1,0,0,1,Government,2022-03-09
P007931,32,M,Faisal Town,Medium,0,0,0,2,Government,2022-04-13
P007932,13,M,Faisal Town,Medium,0,1,0,2,Private,2022-05-15
P007933,58,F,Faisal Town,Medium,1,1,0,0,,2022-07-17
P007934,29,F,,Low,1,0,0,0,Government,2022-02-08
P007935,62,F,Gulberg,Medium,0,1,0,0,None,2024-06-14
P007936,29,F,Cantt,Medium,0,0,0,0,Government,2021-07-18
P007937,32,M,Gulberg,Low,0,0,0,0,None,2020-07-28
P007938,48,F,Township Sector,Medium,1,0,0,0,None,2022-09-25
P007939,53,F,Cantt,Low,0,1,0,0,Private,2021-11-10
P007940,56,F,Askari,High,0,1,0,0,Private,2023-12-09
P007941,40,M,Township,Medium,0,0,0,0,Government,2024-03-13
P007942,52,M,Township Sector,Low,0,0,0,1,,2024-09-18
P007943,55,F,Cantt,Low,0,0,0,1,Private,2024-02-13
P007944,46,F,Gulberg,Medium,1,1,0,0,Government,2022-12-29
P007945,39,M,Wapda Town,Medium,0,0,0,0,Government,2021-10-13
P007946,16,F,Model Town,Low,0,0,0,0,None,2024-09-04
P007947,53,F,Garden Town,Low,1,1,0,0,None,2021-05-08
P007948,43,F,Garden Town,Medium,0,0,0,0,Government,2024-10-08
P007949,35,M,Wapda Town,Low,0,0,0,0,None,2024-11-01
P007950,65,M,Faisal Town,Low,0,0,0,1,Private,2022-11-25
P007951,16,F,Garden Town,Medium,0,0,0,0,Government,2024-11-15
P007952,72,F,Shalimar,Medium,1,0,0,2,Private,2020-09-12
P007953,42,F,EME Society,Medium,1,0,0,0,None,2019-05-14
P007954,48,F,Township Colony,Low,0,0,0,0,None,2022-02-09
P007955,35,F,Defence,Medium,0,0,0,0,Private,2020-12-12
P007956,12,F,Shalimar,Medium,0,1,0,0,Private,2024-06-03
P007957,39,F,Defence,Medium,1,0,0,0,Private,2023-01-02
P007958,48,F,Cantt,High,0,0,0,0,Private,2019-10-06
P007959,54,F,,Low,0,0,0,0,Private,2022-09-03
P007960,38,F,Askari,Medium,0,1,0,0,Government,2023-06-15
P007961,3,M,Valencia,High,0,0,0,0,,2021-05-01
P007962,14,F,Green Town,Low,0,1,0,0,Private,2024-09-03
P007963,79,M,Township Colony,,1,1,0,1,None,2023-05-26
P007964,22,M,Shalimar,,0,1,0,0,None,2023-04-21
P007965,68,M,Shalimar,,0,0,0,0,None,2020-12-06
P007966,25,F,Valencia,Low,1,0,0,4,Government,2024-09-07
P007967,39,F,Bahria Town,Low,1,0,0,0,,2023-01-13
P007968,53,M,Township,High,1,0,0,0,None,2023-05-01
P007969,27,F,Township,High,0,0,0,0,None,2023-10-28
P007970,71,F,Allama Iqbal Town,Medium,1,0,0,4,,2024-11-30
P007971,43,F,Faisal Town,Low,0,0,0,0,Government,2023-02-17
P007972,50,M,Johar Town,Medium,1,0,0,0,Government,2024-10-05
P007973,37,M,,Medium,0,0,0,0,None,2020-06-16
P007974,54,F,Allama Iqbal Town,Low,0,0,0,0,None,2022-10-06
P007975,70,M,Garden Town,Low,0,0,0,0,None,2021-09-21
P007976,40,M,EME Society,Medium,0,0,0,4,Government,2022-08-07
P007977,73,F,Township Sector,Low,1,1,0,0,Private,2024-04-10
P007978,31,F,Green Town,Medium,1,1,0,0,Private,2024-05-18
P007979,56,F,Iqbal Town,,0,1,0,0,,2019-06-04
P007980,51,M,Johar Town,Low,1,0,0,0,Government,2023-08-15
P007981,23,M,Township,Low,0,1,0,0,None,2024-09-24
P007982,46,M,Valencia,Medium,0,0,0,0,Private,2022-08-02
P007983,42,M,,Medium,0,0,0,0,,2022-08-17
P007984,27,F,Johar Town,Low,0,0,0,0,Government,2023-04-13
P007985,48,M,EME Society,,0,0,0,0,None,2024-11-07
P007986,45,M,Wapda Town,Medium,0,0,0,0,None,2019-06-04
P007987,41,M,Valencia,Low,1,0,0,0,Private,2023-10-27
P007988,41,F,Shalimar,Low,0,0,0,0,None,2024-09-22
P007989,40,F,Defence,High,0,0,0,0,None,2019-02-21
P007990,35,F,Wapda Town,Medium,0,0,0,0,Private,2021-07-19
P007991,45,F,Defence,Low,1,0,0,3,Private,2023-03-22
P007992,30,M,Township,,1,0,0,0,Private,2019-07-16
P007993,90,M,Township Sector,Low,0,1,0,0,Government,2020-03-10
P007994,17,M,Shalimar,,0,0,0,0,Government,2021-04-09
P007995,31,F,Allama Iqbal Town,Medium,0,0,0,0,None,2024-08-04
P007996,33,F,Shalimar,Medium,0,1,0,0,Government,2022-01-30
P007997,79,F,Gulberg,Medium,1,0,0,0,None,2024-04-24
P007998,18,M,Garden Town,Medium,0,0,0,0,None,2024-12-22
P007999,50,M,Wapda Town,Low,1,0,0,0,Private,2022-09-14
P008000,46,F,Askari,High,0,0,0,0,None,2022-08-07
